station,date,frost_days,hot_days,rain_mm,heavy_rain_days,snow_days,windy_days
AIX EN PROVENCE TGV,2017-12,11,0,59.720,1,1.000,5
AIX EN PROVENCE TGV,2018-01,0,0,79.870,2,1.000,9
AIX EN PROVENCE TGV,2018-02,15,0,38.910,0,1.000,4
AIX EN PROVENCE TGV,2018-03,0,0,88.640,0,0.000,6
AIX EN PROVENCE TGV,2018-04,0,0,84.020,2,0.000,6
AIX EN PROVENCE TGV,2018-05,0,0,76.800,1,0.000,1
AIX EN PROVENCE TGV,2018-06,0,1,38.560,0,0.000,2
AIX EN PROVENCE TGV,2018-07,0,20,19.120,0,0.000,1
AIX EN PROVENCE TGV,2018-08,0,11,48.520,1,0.000,3
AIX EN PROVENCE TGV,2018-09,0,2,4.070,0,0.000,1
AIX EN PROVENCE TGV,2018-10,0,0,220.210,4,1.000,5
AIX EN PROVENCE TGV,2018-11,0,0,154.760,2,0.000,3
AIX EN PROVENCE TGV,2018-12,2,0,32.130,0,0.000,3
AIX EN PROVENCE TGV,2019-01,14,0,8.900,0,0.000,9
AIX EN PROVENCE TGV,2019-02,2,0,25.010,1,0.000,2
AIX EN PROVENCE TGV,2019-03,1,0,4.390,0,0.000,10
AIX EN PROVENCE TGV,2019-04,1,0,74.510,1,0.000,7
AIX EN PROVENCE TGV,2019-05,0,0,20.460,0,0.000,6
AIX EN PROVENCE TGV,2019-06,0,7,11.210,0,0.000,2
AIX EN PROVENCE TGV,2019-07,0,22,15.110,0,0.000,2
AIX EN PROVENCE TGV,2019-08,0,17,5.980,0,0.000,1
AIX EN PROVENCE TGV,2019-09,0,2,45.260,0,0.000,5
AIX EN PROVENCE TGV,2019-10,0,0,149.970,3,0.000,7
AIX EN PROVENCE TGV,2019-11,1,0,248.560,2,0.000,5
AIX EN PROVENCE TGV,2019-12,0,0,94.390,2,0.000,8
AIX EN PROVENCE TGV,2020-01,0,0,32.480,0,0.000,0
AIX EN PROVENCE TGV,2020-02,1,0,7.190,0,0.000,3
AIX EN PROVENCE TGV,2020-03,0,0,24.670,0,0.000,3
AIX EN PROVENCE TGV,2020-04,0,0,39.820,0,0.000,0
AIX EN PROVENCE TGV,2020-05,0,0,52.970,0,0.000,2
AIX EN PROVENCE TGV,2020-06,0,1,41.740,0,0.000,6
AIX EN PROVENCE TGV,2020-07,0,16,1.400,0,0.000,2
AIX EN PROVENCE TGV,2020-08,0,16,14.230,0,0.000,3
AIX EN PROVENCE TGV,2020-09,0,2,50.420,0,0.000,4
AIX EN PROVENCE TGV,2020-10,0,0,38.490,0,0.000,5
AIX EN PROVENCE TGV,2020-11,0,0,42.470,1,0.000,5
AIX EN PROVENCE TGV,2020-12,7,0,43.620,0,0.000,4
AIX EN PROVENCE TGV,2021-01,9,0,40.090,0,0.000,6
AIX EN PROVENCE TGV,2021-02,1,0,23.880,0,0.000,4
AIX EN PROVENCE TGV,2021-03,1,0,4.410,0,0.000,4
AIX EN PROVENCE TGV,2021-04,1,0,55.710,0,0.000,3
AIX EN PROVENCE TGV,2021-05,0,0,58.440,1,0.000,7
AIX EN PROVENCE TGV,2021-06,0,2,12.760,0,0.000,0
AIX EN PROVENCE TGV,2021-07,0,12,13.570,0,0.000,2
AIX EN PROVENCE TGV,2021-08,0,12,17.200,0,0.000,3
AIX EN PROVENCE TGV,2021-09,0,0,51.740,0,0.000,1
AIX EN PROVENCE TGV,2021-10,0,0,67.490,1,0.000,3
AIX EN PROVENCE TGV,2021-11,2,0,55.870,0,0.000,4
AIX EN PROVENCE TGV,2021-12,5,0,43.120,0,1.000,5
AIX EN PROVENCE TGV,2022-01,5,0,1.360,0,0.000,3
AIX EN PROVENCE TGV,2022-02,0,0,19.280,0,0.000,9
AIX EN PROVENCE TGV,2022-03,1,0,12.530,0,0.000,10
AIX EN PROVENCE TGV,2022-04,1,0,19.740,0,0.000,7
AIX EN PROVENCE TGV,2022-05,0,2,8.890,0,0.000,1
AIX EN PROVENCE TGV,2022-06,0,16,14.320,0,0.000,1
AIX EN PROVENCE TGV,2022-07,0,29,18.070,0,0.000,1
AIX EN PROVENCE TGV,2022-08,0,23,32.960,0,0.000,2
AIX EN PROVENCE TGV,2022-09,0,1,46.730,0,0.000,4
AIX EN PROVENCE TGV,2022-10,0,0,9.450,0,0.000,0
AIX EN PROVENCE TGV,2022-11,0,0,64.220,0,0.000,3
AIX EN PROVENCE TGV,2022-12,4,0,76.690,0,1.000,1
AIX EN PROVENCE TGV,2023-01,10,0,8.270,0,0.000,5
AIX EN PROVENCE TGV,2023-02,3,0,11.350,0,0.000,1
AIX EN PROVENCE TGV,2023-03,0,0,9.800,0,0.000,7
AIX EN PROVENCE TGV,2023-04,0,0,7.160,0,0.000,3
AIX EN PROVENCE TGV,2023-05,0,0,39.050,0,0.000,3
AIX EN PROVENCE TGV,2023-06,0,7,40.380,0,0.000,3
AIX EN PROVENCE TGV,2023-07,0,23,6.030,0,0.000,4
AIX EN PROVENCE TGV,2023-08,0,18,16.850,0,0.000,7
AIX EN PROVENCE TGV,2023-09,0,6,31.230,0,0.000,2
AIX EN PROVENCE TGV,2023-10,0,0,51.770,0,0.000,3
AIX EN PROVENCE TGV,2023-11,2,0,27.890,0,0.000,6
AIX EN PROVENCE TGV,2023-12,2,0,29.530,0,0.000,6
AIX EN PROVENCE TGV,2024-01,1,0,27.110,0,0.000,2
AIX EN PROVENCE TGV,2024-02,0,0,65.380,1,0.000,1
AIX EN PROVENCE TGV,2024-03,0,0,128.590,3,0.000,13
AIX EN PROVENCE TGV,2024-04,0,0,23.120,0,0.000,12
AIX EN PROVENCE TGV,2024-05,0,0,51.470,0,0.000,2
AIX EN PROVENCE TGV,2024-06,0,2,22.990,0,0.000,2
AIX EN PROVENCE TGV,2024-07,0,22,9.400,0,0.000,4
AIX EN PROVENCE TGV,2024-08,0,28,9.880,0,0.000,1
AIX EN PROVENCE TGV,2024-09,0,0,75.140,1,0.000,7
AIX EN PROVENCE TGV,2024-10,0,0,75.660,0,0.000,4
AIX EN PROVENCE TGV,2024-11,2,0,28.930,0,0.000,2
AIX EN PROVENCE TGV,2024-12,0,0,9.490,0,0.000,8
AIX EN PROVENCE TGV,2025-01,1,0,22.540,0,0.000,1
AIX EN PROVENCE TGV,2025-02,0,0,20.070,0,0.000,3
AIX EN PROVENCE TGV,2025-03,1,0,39.120,0,0.000,9
AIX EN PROVENCE TGV,2025-04,0,0,14.430,0,0.000,3
AIX EN PROVENCE TGV,2025-05,0,2,12.210,0,0.000,1
AIX EN PROVENCE TGV,2025-06,0,20,5.320,0,0.000,1
AIX EN PROVENCE TGV,2025-07,0,14,6.180,0,0.000,7
AIX EN PROVENCE TGV,2025-08,0,18,11.350,0,0.000,1
AIX EN PROVENCE TGV,2025-09,0,1,23.340,0,0.000,0
AIX EN PROVENCE TGV,2025-10,0,0,18.460,0,0.000,4
AIX EN PROVENCE TGV,2025-11,3,0,19.710,0,0.000,6
AIX EN PROVENCE TGV,2025-12,1,0,30.650,0,0.000,6
AIX EN PROVENCE TGV,2026-01,6,0,26.460,0,0.000,7
AIX EN PROVENCE TGV,2026-02,0,0,32.130,0,0.000,11
AIX EN PROVENCE TGV,2026-03,0,0,28.030,0,0.000,12
AIX EN PROVENCE TGV,2026-04,0,0,3.830,0,0.000,1
AIX EN PROVENCE TGV,2026-05,0,7,26.750,0,0.000,4
AIX EN PROVENCE TGV,2026-06,0,19,6.140,0,0.000,3
AIX EN PROVENCE TGV,2026-07,0,30,1.220,0,0.000,3
AIX EN PROVENCE TGV,2026-08,0,24,11.750,0,0.000,0
AIX EN PROVENCE TGV,2026-09,0,7,25.590,0,,0
ANGERS SAINT LAUD,2017-12,6,0,85.670,0,0.000,10
ANGERS SAINT LAUD,2018-01,0,0,97.570,0,0.000,12
ANGERS SAINT LAUD,2018-02,18,0,51.790,0,4.000,1
ANGERS SAINT LAUD,2018-03,7,0,106.090,0,2.000,4
ANGERS SAINT LAUD,2018-04,0,0,65.790,0,0.000,2
ANGERS SAINT LAUD,2018-05,0,0,50.600,0,0.000,0
ANGERS SAINT LAUD,2018-06,0,0,123.790,1,0.000,0
ANGERS SAINT LAUD,2018-07,0,1,45.030,0,0.000,0
ANGERS SAINT LAUD,2018-08,0,3,34.090,0,0.000,0
ANGERS SAINT LAUD,2018-09,0,0,10.080,0,0.000,1
ANGERS SAINT LAUD,2018-10,0,0,49.700,0,0.000,1
ANGERS SAINT LAUD,2018-11,4,0,104.050,0,0.000,3
ANGERS SAINT LAUD,2018-12,6,0,89.230,0,1.000,7
ANGERS SAINT LAUD,2019-01,15,0,43.570,0,1.000,4
ANGERS SAINT LAUD,2019-02,7,0,38.560,0,1.000,3
ANGERS SAINT LAUD,2019-03,1,0,59.690,0,0.000,8
ANGERS SAINT LAUD,2019-04,2,0,41.570,0,0.000,0
ANGERS SAINT LAUD,2019-05,0,0,40.540,0,0.000,2
ANGERS SAINT LAUD,2019-06,0,4,54.660,0,0.000,1
ANGERS SAINT LAUD,2019-07,0,4,16.840,0,0.000,0
ANGERS SAINT LAUD,2019-08,0,1,39.190,0,0.000,1
ANGERS SAINT LAUD,2019-09,0,0,44.730,0,0.000,3
ANGERS SAINT LAUD,2019-10,0,0,116.710,0,0.000,2
ANGERS SAINT LAUD,2019-11,2,0,144.150,0,0.000,4
ANGERS SAINT LAUD,2019-12,6,0,102.450,0,0.000,10
ANGERS SAINT LAUD,2020-01,8,0,56.500,0,0.000,5
ANGERS SAINT LAUD,2020-02,2,0,76.680,0,0.000,12
ANGERS SAINT LAUD,2020-03,5,0,77.920,0,0.000,4
ANGERS SAINT LAUD,2020-04,2,0,45.820,0,0.000,1
ANGERS SAINT LAUD,2020-05,0,0,41.620,0,0.000,1
ANGERS SAINT LAUD,2020-06,0,0,70.580,0,0.000,1
ANGERS SAINT LAUD,2020-07,0,1,7.560,0,0.000,0
ANGERS SAINT LAUD,2020-08,0,6,55.310,0,0.000,1
ANGERS SAINT LAUD,2020-09,0,1,47.360,0,0.000,1
ANGERS SAINT LAUD,2020-10,0,0,98.740,0,0.000,5
ANGERS SAINT LAUD,2020-11,2,0,28.990,0,0.000,2
ANGERS SAINT LAUD,2020-12,2,0,129.130,0,0.000,4
ANGERS SAINT LAUD,2021-01,16,0,68.970,0,0.000,5
ANGERS SAINT LAUD,2021-02,8,0,46.360,0,1.000,3
ANGERS SAINT LAUD,2021-03,9,0,18.280,0,0.000,4
ANGERS SAINT LAUD,2021-04,6,0,19.010,0,0.000,0
ANGERS SAINT LAUD,2021-05,0,0,77.160,0,0.000,6
ANGERS SAINT LAUD,2021-06,0,0,109.160,0,0.000,0
ANGERS SAINT LAUD,2021-07,0,0,47.600,0,0.000,0
ANGERS SAINT LAUD,2021-08,0,0,25.320,0,0.000,1
ANGERS SAINT LAUD,2021-09,0,1,24.720,0,0.000,0
ANGERS SAINT LAUD,2021-10,0,0,72.750,1,0.000,6
ANGERS SAINT LAUD,2021-11,7,0,37.240,0,0.000,1
ANGERS SAINT LAUD,2021-12,5,0,84.880,0,0.000,8
ANGERS SAINT LAUD,2022-01,15,0,37.630,0,0.000,2
ANGERS SAINT LAUD,2022-02,5,0,23.250,0,0.000,6
ANGERS SAINT LAUD,2022-03,2,0,25.690,0,0.000,1
ANGERS SAINT LAUD,2022-04,3,0,40.490,0,0.000,3
ANGERS SAINT LAUD,2022-05,0,0,19.100,0,0.000,0
ANGERS SAINT LAUD,2022-06,0,3,55.020,0,0.000,0
ANGERS SAINT LAUD,2022-07,0,7,9.640,0,0.000,0
ANGERS SAINT LAUD,2022-08,0,10,32.000,0,0.000,0
ANGERS SAINT LAUD,2022-09,0,1,44.160,0,0.000,2
ANGERS SAINT LAUD,2022-10,0,0,43.350,0,0.000,4
ANGERS SAINT LAUD,2022-11,0,0,82.750,0,0.000,7
ANGERS SAINT LAUD,2022-12,14,0,66.570,0,2.000,6
ANGERS SAINT LAUD,2023-01,10,0,72.390,0,0.000,5
ANGERS SAINT LAUD,2023-02,11,0,17.330,0,0.000,1
ANGERS SAINT LAUD,2023-03,7,0,77.580,0,0.000,11
ANGERS SAINT LAUD,2023-04,2,0,41.230,0,0.000,3
ANGERS SAINT LAUD,2023-05,0,0,34.360,0,0.000,0
ANGERS SAINT LAUD,2023-06,0,0,56.170,0,0.000,0
ANGERS SAINT LAUD,2023-07,0,0,42.750,0,0.000,3
ANGERS SAINT LAUD,2023-08,0,3,43.190,0,0.000,2
ANGERS SAINT LAUD,2023-09,0,6,78.720,1,0.000,1
ANGERS SAINT LAUD,2023-10,0,0,108.080,0,0.000,6
ANGERS SAINT LAUD,2023-11,2,0,101.060,0,0.000,10
ANGERS SAINT LAUD,2023-12,5,0,60.560,0,0.000,5
ANGERS SAINT LAUD,2024-01,13,0,61.500,0,3.000,7
ANGERS SAINT LAUD,2024-02,0,0,86.300,0,0.000,7
ANGERS SAINT LAUD,2024-03,1,0,74.060,0,0.000,5
ANGERS SAINT LAUD,2024-04,0,0,46.950,0,0.000,5
ANGERS SAINT LAUD,2024-05,0,0,98.150,0,0.000,0
ANGERS SAINT LAUD,2024-06,0,0,68.660,0,0.000,0
ANGERS SAINT LAUD,2024-07,0,2,42.450,0,0.000,1
ANGERS SAINT LAUD,2024-08,0,1,56.740,0,0.000,1
ANGERS SAINT LAUD,2024-09,0,0,90.130,1,0.000,3
ANGERS SAINT LAUD,2024-10,0,0,113.830,1,0.000,2
ANGERS SAINT LAUD,2024-11,2,0,56.610,0,1.000,5
ANGERS SAINT LAUD,2024-12,7,0,35.200,0,0.000,3
ANGERS SAINT LAUD,2025-01,15,0,101.030,0,1.000,12
ANGERS SAINT LAUD,2025-02,8,0,22.550,0,0.000,2
ANGERS SAINT LAUD,2025-03,3,0,17.630,0,0.000,0
ANGERS SAINT LAUD,2025-04,0,0,25.840,0,0.000,2
ANGERS SAINT LAUD,2025-05,0,0,12.990,0,0.000,0
ANGERS SAINT LAUD,2025-06,0,5,16.840,0,0.000,1
ANGERS SAINT LAUD,2025-07,0,4,33.810,0,0.000,0
ANGERS SAINT LAUD,2025-08,0,5,13.610,0,0.000,0
ANGERS SAINT LAUD,2025-09,0,0,21.430,0,0.000,5
ANGERS SAINT LAUD,2025-10,0,0,27.270,0,0.000,5
ANGERS SAINT LAUD,2025-11,4,0,28.400,0,1.000,1
ANGERS SAINT LAUD,2025-12,8,0,22.930,0,0.000,4
ANGERS SAINT LAUD,2026-01,8,0,47.600,0,1.000,6
ANGERS SAINT LAUD,2026-02,0,0,58.560,0,1.000,5
ANGERS SAINT LAUD,2026-03,0,0,17.350,0,0.000,2
ANGERS SAINT LAUD,2026-04,0,0,4.060,0,0.000,0
ANGERS SAINT LAUD,2026-05,0,8,31.280,0,0.000,0
ANGERS SAINT LAUD,2026-06,0,14,8.530,0,0.000,4
ANGERS SAINT LAUD,2026-07,0,17,3.690,0,0.000,0
ANGERS SAINT LAUD,2026-08,0,12,19.260,0,0.000,2
ANGERS SAINT LAUD,2026-09,0,0,22.400,0,,0
ANGOULEME,2017-12,13,0,110.700,1,0.000,8
ANGOULEME,2018-01,1,0,143.780,1,0.000,7
ANGOULEME,2018-02,19,0,57.880,0,0.000,1
ANGOULEME,2018-03,5,0,99.390,0,0.000,4
ANGOULEME,2018-04,0,0,72.510,0,0.000,1
ANGOULEME,2018-05,0,0,84.730,0,0.000,0
ANGOULEME,2018-06,0,0,92.280,0,0.000,0
ANGOULEME,2018-07,0,6,44.880,0,0.000,0
ANGOULEME,2018-08,0,11,37.510,1,0.000,0
ANGOULEME,2018-09,0,3,19.240,0,0.000,0
ANGOULEME,2018-10,0,0,61.260,1,0.000,0
ANGOULEME,2018-11,3,0,71.060,0,0.000,0
ANGOULEME,2018-12,6,0,104.770,1,0.000,1
ANGOULEME,2019-01,14,0,60.590,0,1.000,2
ANGOULEME,2019-02,4,0,23.740,0,1.000,1
ANGOULEME,2019-03,0,0,41.730,0,0.000,4
ANGOULEME,2019-04,0,0,69.590,0,0.000,0
ANGOULEME,2019-05,0,0,54.460,0,0.000,2
ANGOULEME,2019-06,0,3,90.660,1,0.000,1
ANGOULEME,2019-07,0,13,42.270,1,0.000,0
ANGOULEME,2019-08,0,9,27.980,0,0.000,0
ANGOULEME,2019-09,0,6,50.400,0,0.000,1
ANGOULEME,2019-10,0,0,109.470,0,0.000,1
ANGOULEME,2019-11,0,0,190.180,1,0.000,4
ANGOULEME,2019-12,5,0,124.030,0,0.000,8
ANGOULEME,2020-01,8,0,55.780,0,0.000,3
ANGOULEME,2020-02,1,0,48.870,0,0.000,5
ANGOULEME,2020-03,3,0,74.410,0,0.000,6
ANGOULEME,2020-04,1,0,63.790,0,0.000,1
ANGOULEME,2020-05,0,0,73.590,0,0.000,1
ANGOULEME,2020-06,0,0,64.320,0,0.000,0
ANGOULEME,2020-07,0,10,3.200,0,0.000,0
ANGOULEME,2020-08,0,10,40.810,0,0.000,0
ANGOULEME,2020-09,0,7,55.360,0,0.000,2
ANGOULEME,2020-10,0,0,121.270,0,0.000,6
ANGOULEME,2020-11,2,0,19.260,0,0.000,1
ANGOULEME,2020-12,3,0,142.110,1,0.000,3
ANGOULEME,2021-01,18,0,86.160,0,0.000,4
ANGOULEME,2021-02,4,0,73.160,0,0.000,4
ANGOULEME,2021-03,5,0,19.160,0,0.000,1
ANGOULEME,2021-04,5,0,18.100,0,0.000,0
ANGOULEME,2021-05,0,0,80.420,0,0.000,5
ANGOULEME,2021-06,0,2,121.850,1,0.000,0
ANGOULEME,2021-07,0,4,36.710,0,0.000,0
ANGOULEME,2021-08,0,4,20.470,0,0.000,0
ANGOULEME,2021-09,0,4,45.590,0,0.000,0
ANGOULEME,2021-10,0,0,26.550,0,0.000,0
ANGOULEME,2021-11,3,0,35.340,0,0.000,0
ANGOULEME,2021-12,4,0,84.430,0,0.000,3
ANGOULEME,2022-01,20,0,30.210,0,0.000,1
ANGOULEME,2022-02,6,0,30.200,0,0.000,2
ANGOULEME,2022-03,2,0,30.230,0,0.000,2
ANGOULEME,2022-04,4,0,50.290,0,0.000,3
ANGOULEME,2022-05,0,3,16.830,0,0.000,0
ANGOULEME,2022-06,0,7,95.040,0,0.000,0
ANGOULEME,2022-07,0,15,9.010,0,0.000,0
ANGOULEME,2022-08,0,19,17.980,0,0.000,0
ANGOULEME,2022-09,0,5,35.550,0,0.000,2
ANGOULEME,2022-10,0,0,41.930,0,0.000,2
ANGOULEME,2022-11,0,0,81.050,0,0.000,3
ANGOULEME,2022-12,12,0,46.700,0,1.000,0
ANGOULEME,2023-01,13,0,77.810,0,2.000,1
ANGOULEME,2023-02,13,0,31.580,1,1.000,1
ANGOULEME,2023-03,6,0,78.790,0,0.000,8
ANGOULEME,2023-04,2,0,40.970,0,0.000,4
ANGOULEME,2023-05,0,0,47.500,0,0.000,0
ANGOULEME,2023-06,0,2,85.740,1,0.000,0
ANGOULEME,2023-07,0,6,20.500,0,0.000,0
ANGOULEME,2023-08,0,12,26.260,0,0.000,3
ANGOULEME,2023-09,0,9,63.410,0,0.000,0
ANGOULEME,2023-10,0,2,121.510,0,0.000,2
ANGOULEME,2023-11,1,0,134.420,0,0.000,8
ANGOULEME,2023-12,5,0,135.820,2,0.000,0
ANGOULEME,2024-01,11,0,46.280,0,0.000,2
ANGOULEME,2024-02,0,0,101.030,0,0.000,2
ANGOULEME,2024-03,1,0,125.650,1,0.000,1
ANGOULEME,2024-04,0,0,56.700,0,0.000,1
ANGOULEME,2024-05,0,0,129.530,0,0.000,0
ANGOULEME,2024-06,0,0,66.630,0,0.000,0
ANGOULEME,2024-07,0,5,21.040,0,0.000,0
ANGOULEME,2024-08,0,6,20.180,0,0.000,1
ANGOULEME,2024-09,0,0,93.910,0,0.000,3
ANGOULEME,2024-10,0,0,89.090,0,0.000,1
ANGOULEME,2024-11,1,0,42.940,0,0.000,5
ANGOULEME,2024-12,4,0,43.230,0,0.000,3
ANGOULEME,2025-01,10,0,69.780,0,0.000,8
ANGOULEME,2025-02,6,0,22.740,0,0.000,2
ANGOULEME,2025-03,2,0,15.450,0,0.000,3
ANGOULEME,2025-04,0,0,40.380,0,0.000,3
ANGOULEME,2025-05,0,1,17.140,0,0.000,0
ANGOULEME,2025-06,0,15,11.150,0,0.000,0
ANGOULEME,2025-07,0,13,11.810,0,0.000,2
ANGOULEME,2025-08,0,16,15.260,0,0.000,1
ANGOULEME,2025-09,0,4,24.860,0,0.000,1
ANGOULEME,2025-10,0,0,34.990,0,0.000,2
ANGOULEME,2025-11,4,0,41.960,0,0.000,3
ANGOULEME,2025-12,6,0,24.270,0,0.000,0
ANGOULEME,2026-01,8,0,45.340,0,1.000,3
ANGOULEME,2026-02,1,0,66.390,0,0.000,8
ANGOULEME,2026-03,2,0,14.320,0,0.000,0
ANGOULEME,2026-04,0,0,12.690,0,0.000,0
ANGOULEME,2026-05,0,9,30.060,0,0.000,1
ANGOULEME,2026-06,0,17,13.390,0,0.000,1
ANGOULEME,2026-07,0,27,5.220,0,0.000,0
ANGOULEME,2026-08,0,19,36.570,0,0.000,0
ANGOULEME,2026-09,0,6,23.540,0,,0
ANNECY,2017-12,28,0,179.440,3,15.000,0
ANNECY,2018-01,15,0,245.670,5,14.000,0
ANNECY,2018-02,27,0,56.650,0,6.000,0
ANNECY,2018-03,20,0,127.950,0,12.000,0
ANNECY,2018-04,2,0,45.970,0,3.000,0
ANNECY,2018-05,0,0,141.780,0,1.000,0
ANNECY,2018-06,0,0,113.910,0,0.000,0
ANNECY,2018-07,0,0,73.540,0,0.000,0
ANNECY,2018-08,0,0,73.140,0,0.000,0
ANNECY,2018-09,0,0,37.490,0,0.000,0
ANNECY,2018-10,2,0,59.270,0,3.000,0
ANNECY,2018-11,9,0,59.540,0,3.000,0
ANNECY,2018-12,15,0,172.210,3,12.000,0
ANNECY,2019-01,31,0,64.750,0,11.000,0
ANNECY,2019-02,13,0,60.470,1,6.000,0
ANNECY,2019-03,11,0,76.310,0,7.000,0
ANNECY,2019-04,5,0,77.810,1,5.000,0
ANNECY,2019-05,3,0,96.510,1,3.000,1
ANNECY,2019-06,0,2,109.450,1,0.000,0
ANNECY,2019-07,0,3,59.990,0,0.000,0
ANNECY,2019-08,0,1,92.730,1,0.000,0
ANNECY,2019-09,0,0,47.010,0,0.000,0
ANNECY,2019-10,0,0,142.930,2,0.000,0
ANNECY,2019-11,14,0,173.070,2,11.000,0
ANNECY,2019-12,15,0,172.700,1,12.000,0
ANNECY,2020-01,17,0,50.280,0,3.000,0
ANNECY,2020-02,13,0,123.470,1,10.000,1
ANNECY,2020-03,15,0,80.890,1,7.000,0
ANNECY,2020-04,0,0,45.790,0,0.000,0
ANNECY,2020-05,0,0,111.490,0,0.000,0
ANNECY,2020-06,0,0,144.830,0,0.000,0
ANNECY,2020-07,0,1,36.430,0,0.000,0
ANNECY,2020-08,0,1,110.260,1,1.000,0
ANNECY,2020-09,0,0,81.090,0,2.000,0
ANNECY,2020-10,1,0,182.500,4,3.000,0
ANNECY,2020-11,4,0,24.910,0,1.000,0
ANNECY,2020-12,23,0,91.900,0,12.000,0
ANNECY,2021-01,29,0,135.080,1,16.000,0
ANNECY,2021-02,13,0,45.730,0,3.000,0
ANNECY,2021-03,15,0,58.290,0,6.000,0
ANNECY,2021-04,12,0,47.430,0,2.000,0
ANNECY,2021-05,0,0,147.330,1,2.000,0
ANNECY,2021-06,0,0,102.330,0,0.000,0
ANNECY,2021-07,0,0,157.400,2,1.000,0
ANNECY,2021-08,0,0,65.340,1,0.000,0
ANNECY,2021-09,0,0,72.450,0,0.000,0
ANNECY,2021-10,1,0,66.250,1,0.000,0
ANNECY,2021-11,14,0,59.380,1,5.000,0
ANNECY,2021-12,22,0,185.200,3,13.000,0
ANNECY,2022-01,25,0,40.670,0,6.000,0
ANNECY,2022-02,19,0,80.900,0,9.000,0
ANNECY,2022-03,11,0,18.520,0,2.000,0
ANNECY,2022-04,7,0,92.150,1,4.000,0
ANNECY,2022-05,0,0,44.030,0,0.000,0
ANNECY,2022-06,0,1,89.180,0,0.000,0
ANNECY,2022-07,0,4,26.390,0,0.000,0
ANNECY,2022-08,0,1,60.910,0,0.000,0
ANNECY,2022-09,0,0,152.240,1,0.000,0
ANNECY,2022-10,0,0,86.310,0,0.000,0
ANNECY,2022-11,4,0,114.160,0,6.000,0
ANNECY,2022-12,17,0,136.740,1,9.000,0
ANNECY,2023-01,21,0,75.120,0,7.000,0
ANNECY,2023-02,15,0,5.540,0,0.000,1
ANNECY,2023-03,12,0,155.090,1,8.000,0
ANNECY,2023-04,5,0,97.010,0,5.000,0
ANNECY,2023-05,0,0,71.530,0,1.000,0
ANNECY,2023-06,0,0,79.530,0,0.000,0
ANNECY,2023-07,0,1,57.570,1,0.000,0
ANNECY,2023-08,0,9,85.720,1,0.000,0
ANNECY,2023-09,0,0,70.380,1,0.000,0
ANNECY,2023-10,0,0,150.610,2,0.000,0
ANNECY,2023-11,10,0,242.030,3,11.000,0
ANNECY,2023-12,11,0,195.620,2,12.000,0
ANNECY,2024-01,18,0,116.300,2,10.000,0
ANNECY,2024-02,4,0,63.400,1,2.000,0
ANNECY,2024-03,9,0,98.650,0,6.000,0
ANNECY,2024-04,8,0,82.900,0,6.000,0
ANNECY,2024-05,0,0,163.650,1,1.000,0
ANNECY,2024-06,0,0,136.810,1,0.000,0
ANNECY,2024-07,0,1,91.350,2,0.000,0
ANNECY,2024-08,0,0,72.470,0,0.000,0
ANNECY,2024-09,0,0,212.980,4,0.000,0
ANNECY,2024-10,0,0,142.470,2,0.000,0
ANNECY,2024-11,8,0,61.680,0,4.000,1
ANNECY,2024-12,25,0,118.860,2,9.000,0
ANNECY,2025-01,24,0,141.570,1,10.000,0
ANNECY,2025-02,17,0,30.950,0,3.000,0
ANNECY,2025-03,10,0,47.960,0,3.000,0
ANNECY,2025-04,1,0,93.740,1,2.000,0
ANNECY,2025-05,0,0,94.900,0,0.000,0
ANNECY,2025-06,0,0,83.820,0,0.000,0
ANNECY,2025-07,0,0,97.120,0,0.000,0
ANNECY,2025-08,0,7,85.770,1,0.000,0
ANNECY,2025-09,0,0,145.580,1,0.000,0
ANNECY,2025-10,0,0,141.990,1,5.000,0
ANNECY,2025-11,11,0,124.550,2,7.000,0
ANNECY,2025-12,11,0,29.830,0,0.000,0
ANNECY,2026-01,27,0,79.030,0,8.000,0
ANNECY,2026-02,12,0,163.390,3,10.000,0
ANNECY,2026-03,10,0,49.920,0,6.000,0
ANNECY,2026-04,3,0,29.370,0,0.000,0
ANNECY,2026-05,0,0,67.950,0,2.000,0
ANNECY,2026-06,0,8,50.680,0,0.000,0
ANNECY,2026-07,0,10,34.710,0,0.000,0
ANNECY,2026-08,0,11,57.890,1,0.000,0
ANNECY,2026-09,0,0,18.500,0,,0
ARRAS,2017-12,11,0,118.280,1,3.000,11
ARRAS,2018-01,3,0,88.620,0,0.000,13
ARRAS,2018-02,23,0,33.370,0,1.000,4
ARRAS,2018-03,11,0,71.460,0,0.000,2
ARRAS,2018-04,0,0,76.110,0,0.000,0
ARRAS,2018-05,0,0,53.950,0,0.000,0
ARRAS,2018-06,0,0,12.520,0,0.000,0
ARRAS,2018-07,0,2,23.950,0,0.000,0
ARRAS,2018-08,0,0,70.840,0,0.000,0
ARRAS,2018-09,0,0,49.910,1,0.000,3
ARRAS,2018-10,0,0,50.460,1,0.000,1
ARRAS,2018-11,7,0,52.640,0,0.000,2
ARRAS,2018-12,8,0,88.450,0,1.000,8
ARRAS,2019-01,12,0,46.140,0,4.000,4
ARRAS,2019-02,8,0,43.200,0,1.000,5
ARRAS,2019-03,0,0,66.530,0,0.000,13
ARRAS,2019-04,6,0,43.320,0,0.000,2
ARRAS,2019-05,0,0,40.100,0,0.000,0
ARRAS,2019-06,0,0,72.220,0,0.000,2
ARRAS,2019-07,0,1,34.910,0,0.000,0
ARRAS,2019-08,0,0,37.500,0,0.000,1
ARRAS,2019-09,0,0,54.710,0,0.000,4
ARRAS,2019-10,0,0,111.960,0,0.000,5
ARRAS,2019-11,4,0,93.780,0,0.000,2
ARRAS,2019-12,8,0,97.010,0,0.000,11
ARRAS,2020-01,7,0,40.060,0,0.000,9
ARRAS,2020-02,3,0,110.750,0,1.000,21
ARRAS,2020-03,10,0,69.220,1,0.000,9
ARRAS,2020-04,2,0,28.360,0,0.000,1
ARRAS,2020-05,0,0,18.710,0,0.000,3
ARRAS,2020-06,0,0,71.010,0,0.000,3
ARRAS,2020-07,0,0,53.640,0,0.000,2
ARRAS,2020-08,0,3,72.610,0,0.000,4
ARRAS,2020-09,0,0,64.320,0,0.000,4
ARRAS,2020-10,0,0,153.390,1,0.000,9
ARRAS,2020-11,2,0,61.610,0,0.000,4
ARRAS,2020-12,8,0,95.890,0,0.000,6
ARRAS,2021-01,19,0,119.620,1,3.000,6
ARRAS,2021-02,8,0,38.810,0,1.000,1
ARRAS,2021-03,6,0,39.990,0,0.000,6
ARRAS,2021-04,7,0,20.930,0,0.000,1
ARRAS,2021-05,0,0,88.480,1,0.000,4
ARRAS,2021-06,0,0,146.280,1,0.000,0
ARRAS,2021-07,0,0,71.280,0,0.000,2
ARRAS,2021-08,0,0,58.510,0,0.000,1
ARRAS,2021-09,0,0,34.570,0,0.000,1
ARRAS,2021-10,0,0,107.310,1,0.000,6
ARRAS,2021-11,2,0,63.800,0,0.000,1
ARRAS,2021-12,6,0,75.800,0,1.000,5
ARRAS,2022-01,11,0,47.000,0,0.000,5
ARRAS,2022-02,7,0,40.480,0,0.000,15
ARRAS,2022-03,6,0,20.790,0,0.000,1
ARRAS,2022-04,3,0,25.660,0,1.000,4
ARRAS,2022-05,0,0,47.030,1,0.000,1
ARRAS,2022-06,0,0,55.800,0,0.000,0
ARRAS,2022-07,0,1,10.450,0,0.000,0
ARRAS,2022-08,0,0,17.160,0,0.000,0
ARRAS,2022-09,0,0,109.370,0,0.000,1
ARRAS,2022-10,0,0,54.230,0,0.000,4
ARRAS,2022-11,0,0,111.640,0,0.000,4
ARRAS,2022-12,14,0,93.680,0,2.000,5
ARRAS,2023-01,12,0,75.580,0,0.000,12
ARRAS,2023-02,8,0,9.050,0,0.000,3
ARRAS,2023-03,6,0,98.020,0,1.000,10
ARRAS,2023-04,3,0,65.850,0,0.000,2
ARRAS,2023-05,0,0,46.100,0,0.000,0
ARRAS,2023-06,0,0,26.100,0,0.000,0
ARRAS,2023-07,0,0,84.890,0,0.000,5
ARRAS,2023-08,0,0,72.020,0,0.000,2
ARRAS,2023-09,0,0,49.640,1,0.000,3
ARRAS,2023-10,0,0,114.190,0,0.000,5
ARRAS,2023-11,1,0,154.410,0,0.000,10
ARRAS,2023-12,4,0,72.720,0,2.000,14
ARRAS,2024-01,17,0,61.610,0,1.000,10
ARRAS,2024-02,0,0,118.390,0,0.000,8
ARRAS,2024-03,1,0,77.430,0,0.000,3
ARRAS,2024-04,1,0,71.870,0,0.000,10
ARRAS,2024-05,0,0,88.100,0,0.000,0
ARRAS,2024-06,0,0,64.650,0,0.000,2
ARRAS,2024-07,0,0,95.170,0,0.000,1
ARRAS,2024-08,0,0,56.220,0,0.000,2
ARRAS,2024-09,0,0,109.950,0,0.000,4
ARRAS,2024-10,0,0,63.090,0,0.000,1
ARRAS,2024-11,4,0,57.880,0,0.000,5
ARRAS,2024-12,7,0,48.480,0,0.000,10
ARRAS,2025-01,19,0,98.120,0,4.000,8
ARRAS,2025-02,14,0,29.040,0,0.000,1
ARRAS,2025-03,11,0,10.810,0,0.000,0
ARRAS,2025-04,0,0,12.670,0,0.000,0
ARRAS,2025-05,0,0,22.300,0,0.000,3
ARRAS,2025-06,0,0,40.670,0,0.000,1
ARRAS,2025-07,0,0,44.590,0,0.000,0
ARRAS,2025-08,0,0,19.310,0,0.000,1
ARRAS,2025-09,0,0,32.150,0,0.000,5
ARRAS,2025-10,0,0,55.080,0,0.000,7
ARRAS,2025-11,3,0,55.960,0,2.000,0
ARRAS,2025-12,8,0,27.300,0,0.000,7
ARRAS,2026-01,10,0,62.290,0,1.000,5
ARRAS,2026-02,3,0,74.490,0,2.000,7
ARRAS,2026-03,2,0,23.990,0,0.000,6
ARRAS,2026-04,0,0,4.690,0,0.000,1
ARRAS,2026-05,0,0,42.930,0,0.000,0
ARRAS,2026-06,0,5,33.280,0,0.000,2
ARRAS,2026-07,0,3,2.300,0,0.000,1
ARRAS,2026-08,0,4,34.300,0,0.000,2
ARRAS,2026-09,0,0,53.940,0,,0
AVIGNON TGV,2017-12,19,0,62.000,0,2.000,4
AVIGNON TGV,2018-01,1,0,91.350,2,2.000,6
AVIGNON TGV,2018-02,21,0,29.050,0,1.000,7
AVIGNON TGV,2018-03,4,0,91.650,0,2.000,11
AVIGNON TGV,2018-04,0,0,79.670,1,0.000,5
AVIGNON TGV,2018-05,0,0,88.290,1,0.000,2
AVIGNON TGV,2018-06,0,2,40.780,0,0.000,3
AVIGNON TGV,2018-07,0,24,22.650,0,0.000,1
AVIGNON TGV,2018-08,0,13,57.330,1,0.000,3
AVIGNON TGV,2018-09,0,4,5.550,0,0.000,2
AVIGNON TGV,2018-10,0,0,187.890,4,2.000,6
AVIGNON TGV,2018-11,0,0,157.120,2,0.000,2
AVIGNON TGV,2018-12,8,0,40.500,1,0.000,1
AVIGNON TGV,2019-01,22,0,10.370,0,1.000,12
AVIGNON TGV,2019-02,4,0,36.800,1,1.000,4
AVIGNON TGV,2019-03,1,0,10.140,0,0.000,6
AVIGNON TGV,2019-04,1,0,78.490,1,1.000,4
AVIGNON TGV,2019-05,0,0,31.350,0,0.000,6
AVIGNON TGV,2019-06,0,9,25.910,0,0.000,2
AVIGNON TGV,2019-07,0,24,22.750,0,0.000,4
AVIGNON TGV,2019-08,0,21,7.570,0,0.000,1
AVIGNON TGV,2019-09,0,4,42.170,0,0.000,4
AVIGNON TGV,2019-10,0,0,146.200,3,0.000,6
AVIGNON TGV,2019-11,2,0,223.380,2,1.000,3
AVIGNON TGV,2019-12,2,0,107.670,2,2.000,5
AVIGNON TGV,2020-01,1,0,33.720,0,0.000,2
AVIGNON TGV,2020-02,2,0,13.790,0,1.000,4
AVIGNON TGV,2020-03,1,0,36.250,0,1.000,4
AVIGNON TGV,2020-04,0,0,44.230,0,0.000,0
AVIGNON TGV,2020-05,0,0,62.410,0,0.000,5
AVIGNON TGV,2020-06,0,3,60.850,1,0.000,2
AVIGNON TGV,2020-07,0,20,4.720,0,0.000,4
AVIGNON TGV,2020-08,0,20,25.530,0,0.000,4
AVIGNON TGV,2020-09,0,5,60.220,0,0.000,0
AVIGNON TGV,2020-10,0,0,57.530,1,0.000,5
AVIGNON TGV,2020-11,1,0,40.060,1,0.000,2
AVIGNON TGV,2020-12,9,0,65.260,0,2.000,3
AVIGNON TGV,2021-01,20,0,38.110,0,2.000,2
AVIGNON TGV,2021-02,4,0,32.670,0,0.000,4
AVIGNON TGV,2021-03,5,0,6.650,0,0.000,6
AVIGNON TGV,2021-04,3,0,78.360,2,0.000,5
AVIGNON TGV,2021-05,0,0,70.180,1,0.000,2
AVIGNON TGV,2021-06,0,3,32.800,0,0.000,0
AVIGNON TGV,2021-07,0,12,30.790,0,0.000,3
AVIGNON TGV,2021-08,0,11,24.670,0,0.000,6
AVIGNON TGV,2021-09,0,0,68.340,0,0.000,0
AVIGNON TGV,2021-10,0,0,85.370,3,0.000,6
AVIGNON TGV,2021-11,5,0,53.200,1,0.000,3
AVIGNON TGV,2021-12,11,0,60.680,0,2.000,3
AVIGNON TGV,2022-01,20,0,4.090,0,0.000,8
AVIGNON TGV,2022-02,3,0,20.430,0,0.000,9
AVIGNON TGV,2022-03,4,0,16.100,0,0.000,3
AVIGNON TGV,2022-04,3,0,29.780,0,0.000,4
AVIGNON TGV,2022-05,0,3,11.140,0,0.000,2
AVIGNON TGV,2022-06,0,19,23.800,0,0.000,3
AVIGNON TGV,2022-07,0,27,14.070,0,0.000,3
AVIGNON TGV,2022-08,0,20,43.380,0,0.000,1
AVIGNON TGV,2022-09,0,0,72.890,2,0.000,2
AVIGNON TGV,2022-10,0,0,17.000,0,0.000,0
AVIGNON TGV,2022-11,0,0,91.720,1,0.000,4
AVIGNON TGV,2022-12,7,0,101.960,2,2.000,1
AVIGNON TGV,2023-01,13,0,10.780,0,0.000,5
AVIGNON TGV,2023-02,7,0,9.510,0,0.000,6
AVIGNON TGV,2023-03,5,0,15.980,0,0.000,2
AVIGNON TGV,2023-04,0,0,15.260,0,0.000,4
AVIGNON TGV,2023-05,0,0,52.520,0,0.000,6
AVIGNON TGV,2023-06,0,7,58.350,0,0.000,2
AVIGNON TGV,2023-07,0,24,9.330,0,0.000,0
AVIGNON TGV,2023-08,0,20,18.940,0,0.000,7
AVIGNON TGV,2023-09,0,10,43.840,0,0.000,1
AVIGNON TGV,2023-10,0,0,74.350,1,0.000,6
AVIGNON TGV,2023-11,2,0,42.930,0,0.000,4
AVIGNON TGV,2023-12,4,0,45.070,0,0.000,5
AVIGNON TGV,2024-01,7,0,30.920,0,0.000,4
AVIGNON TGV,2024-02,0,0,71.650,1,0.000,6
AVIGNON TGV,2024-03,1,0,138.740,3,1.000,10
AVIGNON TGV,2024-04,0,0,28.080,0,0.000,11
AVIGNON TGV,2024-05,0,0,73.830,0,0.000,2
AVIGNON TGV,2024-06,0,3,39.700,0,0.000,2
AVIGNON TGV,2024-07,0,18,17.320,0,0.000,5
AVIGNON TGV,2024-08,0,23,13.780,0,0.000,5
AVIGNON TGV,2024-09,0,1,94.370,2,0.000,9
AVIGNON TGV,2024-10,0,0,91.310,1,0.000,3
AVIGNON TGV,2024-11,2,0,33.550,0,0.000,2
AVIGNON TGV,2024-12,0,0,14.600,0,0.000,6
AVIGNON TGV,2025-01,9,0,32.220,0,0.000,5
AVIGNON TGV,2025-02,3,0,20.630,0,0.000,4
AVIGNON TGV,2025-03,2,0,39.520,0,0.000,8
AVIGNON TGV,2025-04,0,0,18.120,0,0.000,4
AVIGNON TGV,2025-05,0,2,17.470,0,0.000,4
AVIGNON TGV,2025-06,0,21,13.520,0,0.000,1
AVIGNON TGV,2025-07,0,18,8.880,0,0.000,6
AVIGNON TGV,2025-08,0,18,15.400,0,0.000,3
AVIGNON TGV,2025-09,0,1,29.000,0,0.000,0
AVIGNON TGV,2025-10,0,0,22.710,0,0.000,3
AVIGNON TGV,2025-11,5,0,22.810,0,0.000,7
AVIGNON TGV,2025-12,2,0,30.910,0,0.000,2
AVIGNON TGV,2026-01,11,0,29.740,0,0.000,6
AVIGNON TGV,2026-02,0,0,32.750,0,0.000,7
AVIGNON TGV,2026-03,0,0,27.630,0,0.000,10
AVIGNON TGV,2026-04,0,0,6.280,0,0.000,5
AVIGNON TGV,2026-05,0,9,29.300,0,0.000,1
AVIGNON TGV,2026-06,0,18,12.960,0,0.000,4
AVIGNON TGV,2026-07,0,30,1.840,0,0.000,3
AVIGNON TGV,2026-08,0,25,16.330,0,0.000,1
AVIGNON TGV,2026-09,0,9,44.540,1,,0
BARCELONA,2017-12,2,0,14.720,0,0.000,2
BARCELONA,2018-01,0,0,54.750,0,0.000,3
BARCELONA,2018-02,6,0,92.920,1,3.000,0
BARCELONA,2018-03,1,0,70.720,1,2.000,4
BARCELONA,2018-04,0,0,88.790,1,1.000,1
BARCELONA,2018-05,0,0,82.040,0,0.000,0
BARCELONA,2018-06,0,0,33.760,0,0.000,0
BARCELONA,2018-07,0,6,43.880,0,0.000,0
BARCELONA,2018-08,0,7,80.350,1,0.000,0
BARCELONA,2018-09,0,0,39.050,0,0.000,0
BARCELONA,2018-10,0,0,176.170,2,0.000,2
BARCELONA,2018-11,0,0,103.410,1,0.000,0
BARCELONA,2018-12,0,0,7.070,0,0.000,0
BARCELONA,2019-01,5,0,19.580,0,0.000,3
BARCELONA,2019-02,2,0,4.640,0,0.000,1
BARCELONA,2019-03,0,0,4.980,0,0.000,0
BARCELONA,2019-04,0,0,49.670,0,0.000,4
BARCELONA,2019-05,0,0,61.100,0,0.000,0
BARCELONA,2019-06,0,4,28.920,1,0.000,1
BARCELONA,2019-07,0,12,44.440,1,0.000,0
BARCELONA,2019-08,0,9,49.200,0,0.000,0
BARCELONA,2019-09,0,0,119.130,1,0.000,1
BARCELONA,2019-10,0,0,93.640,2,0.000,1
BARCELONA,2019-11,0,0,43.900,1,0.000,3
BARCELONA,2019-12,0,0,87.820,1,0.000,5
BARCELONA,2020-01,0,0,121.860,2,0.000,3
BARCELONA,2020-02,0,0,1.500,0,0.000,0
BARCELONA,2020-03,0,0,62.280,0,0.000,5
BARCELONA,2020-04,0,0,172.310,3,0.000,2
BARCELONA,2020-05,0,0,56.850,1,0.000,1
BARCELONA,2020-06,0,0,80.370,0,0.000,0
BARCELONA,2020-07,0,4,61.730,0,0.000,0
BARCELONA,2020-08,0,7,49.100,1,0.000,0
BARCELONA,2020-09,0,0,73.230,1,0.000,1
BARCELONA,2020-10,0,0,62.930,1,0.000,1
BARCELONA,2020-11,0,0,194.980,3,0.000,0
BARCELONA,2020-12,0,0,121.710,1,2.000,1
BARCELONA,2021-01,4,0,41.020,1,1.000,4
BARCELONA,2021-02,0,0,27.180,0,0.000,2
BARCELONA,2021-03,0,0,13.170,0,0.000,0
BARCELONA,2021-04,0,0,33.830,0,0.000,0
BARCELONA,2021-05,0,0,39.570,1,0.000,0
BARCELONA,2021-06,0,1,34.950,0,0.000,0
BARCELONA,2021-07,0,3,14.720,0,0.000,0
BARCELONA,2021-08,0,5,24.830,0,0.000,0
BARCELONA,2021-09,0,0,45.650,0,0.000,0
BARCELONA,2021-10,0,0,41.560,0,0.000,0
BARCELONA,2021-11,0,0,111.660,1,0.000,1
BARCELONA,2021-12,0,0,5.140,0,0.000,3
BARCELONA,2022-01,1,0,6.670,0,0.000,0
BARCELONA,2022-02,0,0,5.660,0,0.000,0
BARCELONA,2022-03,0,0,85.630,1,0.000,1
BARCELONA,2022-04,0,0,35.670,0,0.000,1
BARCELONA,2022-05,0,0,30.500,0,0.000,0
BARCELONA,2022-06,0,6,13.250,0,0.000,0
BARCELONA,2022-07,0,21,16.370,0,0.000,0
BARCELONA,2022-08,0,18,53.750,0,0.000,0
BARCELONA,2022-09,0,1,54.000,0,0.000,0
BARCELONA,2022-10,0,0,32.200,0,0.000,0
BARCELONA,2022-11,0,0,22.770,0,0.000,1
BARCELONA,2022-12,0,0,28.270,0,0.000,0
BARCELONA,2023-01,4,0,9.920,0,0.000,4
BARCELONA,2023-02,1,0,32.520,0,0.000,1
BARCELONA,2023-03,0,0,2.760,0,0.000,1
BARCELONA,2023-04,0,0,8.640,0,0.000,0
BARCELONA,2023-05,0,0,41.810,0,0.000,0
BARCELONA,2023-06,0,3,47.300,0,0.000,0
BARCELONA,2023-07,0,15,13.030,0,0.000,0
BARCELONA,2023-08,0,18,45.230,0,0.000,0
BARCELONA,2023-09,0,0,40.010,1,0.000,1
BARCELONA,2023-10,0,0,45.910,0,0.000,2
BARCELONA,2023-11,0,0,9.170,0,0.000,3
BARCELONA,2023-12,0,0,5.870,0,0.000,1
BARCELONA,2024-01,1,0,25.190,0,0.000,0
BARCELONA,2024-02,0,0,18.970,0,0.000,3
BARCELONA,2024-03,0,0,82.030,1,0.000,0
BARCELONA,2024-04,0,0,94.860,1,0.000,0
BARCELONA,2024-05,0,0,43.700,0,0.000,0
BARCELONA,2024-06,0,0,99.550,2,0.000,0
BARCELONA,2024-07,0,13,36.530,0,0.000,0
BARCELONA,2024-08,0,15,20.170,0,0.000,0
BARCELONA,2024-09,0,0,115.790,1,0.000,0
BARCELONA,2024-10,0,0,120.150,1,0.000,2
BARCELONA,2024-11,0,0,78.030,1,0.000,2
BARCELONA,2024-12,0,0,25.440,0,0.000,3
BARCELONA,2025-01,0,0,9.260,0,0.000,2
BARCELONA,2025-02,0,0,28.860,0,0.000,0
BARCELONA,2025-03,0,0,139.820,1,0.000,1
BARCELONA,2025-04,0,0,36.600,0,0.000,0
BARCELONA,2025-05,0,0,61.350,0,0.000,0
BARCELONA,2025-06,0,12,7.300,0,0.000,0
BARCELONA,2025-07,0,10,67.860,0,0.000,0
BARCELONA,2025-08,0,13,48.490,0,0.000,0
BARCELONA,2025-09,0,0,99.760,1,0.000,0
BARCELONA,2025-10,0,0,45.740,0,0.000,1
BARCELONA,2025-11,0,0,43.720,0,0.000,0
BARCELONA,2025-12,0,0,110.130,0,0.000,0
BARCELONA,2026-01,2,0,116.340,2,0.000,3
BARCELONA,2026-02,0,0,22.350,0,0.000,3
BARCELONA,2026-03,0,0,52.100,0,0.000,4
BARCELONA,2026-04,0,0,22.370,0,0.000,0
BARCELONA,2026-05,0,1,95.400,1,0.000,1
BARCELONA,2026-06,0,11,14.080,0,0.000,0
BARCELONA,2026-07,0,27,6.480,0,0.000,0
BARCELONA,2026-08,0,19,40.480,0,0.000,0
BARCELONA,2026-09,0,9,73.990,1,,0
BELLEGARDE (AIN),2017-12,26,0,183.080,3,15.000,3
BELLEGARDE (AIN),2018-01,6,0,225.960,3,12.000,0
BELLEGARDE (AIN),2018-02,27,0,63.020,0,8.000,1
BELLEGARDE (AIN),2018-03,13,0,155.620,0,4.000,2
BELLEGARDE (AIN),2018-04,0,0,46.830,0,0.000,0
BELLEGARDE (AIN),2018-05,0,0,128.910,0,0.000,0
BELLEGARDE (AIN),2018-06,0,0,101.080,0,0.000,0
BELLEGARDE (AIN),2018-07,0,0,80.710,1,0.000,0
BELLEGARDE (AIN),2018-08,0,0,61.660,0,0.000,0
BELLEGARDE (AIN),2018-09,0,0,25.850,0,0.000,1
BELLEGARDE (AIN),2018-10,2,0,69.090,1,2.000,0
BELLEGARDE (AIN),2018-11,6,0,82.430,1,3.000,0
BELLEGARDE (AIN),2018-12,14,0,163.020,2,3.000,0
BELLEGARDE (AIN),2019-01,31,0,66.400,0,10.000,0
BELLEGARDE (AIN),2019-02,13,0,58.040,1,6.000,1
BELLEGARDE (AIN),2019-03,8,0,74.610,0,1.000,2
BELLEGARDE (AIN),2019-04,5,0,89.140,1,4.000,2
BELLEGARDE (AIN),2019-05,0,0,85.310,1,0.000,3
BELLEGARDE (AIN),2019-06,0,1,116.560,2,0.000,1
BELLEGARDE (AIN),2019-07,0,3,48.210,0,0.000,0
BELLEGARDE (AIN),2019-08,0,0,86.970,1,0.000,0
BELLEGARDE (AIN),2019-09,0,0,47.570,1,0.000,0
BELLEGARDE (AIN),2019-10,0,0,162.010,1,0.000,0
BELLEGARDE (AIN),2019-11,11,0,185.720,3,3.000,0
BELLEGARDE (AIN),2019-12,11,0,173.450,3,8.000,1
BELLEGARDE (AIN),2020-01,18,0,57.530,0,3.000,0
BELLEGARDE (AIN),2020-02,8,0,106.230,1,4.000,5
BELLEGARDE (AIN),2020-03,11,0,81.570,2,1.000,1
BELLEGARDE (AIN),2020-04,2,0,45.630,0,0.000,0
BELLEGARDE (AIN),2020-05,0,0,102.290,0,0.000,0
BELLEGARDE (AIN),2020-06,0,0,125.220,0,0.000,0
BELLEGARDE (AIN),2020-07,0,1,23.930,0,0.000,0
BELLEGARDE (AIN),2020-08,0,1,87.860,1,0.000,0
BELLEGARDE (AIN),2020-09,0,0,79.210,0,0.000,0
BELLEGARDE (AIN),2020-10,0,0,208.250,3,1.000,1
BELLEGARDE (AIN),2020-11,5,0,29.130,0,0.000,0
BELLEGARDE (AIN),2020-12,17,0,143.780,0,8.000,1
BELLEGARDE (AIN),2021-01,23,0,137.100,0,12.000,0
BELLEGARDE (AIN),2021-02,8,0,56.690,0,2.000,0
BELLEGARDE (AIN),2021-03,14,0,56.330,0,3.000,0
BELLEGARDE (AIN),2021-04,11,0,52.780,0,2.000,1
BELLEGARDE (AIN),2021-05,0,0,174.780,1,0.000,0
BELLEGARDE (AIN),2021-06,0,0,108.980,0,0.000,0
BELLEGARDE (AIN),2021-07,0,0,170.440,2,0.000,0
BELLEGARDE (AIN),2021-08,0,0,58.210,0,0.000,0
BELLEGARDE (AIN),2021-09,0,0,88.640,1,0.000,0
BELLEGARDE (AIN),2021-10,1,0,99.340,2,0.000,1
BELLEGARDE (AIN),2021-11,14,0,73.120,1,4.000,0
BELLEGARDE (AIN),2021-12,23,0,194.320,3,13.000,0
BELLEGARDE (AIN),2022-01,26,0,44.620,0,6.000,0
BELLEGARDE (AIN),2022-02,14,0,84.110,0,5.000,0
BELLEGARDE (AIN),2022-03,8,0,26.380,0,1.000,0
BELLEGARDE (AIN),2022-04,5,0,88.450,1,2.000,0
BELLEGARDE (AIN),2022-05,0,0,35.920,0,0.000,0
BELLEGARDE (AIN),2022-06,0,0,119.970,2,0.000,0
BELLEGARDE (AIN),2022-07,0,2,17.080,0,0.000,0
BELLEGARDE (AIN),2022-08,0,6,62.000,0,0.000,0
BELLEGARDE (AIN),2022-09,0,0,150.040,2,0.000,0
BELLEGARDE (AIN),2022-10,0,0,78.880,0,0.000,0
BELLEGARDE (AIN),2022-11,2,0,139.050,1,1.000,0
BELLEGARDE (AIN),2022-12,17,0,149.530,2,5.000,0
BELLEGARDE (AIN),2023-01,17,0,79.910,0,4.000,0
BELLEGARDE (AIN),2023-02,16,0,6.640,0,0.000,1
BELLEGARDE (AIN),2023-03,10,0,134.070,1,1.000,2
BELLEGARDE (AIN),2023-04,3,0,92.640,0,0.000,0
BELLEGARDE (AIN),2023-05,0,0,65.500,0,0.000,1
BELLEGARDE (AIN),2023-06,0,0,78.740,0,0.000,0
BELLEGARDE (AIN),2023-07,0,0,54.410,1,0.000,0
BELLEGARDE (AIN),2023-08,0,7,72.050,1,0.000,0
BELLEGARDE (AIN),2023-09,0,0,73.820,1,0.000,0
BELLEGARDE (AIN),2023-10,0,0,189.930,3,0.000,1
BELLEGARDE (AIN),2023-11,8,0,233.830,3,3.000,1
BELLEGARDE (AIN),2023-12,11,0,180.300,2,4.000,0
BELLEGARDE (AIN),2024-01,15,0,117.670,2,3.000,0
BELLEGARDE (AIN),2024-02,2,0,86.140,1,0.000,1
BELLEGARDE (AIN),2024-03,4,0,109.860,0,1.000,0
BELLEGARDE (AIN),2024-04,6,0,105.110,1,1.000,0
BELLEGARDE (AIN),2024-05,0,0,164.100,1,0.000,0
BELLEGARDE (AIN),2024-06,0,0,119.580,0,0.000,0
BELLEGARDE (AIN),2024-07,0,0,86.110,2,0.000,0
BELLEGARDE (AIN),2024-08,0,0,57.810,0,0.000,0
BELLEGARDE (AIN),2024-09,0,0,192.530,1,0.000,2
BELLEGARDE (AIN),2024-10,0,0,166.780,2,0.000,1
BELLEGARDE (AIN),2024-11,8,0,62.770,0,1.000,2
BELLEGARDE (AIN),2024-12,21,0,117.670,2,5.000,0
BELLEGARDE (AIN),2025-01,14,0,161.700,1,3.000,2
BELLEGARDE (AIN),2025-02,14,0,45.660,0,1.000,0
BELLEGARDE (AIN),2025-03,8,0,53.560,0,1.000,1
BELLEGARDE (AIN),2025-04,1,0,89.590,1,2.000,0
BELLEGARDE (AIN),2025-05,0,0,93.520,1,0.000,0
BELLEGARDE (AIN),2025-06,0,0,97.980,2,0.000,0
BELLEGARDE (AIN),2025-07,0,0,102.710,0,0.000,0
BELLEGARDE (AIN),2025-08,0,4,86.810,1,0.000,0
BELLEGARDE (AIN),2025-09,0,0,154.970,2,0.000,0
BELLEGARDE (AIN),2025-10,0,0,186.130,3,1.000,1
BELLEGARDE (AIN),2025-11,9,0,168.970,3,6.000,0
BELLEGARDE (AIN),2025-12,10,0,41.910,0,0.000,0
BELLEGARDE (AIN),2026-01,21,0,104.550,1,10.000,0
BELLEGARDE (AIN),2026-02,3,0,215.240,4,4.000,0
BELLEGARDE (AIN),2026-03,8,0,52.640,0,3.000,1
BELLEGARDE (AIN),2026-04,3,0,32.030,0,0.000,0
BELLEGARDE (AIN),2026-05,0,0,87.790,0,0.000,0
BELLEGARDE (AIN),2026-06,0,5,59.140,0,0.000,0
BELLEGARDE (AIN),2026-07,0,4,30.540,0,0.000,0
BELLEGARDE (AIN),2026-08,0,10,61.470,1,0.000,0
BELLEGARDE (AIN),2026-09,0,0,17.630,0,,0
BESANCON FRANCHE COMTE TGV,2017-12,22,0,127.480,0,8.000,8
BESANCON FRANCHE COMTE TGV,2018-01,4,0,205.120,2,4.000,9
BESANCON FRANCHE COMTE TGV,2018-02,27,0,52.590,0,6.000,1
BESANCON FRANCHE COMTE TGV,2018-03,11,0,126.750,0,5.000,0
BESANCON FRANCHE COMTE TGV,2018-04,0,0,52.620,0,0.000,1
BESANCON FRANCHE COMTE TGV,2018-05,0,0,133.050,1,0.000,0
BESANCON FRANCHE COMTE TGV,2018-06,0,0,85.290,0,0.000,0
BESANCON FRANCHE COMTE TGV,2018-07,0,2,60.310,0,0.000,0
BESANCON FRANCHE COMTE TGV,2018-08,0,4,53.110,0,0.000,0
BESANCON FRANCHE COMTE TGV,2018-09,0,0,30.010,0,0.000,1
BESANCON FRANCHE COMTE TGV,2018-10,0,0,28.980,0,2.000,1
BESANCON FRANCHE COMTE TGV,2018-11,6,0,53.160,0,0.000,1
BESANCON FRANCHE COMTE TGV,2018-12,14,0,143.660,1,2.000,5
BESANCON FRANCHE COMTE TGV,2019-01,28,0,67.620,0,8.000,2
BESANCON FRANCHE COMTE TGV,2019-02,16,0,31.630,0,1.000,1
BESANCON FRANCHE COMTE TGV,2019-03,6,0,81.310,0,0.000,8
BESANCON FRANCHE COMTE TGV,2019-04,6,0,69.170,0,2.000,0
BESANCON FRANCHE COMTE TGV,2019-05,1,0,84.120,0,0.000,3
BESANCON FRANCHE COMTE TGV,2019-06,0,2,95.980,1,0.000,0
BESANCON FRANCHE COMTE TGV,2019-07,0,3,73.810,1,0.000,0
BESANCON FRANCHE COMTE TGV,2019-08,0,1,89.700,0,0.000,0
BESANCON FRANCHE COMTE TGV,2019-09,0,0,43.550,0,0.000,0
BESANCON FRANCHE COMTE TGV,2019-10,0,0,137.690,1,0.000,0
BESANCON FRANCHE COMTE TGV,2019-11,7,0,105.810,0,3.000,2
BESANCON FRANCHE COMTE TGV,2019-12,11,0,127.440,0,3.000,4
BESANCON FRANCHE COMTE TGV,2020-01,13,0,42.860,0,0.000,3
BESANCON FRANCHE COMTE TGV,2020-02,7,0,114.430,0,3.000,10
BESANCON FRANCHE COMTE TGV,2020-03,12,0,73.110,1,0.000,4
BESANCON FRANCHE COMTE TGV,2020-04,5,0,23.480,0,0.000,0
BESANCON FRANCHE COMTE TGV,2020-05,0,0,96.960,1,0.000,0
BESANCON FRANCHE COMTE TGV,2020-06,0,0,136.500,2,0.000,1
BESANCON FRANCHE COMTE TGV,2020-07,0,2,23.770,0,0.000,0
BESANCON FRANCHE COMTE TGV,2020-08,0,5,73.000,0,0.000,0
BESANCON FRANCHE COMTE TGV,2020-09,0,0,64.710,0,0.000,0
BESANCON FRANCHE COMTE TGV,2020-10,0,0,149.120,2,0.000,3
BESANCON FRANCHE COMTE TGV,2020-11,9,0,28.140,0,0.000,1
BESANCON FRANCHE COMTE TGV,2020-12,16,0,106.340,0,5.000,4
BESANCON FRANCHE COMTE TGV,2021-01,23,0,116.250,0,11.000,6
BESANCON FRANCHE COMTE TGV,2021-02,9,0,51.090,0,3.000,2
BESANCON FRANCHE COMTE TGV,2021-03,16,0,54.370,0,2.000,2
BESANCON FRANCHE COMTE TGV,2021-04,12,0,34.220,0,1.000,0
BESANCON FRANCHE COMTE TGV,2021-05,0,0,141.010,1,0.000,3
BESANCON FRANCHE COMTE TGV,2021-06,0,0,132.510,1,0.000,0
BESANCON FRANCHE COMTE TGV,2021-07,0,0,158.130,3,0.000,0
BESANCON FRANCHE COMTE TGV,2021-08,0,0,61.810,0,0.000,0
BESANCON FRANCHE COMTE TGV,2021-09,0,0,48.560,0,0.000,0
BESANCON FRANCHE COMTE TGV,2021-10,0,0,76.690,0,0.000,2
BESANCON FRANCHE COMTE TGV,2021-11,12,0,48.880,0,4.000,0
BESANCON FRANCHE COMTE TGV,2021-12,17,0,116.810,0,7.000,3
BESANCON FRANCHE COMTE TGV,2022-01,26,0,51.010,0,5.000,3
BESANCON FRANCHE COMTE TGV,2022-02,13,0,70.340,0,0.000,7
BESANCON FRANCHE COMTE TGV,2022-03,8,0,21.030,0,0.000,0
BESANCON FRANCHE COMTE TGV,2022-04,4,0,95.960,1,2.000,2
BESANCON FRANCHE COMTE TGV,2022-05,0,0,34.880,0,0.000,0
BESANCON FRANCHE COMTE TGV,2022-06,0,2,109.440,0,0.000,0
BESANCON FRANCHE COMTE TGV,2022-07,0,5,21.130,0,0.000,0
BESANCON FRANCHE COMTE TGV,2022-08,0,4,64.900,0,0.000,0
BESANCON FRANCHE COMTE TGV,2022-09,0,0,108.980,0,0.000,0
BESANCON FRANCHE COMTE TGV,2022-10,0,0,82.810,1,0.000,1
BESANCON FRANCHE COMTE TGV,2022-11,1,0,101.560,0,0.000,0
BESANCON FRANCHE COMTE TGV,2022-12,16,0,80.400,0,4.000,2
BESANCON FRANCHE COMTE TGV,2023-01,15,0,78.730,0,2.000,3
BESANCON FRANCHE COMTE TGV,2023-02,15,0,15.840,0,0.000,2
BESANCON FRANCHE COMTE TGV,2023-03,12,0,103.840,0,1.000,6
BESANCON FRANCHE COMTE TGV,2023-04,3,0,82.360,0,1.000,2
BESANCON FRANCHE COMTE TGV,2023-05,0,0,50.580,0,0.000,0
BESANCON FRANCHE COMTE TGV,2023-06,0,0,31.160,0,0.000,0
BESANCON FRANCHE COMTE TGV,2023-07,0,2,80.580,0,0.000,0
BESANCON FRANCHE COMTE TGV,2023-08,0,7,92.570,1,0.000,1
BESANCON FRANCHE COMTE TGV,2023-09,0,4,37.860,0,0.000,0
BESANCON FRANCHE COMTE TGV,2023-10,0,0,144.850,2,0.000,3
BESANCON FRANCHE COMTE TGV,2023-11,7,0,194.340,1,4.000,6
BESANCON FRANCHE COMTE TGV,2023-12,10,0,115.510,0,1.000,4
BESANCON FRANCHE COMTE TGV,2024-01,16,0,85.210,0,3.000,5
BESANCON FRANCHE COMTE TGV,2024-02,1,0,78.280,0,0.000,1
BESANCON FRANCHE COMTE TGV,2024-03,1,0,93.280,0,0.000,1
BESANCON FRANCHE COMTE TGV,2024-04,4,0,84.350,0,0.000,1
BESANCON FRANCHE COMTE TGV,2024-05,0,0,158.730,1,0.000,0
BESANCON FRANCHE COMTE TGV,2024-06,0,0,126.230,1,0.000,0
BESANCON FRANCHE COMTE TGV,2024-07,0,0,75.790,0,0.000,0
BESANCON FRANCHE COMTE TGV,2024-08,0,1,61.910,0,0.000,0
BESANCON FRANCHE COMTE TGV,2024-09,0,0,144.190,2,0.000,2
BESANCON FRANCHE COMTE TGV,2024-10,0,0,121.590,2,0.000,2
BESANCON FRANCHE COMTE TGV,2024-11,10,0,61.330,1,1.000,3
BESANCON FRANCHE COMTE TGV,2024-12,18,0,92.370,1,1.000,3
BESANCON FRANCHE COMTE TGV,2025-01,19,0,117.000,0,2.000,7
BESANCON FRANCHE COMTE TGV,2025-02,16,0,38.540,0,0.000,0
BESANCON FRANCHE COMTE TGV,2025-03,7,0,36.920,0,0.000,0
BESANCON FRANCHE COMTE TGV,2025-04,1,0,61.250,0,0.000,1
BESANCON FRANCHE COMTE TGV,2025-05,0,0,50.400,0,0.000,0
BESANCON FRANCHE COMTE TGV,2025-06,0,2,105.440,1,0.000,0
BESANCON FRANCHE COMTE TGV,2025-07,0,2,97.120,0,0.000,0
BESANCON FRANCHE COMTE TGV,2025-08,0,6,105.570,1,0.000,0
BESANCON FRANCHE COMTE TGV,2025-09,0,0,129.410,2,0.000,0
BESANCON FRANCHE COMTE TGV,2025-10,0,0,119.080,0,0.000,2
BESANCON FRANCHE COMTE TGV,2025-11,10,0,114.970,0,5.000,1
BESANCON FRANCHE COMTE TGV,2025-12,10,0,30.500,0,0.000,1
BESANCON FRANCHE COMTE TGV,2026-01,23,0,66.840,0,5.000,2
BESANCON FRANCHE COMTE TGV,2026-02,6,0,124.110,0,0.000,4
BESANCON FRANCHE COMTE TGV,2026-03,6,0,40.850,0,1.000,2
BESANCON FRANCHE COMTE TGV,2026-04,1,0,20.590,0,0.000,0
BESANCON FRANCHE COMTE TGV,2026-05,0,0,49.390,0,0.000,0
BESANCON FRANCHE COMTE TGV,2026-06,0,11,31.450,0,0.000,0
BESANCON FRANCHE COMTE TGV,2026-07,0,13,17.680,0,0.000,0
BESANCON FRANCHE COMTE TGV,2026-08,0,11,45.080,0,0.000,0
BESANCON FRANCHE COMTE TGV,2026-09,0,0,13.500,0,,0
BORDEAUX ST JEAN,2017-12,5,0,129.400,1,0.000,5
BORDEAUX ST JEAN,2018-01,0,0,135.160,0,0.000,4
BORDEAUX ST JEAN,2018-02,16,0,62.140,0,0.000,0
BORDEAUX ST JEAN,2018-03,3,0,107.470,0,1.000,2
BORDEAUX ST JEAN,2018-04,0,0,73.680,0,0.000,0
BORDEAUX ST JEAN,2018-05,0,0,74.440,0,0.000,0
BORDEAUX ST JEAN,2018-06,0,0,80.380,0,0.000,0
BORDEAUX ST JEAN,2018-07,0,1,65.690,1,0.000,0
BORDEAUX ST JEAN,2018-08,0,8,32.180,0,0.000,0
BORDEAUX ST JEAN,2018-09,0,1,12.120,0,0.000,0
BORDEAUX ST JEAN,2018-10,0,0,57.700,0,0.000,0
BORDEAUX ST JEAN,2018-11,3,0,78.410,0,0.000,0
BORDEAUX ST JEAN,2018-12,5,0,89.590,0,0.000,0
BORDEAUX ST JEAN,2019-01,12,0,76.470,0,0.000,2
BORDEAUX ST JEAN,2019-02,3,0,28.850,0,0.000,1
BORDEAUX ST JEAN,2019-03,0,0,38.100,0,0.000,1
BORDEAUX ST JEAN,2019-04,0,0,85.450,0,0.000,0
BORDEAUX ST JEAN,2019-05,0,0,46.140,0,0.000,0
BORDEAUX ST JEAN,2019-06,0,3,79.260,1,0.000,1
BORDEAUX ST JEAN,2019-07,0,8,47.630,1,0.000,0
BORDEAUX ST JEAN,2019-08,0,6,33.730,0,0.000,0
BORDEAUX ST JEAN,2019-09,0,5,49.780,0,0.000,0
BORDEAUX ST JEAN,2019-10,0,0,98.390,0,0.000,0
BORDEAUX ST JEAN,2019-11,1,0,207.440,0,0.000,1
BORDEAUX ST JEAN,2019-12,3,0,113.020,1,0.000,4
BORDEAUX ST JEAN,2020-01,5,0,54.720,0,0.000,0
BORDEAUX ST JEAN,2020-02,1,0,48.910,0,0.000,1
BORDEAUX ST JEAN,2020-03,0,0,86.860,0,0.000,3
BORDEAUX ST JEAN,2020-04,0,0,72.750,0,0.000,0
BORDEAUX ST JEAN,2020-05,0,0,115.720,3,0.000,0
BORDEAUX ST JEAN,2020-06,0,0,76.850,0,0.000,0
BORDEAUX ST JEAN,2020-07,0,4,3.830,0,0.000,0
BORDEAUX ST JEAN,2020-08,0,7,50.940,0,0.000,0
BORDEAUX ST JEAN,2020-09,0,5,71.270,0,0.000,0
BORDEAUX ST JEAN,2020-10,0,0,163.880,0,0.000,1
BORDEAUX ST JEAN,2020-11,2,0,18.780,0,0.000,0
BORDEAUX ST JEAN,2020-12,1,0,188.750,1,0.000,2
BORDEAUX ST JEAN,2021-01,17,0,89.970,0,0.000,0
BORDEAUX ST JEAN,2021-02,3,0,67.340,0,0.000,1
BORDEAUX ST JEAN,2021-03,5,0,16.220,0,0.000,1
BORDEAUX ST JEAN,2021-04,3,0,18.770,0,0.000,0
BORDEAUX ST JEAN,2021-05,0,0,87.390,0,0.000,0
BORDEAUX ST JEAN,2021-06,0,0,139.560,1,0.000,0
BORDEAUX ST JEAN,2021-07,0,3,37.570,0,0.000,0
BORDEAUX ST JEAN,2021-08,0,1,20.430,0,0.000,0
BORDEAUX ST JEAN,2021-09,0,2,51.670,0,0.000,0
BORDEAUX ST JEAN,2021-10,0,0,28.300,0,0.000,0
BORDEAUX ST JEAN,2021-11,3,0,51.570,0,0.000,0
BORDEAUX ST JEAN,2021-12,3,0,91.880,0,0.000,2
BORDEAUX ST JEAN,2022-01,20,0,31.220,0,0.000,1
BORDEAUX ST JEAN,2022-02,2,0,31.540,0,0.000,0
BORDEAUX ST JEAN,2022-03,1,0,37.390,0,0.000,0
BORDEAUX ST JEAN,2022-04,2,0,52.120,0,0.000,2
BORDEAUX ST JEAN,2022-05,0,1,15.520,0,0.000,0
BORDEAUX ST JEAN,2022-06,0,5,85.360,0,0.000,0
BORDEAUX ST JEAN,2022-07,0,13,3.130,0,0.000,0
BORDEAUX ST JEAN,2022-08,0,18,19.260,0,0.000,0
BORDEAUX ST JEAN,2022-09,0,5,35.100,0,0.000,0
BORDEAUX ST JEAN,2022-10,0,0,42.140,0,0.000,1
BORDEAUX ST JEAN,2022-11,0,0,99.650,0,0.000,0
BORDEAUX ST JEAN,2022-12,9,0,53.340,0,1.000,0
BORDEAUX ST JEAN,2023-01,11,0,83.370,0,1.000,1
BORDEAUX ST JEAN,2023-02,11,0,38.680,1,1.000,0
BORDEAUX ST JEAN,2023-03,6,0,65.510,0,0.000,6
BORDEAUX ST JEAN,2023-04,1,0,44.930,0,0.000,1
BORDEAUX ST JEAN,2023-05,0,0,44.820,0,0.000,0
BORDEAUX ST JEAN,2023-06,0,0,93.900,1,0.000,0
BORDEAUX ST JEAN,2023-07,0,4,18.870,0,0.000,0
BORDEAUX ST JEAN,2023-08,0,10,30.780,0,0.000,1
BORDEAUX ST JEAN,2023-09,0,8,64.420,0,0.000,0
BORDEAUX ST JEAN,2023-10,0,2,125.650,1,0.000,1
BORDEAUX ST JEAN,2023-11,1,0,164.790,0,0.000,3
BORDEAUX ST JEAN,2023-12,2,0,117.580,1,0.000,0
BORDEAUX ST JEAN,2024-01,10,0,45.210,0,0.000,0
BORDEAUX ST JEAN,2024-02,0,0,96.400,0,0.000,1
BORDEAUX ST JEAN,2024-03,0,0,116.420,0,0.000,0
BORDEAUX ST JEAN,2024-04,0,0,46.160,0,0.000,0
BORDEAUX ST JEAN,2024-05,0,0,116.150,0,0.000,0
BORDEAUX ST JEAN,2024-06,0,0,75.000,0,0.000,0
BORDEAUX ST JEAN,2024-07,0,3,22.830,0,0.000,0
BORDEAUX ST JEAN,2024-08,0,2,44.770,1,0.000,0
BORDEAUX ST JEAN,2024-09,0,0,113.370,0,0.000,0
BORDEAUX ST JEAN,2024-10,0,0,83.860,0,0.000,1
BORDEAUX ST JEAN,2024-11,1,0,44.260,0,0.000,2
BORDEAUX ST JEAN,2024-12,2,0,57.500,0,0.000,0
BORDEAUX ST JEAN,2025-01,10,0,77.140,0,0.000,2
BORDEAUX ST JEAN,2025-02,2,0,27.390,0,0.000,0
BORDEAUX ST JEAN,2025-03,1,0,17.210,0,0.000,0
BORDEAUX ST JEAN,2025-04,0,0,33.270,0,0.000,0
BORDEAUX ST JEAN,2025-05,0,1,22.700,0,0.000,0
BORDEAUX ST JEAN,2025-06,0,14,15.540,0,0.000,0
BORDEAUX ST JEAN,2025-07,0,8,12.130,0,0.000,0
BORDEAUX ST JEAN,2025-08,0,15,14.590,0,0.000,0
BORDEAUX ST JEAN,2025-09,0,3,18.260,0,0.000,0
BORDEAUX ST JEAN,2025-10,0,0,30.000,0,0.000,1
BORDEAUX ST JEAN,2025-11,2,0,44.870,0,0.000,0
BORDEAUX ST JEAN,2025-12,4,0,27.460,0,0.000,0
BORDEAUX ST JEAN,2026-01,7,0,48.020,0,0.000,2
BORDEAUX ST JEAN,2026-02,0,0,62.020,0,0.000,5
BORDEAUX ST JEAN,2026-03,0,0,14.990,0,0.000,0
BORDEAUX ST JEAN,2026-04,0,0,15.900,0,0.000,0
BORDEAUX ST JEAN,2026-05,0,9,28.900,0,0.000,0
BORDEAUX ST JEAN,2026-06,0,15,10.990,0,0.000,0
BORDEAUX ST JEAN,2026-07,0,24,3.670,0,0.000,0
BORDEAUX ST JEAN,2026-08,0,17,27.620,0,0.000,0
BORDEAUX ST JEAN,2026-09,0,4,25.760,0,,0
BREST,2017-12,0,0,146.470,0,0.000,16
BREST,2018-01,0,0,152.030,1,0.000,16
BREST,2018-02,5,0,80.080,0,0.000,13
BREST,2018-03,1,0,127.880,0,1.000,17
BREST,2018-04,0,0,51.300,0,0.000,9
BREST,2018-05,0,0,39.750,0,0.000,3
BREST,2018-06,0,0,67.310,0,0.000,0
BREST,2018-07,0,0,64.140,1,0.000,2
BREST,2018-08,0,0,43.830,0,0.000,1
BREST,2018-09,0,0,34.610,0,0.000,7
BREST,2018-10,0,0,100.500,1,0.000,9
BREST,2018-11,0,0,141.280,2,0.000,12
BREST,2018-12,0,0,157.960,1,0.000,15
BREST,2019-01,0,0,81.150,1,0.000,5
BREST,2019-02,0,0,80.780,0,0.000,10
BREST,2019-03,0,0,68.500,0,0.000,17
BREST,2019-04,0,0,73.550,0,0.000,4
BREST,2019-05,0,0,56.180,0,0.000,2
BREST,2019-06,0,0,89.980,0,0.000,4
BREST,2019-07,0,0,29.090,0,0.000,2
BREST,2019-08,0,0,73.230,0,0.000,5
BREST,2019-09,0,0,78.410,0,0.000,10
BREST,2019-10,0,0,209.120,2,0.000,14
BREST,2019-11,0,0,212.090,1,0.000,18
BREST,2019-12,0,0,132.210,0,0.000,19
BREST,2020-01,0,0,124.300,0,0.000,17
BREST,2020-02,0,0,127.840,0,0.000,23
BREST,2020-03,0,0,69.700,0,0.000,18
BREST,2020-04,0,0,53.350,0,0.000,5
BREST,2020-05,0,0,29.820,0,0.000,4
BREST,2020-06,0,0,123.870,2,0.000,3
BREST,2020-07,0,0,32.980,0,0.000,3
BREST,2020-08,0,0,65.980,1,0.000,5
BREST,2020-09,0,0,55.150,0,0.000,5
BREST,2020-10,0,0,150.390,1,0.000,17
BREST,2020-11,0,0,78.160,0,0.000,8
BREST,2020-12,0,0,190.370,1,0.000,23
BREST,2021-01,0,0,108.930,0,0.000,14
BREST,2021-02,2,0,85.470,0,3.000,15
BREST,2021-03,0,0,31.010,0,0.000,6
BREST,2021-04,0,0,12.800,0,0.000,4
BREST,2021-05,0,0,83.950,0,0.000,12
BREST,2021-06,0,0,60.940,0,0.000,2
BREST,2021-07,0,0,79.110,0,0.000,4
BREST,2021-08,0,0,40.970,0,0.000,4
BREST,2021-09,0,0,49.540,0,0.000,6
BREST,2021-10,0,0,125.500,1,0.000,11
BREST,2021-11,0,0,47.720,0,0.000,7
BREST,2021-12,1,0,97.040,0,0.000,14
BREST,2022-01,1,0,63.640,0,0.000,9
BREST,2022-02,0,0,58.500,0,0.000,13
BREST,2022-03,0,0,45.590,0,0.000,5
BREST,2022-04,0,0,34.360,0,0.000,5
BREST,2022-05,0,0,23.060,0,0.000,4
BREST,2022-06,0,0,72.340,1,0.000,4
BREST,2022-07,0,1,7.280,0,0.000,0
BREST,2022-08,0,1,25.110,0,0.000,1
BREST,2022-09,0,0,82.340,1,0.000,11
BREST,2022-10,0,0,75.420,0,0.000,12
BREST,2022-11,0,0,153.340,0,0.000,18
BREST,2022-12,2,0,156.730,1,2.000,13
BREST,2023-01,0,0,102.960,0,0.000,16
BREST,2023-02,0,0,14.410,0,0.000,3
BREST,2023-03,0,0,108.260,0,0.000,19
BREST,2023-04,0,0,57.740,0,0.000,8
BREST,2023-05,0,0,41.850,0,0.000,6
BREST,2023-06,0,0,34.240,0,0.000,1
BREST,2023-07,0,0,78.560,0,0.000,8
BREST,2023-08,0,0,55.790,0,0.000,4
BREST,2023-09,0,0,52.050,0,0.000,5
BREST,2023-10,0,0,118.530,1,0.000,12
BREST,2023-11,0,0,150.110,0,0.000,19
BREST,2023-12,0,0,100.180,0,0.000,18
BREST,2024-01,4,0,112.370,1,1.000,12
BREST,2024-02,0,0,103.770,0,0.000,13
BREST,2024-03,0,0,92.630,0,0.000,11
BREST,2024-04,0,0,53.570,0,0.000,12
BREST,2024-05,0,0,66.050,0,0.000,3
BREST,2024-06,0,0,37.890,0,0.000,3
BREST,2024-07,0,0,83.340,1,0.000,1
BREST,2024-08,0,0,65.140,1,0.000,3
BREST,2024-09,0,0,74.410,0,0.000,4
BREST,2024-10,0,0,102.860,0,0.000,4
BREST,2024-11,0,0,90.280,1,0.000,8
BREST,2024-12,0,0,62.330,0,0.000,15
BREST,2025-01,2,0,152.970,1,0.000,13
BREST,2025-02,0,0,42.540,0,0.000,6
BREST,2025-03,0,0,24.090,0,0.000,3
BREST,2025-04,0,0,47.630,0,0.000,5
BREST,2025-05,0,0,28.590,0,0.000,2
BREST,2025-06,0,0,30.330,0,0.000,3
BREST,2025-07,0,0,30.640,0,0.000,5
BREST,2025-08,0,0,19.550,0,0.000,2
BREST,2025-09,0,0,60.400,0,0.000,11
BREST,2025-10,0,0,64.600,0,0.000,10
BREST,2025-11,0,0,67.200,0,0.000,15
BREST,2025-12,0,0,86.030,0,0.000,17
BREST,2026-01,0,0,139.110,0,0.000,16
BREST,2026-02,0,0,108.410,0,0.000,19
BREST,2026-03,0,0,31.430,0,0.000,8
BREST,2026-04,0,0,15.750,0,0.000,9
BREST,2026-05,0,0,39.030,0,0.000,5
BREST,2026-06,0,3,25.030,0,0.000,6
BREST,2026-07,0,0,5.290,0,0.000,2
BREST,2026-08,0,1,33.160,0,0.000,2
BREST,2026-09,0,0,42.920,0,,0
CHAMBERY CHALLES LES EAUX,2017-12,23,0,154.600,2,15.000,0
CHAMBERY CHALLES LES EAUX,2018-01,6,0,194.490,2,13.000,0
CHAMBERY CHALLES LES EAUX,2018-02,26,0,55.110,0,8.000,0
CHAMBERY CHALLES LES EAUX,2018-03,16,0,134.420,0,9.000,0
CHAMBERY CHALLES LES EAUX,2018-04,0,0,41.230,0,2.000,0
CHAMBERY CHALLES LES EAUX,2018-05,0,0,114.880,0,2.000,0
CHAMBERY CHALLES LES EAUX,2018-06,0,0,81.720,0,0.000,0
CHAMBERY CHALLES LES EAUX,2018-07,0,1,51.930,0,0.000,0
CHAMBERY CHALLES LES EAUX,2018-08,0,0,57.040,0,0.000,0
CHAMBERY CHALLES LES EAUX,2018-09,0,0,26.180,0,0.000,0
CHAMBERY CHALLES LES EAUX,2018-10,2,0,85.910,1,3.000,0
CHAMBERY CHALLES LES EAUX,2018-11,4,0,85.050,1,5.000,0
CHAMBERY CHALLES LES EAUX,2018-12,14,0,128.180,1,9.000,0
CHAMBERY CHALLES LES EAUX,2019-01,31,0,56.860,0,10.000,0
CHAMBERY CHALLES LES EAUX,2019-02,13,0,67.930,1,5.000,0
CHAMBERY CHALLES LES EAUX,2019-03,7,0,61.290,0,2.000,0
CHAMBERY CHALLES LES EAUX,2019-04,4,0,79.890,1,3.000,0
CHAMBERY CHALLES LES EAUX,2019-05,2,0,77.890,1,1.000,0
CHAMBERY CHALLES LES EAUX,2019-06,0,4,92.650,1,0.000,0
CHAMBERY CHALLES LES EAUX,2019-07,0,3,49.170,0,0.000,0
CHAMBERY CHALLES LES EAUX,2019-08,0,1,66.670,1,0.000,0
CHAMBERY CHALLES LES EAUX,2019-09,0,0,42.320,1,0.000,0
CHAMBERY CHALLES LES EAUX,2019-10,0,0,138.540,1,0.000,0
CHAMBERY CHALLES LES EAUX,2019-11,11,0,183.800,2,9.000,0
CHAMBERY CHALLES LES EAUX,2019-12,14,0,163.050,3,12.000,1
CHAMBERY CHALLES LES EAUX,2020-01,15,0,43.550,0,3.000,0
CHAMBERY CHALLES LES EAUX,2020-02,7,0,79.070,0,7.000,1
CHAMBERY CHALLES LES EAUX,2020-03,11,0,69.200,1,3.000,0
CHAMBERY CHALLES LES EAUX,2020-04,2,0,45.650,0,0.000,0
CHAMBERY CHALLES LES EAUX,2020-05,0,0,101.790,0,0.000,0
CHAMBERY CHALLES LES EAUX,2020-06,0,0,120.310,0,0.000,0
CHAMBERY CHALLES LES EAUX,2020-07,0,1,21.680,0,0.000,0
CHAMBERY CHALLES LES EAUX,2020-08,0,0,89.060,1,0.000,0
CHAMBERY CHALLES LES EAUX,2020-09,0,0,69.270,0,2.000,0
CHAMBERY CHALLES LES EAUX,2020-10,0,0,155.770,3,1.000,0
CHAMBERY CHALLES LES EAUX,2020-11,4,0,28.260,0,1.000,0
CHAMBERY CHALLES LES EAUX,2020-12,17,0,118.520,0,12.000,0
CHAMBERY CHALLES LES EAUX,2021-01,24,0,132.490,0,18.000,0
CHAMBERY CHALLES LES EAUX,2021-02,10,0,46.180,0,3.000,0
CHAMBERY CHALLES LES EAUX,2021-03,12,0,51.320,0,5.000,0
CHAMBERY CHALLES LES EAUX,2021-04,9,0,58.720,0,2.000,0
CHAMBERY CHALLES LES EAUX,2021-05,0,0,148.570,2,2.000,0
CHAMBERY CHALLES LES EAUX,2021-06,0,0,80.190,0,0.000,0
CHAMBERY CHALLES LES EAUX,2021-07,0,0,141.360,2,1.000,0
CHAMBERY CHALLES LES EAUX,2021-08,0,1,57.920,0,0.000,0
CHAMBERY CHALLES LES EAUX,2021-09,0,0,78.270,0,0.000,0
CHAMBERY CHALLES LES EAUX,2021-10,1,0,81.830,2,0.000,0
CHAMBERY CHALLES LES EAUX,2021-11,7,0,71.670,1,4.000,0
CHAMBERY CHALLES LES EAUX,2021-12,23,0,175.910,3,13.000,0
CHAMBERY CHALLES LES EAUX,2022-01,26,0,34.960,0,5.000,0
CHAMBERY CHALLES LES EAUX,2022-02,14,0,63.130,0,7.000,0
CHAMBERY CHALLES LES EAUX,2022-03,6,0,20.600,0,1.000,0
CHAMBERY CHALLES LES EAUX,2022-04,7,0,70.820,0,3.000,0
CHAMBERY CHALLES LES EAUX,2022-05,0,0,36.700,0,0.000,0
CHAMBERY CHALLES LES EAUX,2022-06,0,1,86.490,0,0.000,0
CHAMBERY CHALLES LES EAUX,2022-07,0,5,12.570,0,0.000,0
CHAMBERY CHALLES LES EAUX,2022-08,0,3,55.450,0,0.000,0
CHAMBERY CHALLES LES EAUX,2022-09,0,0,121.110,1,0.000,0
CHAMBERY CHALLES LES EAUX,2022-10,0,0,59.620,0,0.000,0
CHAMBERY CHALLES LES EAUX,2022-11,1,0,117.900,1,2.000,0
CHAMBERY CHALLES LES EAUX,2022-12,14,0,126.700,1,7.000,0
CHAMBERY CHALLES LES EAUX,2023-01,17,0,55.080,0,5.000,0
CHAMBERY CHALLES LES EAUX,2023-02,16,0,4.820,0,0.000,1
CHAMBERY CHALLES LES EAUX,2023-03,11,0,124.060,0,7.000,0
CHAMBERY CHALLES LES EAUX,2023-04,3,0,76.620,0,3.000,0
CHAMBERY CHALLES LES EAUX,2023-05,0,0,72.130,0,0.000,0
CHAMBERY CHALLES LES EAUX,2023-06,0,0,89.620,0,0.000,0
CHAMBERY CHALLES LES EAUX,2023-07,0,2,33.260,0,0.000,0
CHAMBERY CHALLES LES EAUX,2023-08,0,11,65.850,1,0.000,0
CHAMBERY CHALLES LES EAUX,2023-09,0,1,66.650,1,0.000,0
CHAMBERY CHALLES LES EAUX,2023-10,0,0,144.400,2,0.000,0
CHAMBERY CHALLES LES EAUX,2023-11,7,0,178.590,2,9.000,1
CHAMBERY CHALLES LES EAUX,2023-12,9,0,170.560,2,8.000,0
CHAMBERY CHALLES LES EAUX,2024-01,15,0,99.190,2,8.000,0
CHAMBERY CHALLES LES EAUX,2024-02,2,0,57.820,1,1.000,0
CHAMBERY CHALLES LES EAUX,2024-03,4,0,101.860,0,4.000,0
CHAMBERY CHALLES LES EAUX,2024-04,7,0,79.190,0,3.000,0
CHAMBERY CHALLES LES EAUX,2024-05,0,0,146.460,1,1.000,0
CHAMBERY CHALLES LES EAUX,2024-06,0,0,115.530,0,0.000,0
CHAMBERY CHALLES LES EAUX,2024-07,0,3,78.250,2,0.000,0
CHAMBERY CHALLES LES EAUX,2024-08,0,1,35.600,0,0.000,0
CHAMBERY CHALLES LES EAUX,2024-09,0,0,164.910,2,0.000,0
CHAMBERY CHALLES LES EAUX,2024-10,0,0,136.430,1,0.000,1
CHAMBERY CHALLES LES EAUX,2024-11,5,0,47.590,0,3.000,1
CHAMBERY CHALLES LES EAUX,2024-12,19,0,104.200,1,7.000,0
CHAMBERY CHALLES LES EAUX,2025-01,14,0,118.670,1,8.000,0
CHAMBERY CHALLES LES EAUX,2025-02,13,0,27.900,0,0.000,0
CHAMBERY CHALLES LES EAUX,2025-03,6,0,47.200,0,2.000,0
CHAMBERY CHALLES LES EAUX,2025-04,0,0,76.410,1,2.000,0
CHAMBERY CHALLES LES EAUX,2025-05,0,0,72.350,0,0.000,0
CHAMBERY CHALLES LES EAUX,2025-06,0,1,61.600,0,0.000,0
CHAMBERY CHALLES LES EAUX,2025-07,0,0,72.000,0,0.000,0
CHAMBERY CHALLES LES EAUX,2025-08,0,3,59.020,0,0.000,0
CHAMBERY CHALLES LES EAUX,2025-09,0,0,120.540,1,0.000,0
CHAMBERY CHALLES LES EAUX,2025-10,0,0,123.150,0,1.000,0
CHAMBERY CHALLES LES EAUX,2025-11,9,0,110.120,2,5.000,0
CHAMBERY CHALLES LES EAUX,2025-12,11,0,34.610,0,0.000,0
CHAMBERY CHALLES LES EAUX,2026-01,22,0,77.930,0,7.000,0
CHAMBERY CHALLES LES EAUX,2026-02,5,0,151.460,1,8.000,0
CHAMBERY CHALLES LES EAUX,2026-03,8,0,42.610,0,3.000,0
CHAMBERY CHALLES LES EAUX,2026-04,3,0,27.940,0,0.000,0
CHAMBERY CHALLES LES EAUX,2026-05,0,0,64.830,0,1.000,0
CHAMBERY CHALLES LES EAUX,2026-06,0,8,55.760,0,0.000,0
CHAMBERY CHALLES LES EAUX,2026-07,0,7,25.760,0,0.000,0
CHAMBERY CHALLES LES EAUX,2026-08,0,10,48.080,0,0.000,0
CHAMBERY CHALLES LES EAUX,2026-09,0,0,18.220,0,,0
DIJON VILLE,2017-12,18,0,108.440,0,3.000,7
DIJON VILLE,2018-01,5,0,168.640,0,1.000,9
DIJON VILLE,2018-02,28,0,51.670,0,7.000,1
DIJON VILLE,2018-03,14,0,138.620,2,4.000,1
DIJON VILLE,2018-04,0,0,59.130,0,0.000,1
DIJON VILLE,2018-05,0,0,112.900,0,0.000,0
DIJON VILLE,2018-06,0,0,97.330,1,0.000,0
DIJON VILLE,2018-07,0,0,49.370,0,0.000,0
DIJON VILLE,2018-08,0,1,45.010,0,0.000,0
DIJON VILLE,2018-09,0,0,21.220,0,0.000,1
DIJON VILLE,2018-10,0,0,40.490,0,2.000,2
DIJON VILLE,2018-11,5,0,64.710,0,1.000,1
DIJON VILLE,2018-12,12,0,98.570,1,1.000,5
DIJON VILLE,2019-01,25,0,50.780,0,4.000,2
DIJON VILLE,2019-02,15,0,21.830,0,0.000,1
DIJON VILLE,2019-03,7,0,53.230,0,0.000,9
DIJON VILLE,2019-04,5,0,66.020,1,0.000,2
DIJON VILLE,2019-05,0,0,56.420,0,0.000,4
DIJON VILLE,2019-06,0,1,57.840,0,0.000,2
DIJON VILLE,2019-07,0,4,24.330,0,0.000,0
DIJON VILLE,2019-08,0,2,49.570,0,0.000,0
DIJON VILLE,2019-09,0,0,39.070,0,0.000,1
DIJON VILLE,2019-10,0,0,121.180,3,0.000,0
DIJON VILLE,2019-11,6,0,86.280,0,2.000,1
DIJON VILLE,2019-12,13,0,108.370,0,3.000,8
DIJON VILLE,2020-01,12,0,36.040,0,0.000,2
DIJON VILLE,2020-02,7,0,91.540,0,2.000,11
DIJON VILLE,2020-03,13,0,59.400,1,0.000,4
DIJON VILLE,2020-04,5,0,24.430,0,0.000,0
DIJON VILLE,2020-05,0,0,70.020,1,0.000,0
DIJON VILLE,2020-06,0,0,86.250,0,0.000,1
DIJON VILLE,2020-07,0,1,15.980,0,0.000,0
DIJON VILLE,2020-08,0,7,53.610,0,0.000,0
DIJON VILLE,2020-09,0,0,60.990,1,0.000,2
DIJON VILLE,2020-10,0,0,138.630,1,0.000,5
DIJON VILLE,2020-11,8,0,23.770,0,0.000,1
DIJON VILLE,2020-12,15,0,107.410,0,5.000,4
DIJON VILLE,2021-01,24,0,89.060,0,4.000,4
DIJON VILLE,2021-02,11,0,48.440,0,2.000,3
DIJON VILLE,2021-03,13,0,40.700,0,0.000,2
DIJON VILLE,2021-04,11,0,27.400,0,0.000,0
DIJON VILLE,2021-05,0,0,112.520,1,0.000,4
DIJON VILLE,2021-06,0,0,101.250,0,0.000,0
DIJON VILLE,2021-07,0,0,126.230,2,0.000,0
DIJON VILLE,2021-08,0,0,38.110,0,0.000,0
DIJON VILLE,2021-09,0,0,63.800,0,0.000,0
DIJON VILLE,2021-10,0,0,72.940,1,0.000,5
DIJON VILLE,2021-11,11,0,41.310,0,2.000,0
DIJON VILLE,2021-12,15,0,93.190,0,2.000,1
DIJON VILLE,2022-01,25,0,46.610,0,1.000,4
DIJON VILLE,2022-02,12,0,43.400,0,0.000,7
DIJON VILLE,2022-03,9,0,28.890,0,0.000,1
DIJON VILLE,2022-04,5,0,56.490,0,0.000,2
DIJON VILLE,2022-05,0,0,31.990,0,0.000,1
DIJON VILLE,2022-06,0,2,118.330,2,0.000,0
DIJON VILLE,2022-07,0,1,7.000,0,0.000,0
DIJON VILLE,2022-08,0,2,37.430,0,0.000,0
DIJON VILLE,2022-09,0,0,82.240,0,0.000,0
DIJON VILLE,2022-10,0,0,76.690,1,0.000,0
DIJON VILLE,2022-11,0,0,68.840,0,0.000,0
DIJON VILLE,2022-12,17,0,62.300,0,3.000,2
DIJON VILLE,2023-01,14,0,64.790,0,3.000,3
DIJON VILLE,2023-02,16,0,13.200,0,0.000,2
DIJON VILLE,2023-03,12,0,80.300,0,1.000,8
DIJON VILLE,2023-04,2,0,60.010,0,0.000,2
DIJON VILLE,2023-05,0,0,45.730,0,0.000,0
DIJON VILLE,2023-06,0,0,48.040,0,0.000,0
DIJON VILLE,2023-07,0,2,62.450,1,0.000,0
DIJON VILLE,2023-08,0,4,68.490,0,0.000,1
DIJON VILLE,2023-09,0,5,39.770,0,0.000,0
DIJON VILLE,2023-10,0,0,158.310,1,0.000,3
DIJON VILLE,2023-11,8,0,122.630,0,2.000,5
DIJON VILLE,2023-12,9,0,82.180,0,1.000,2
DIJON VILLE,2024-01,17,0,64.110,0,1.000,4
DIJON VILLE,2024-02,1,0,80.310,0,0.000,2
DIJON VILLE,2024-03,2,0,108.000,0,0.000,2
DIJON VILLE,2024-04,3,0,73.440,0,0.000,2
DIJON VILLE,2024-05,0,0,132.020,0,0.000,0
DIJON VILLE,2024-06,0,0,109.740,0,0.000,0
DIJON VILLE,2024-07,0,0,69.590,0,0.000,0
DIJON VILLE,2024-08,0,0,62.410,0,0.000,0
DIJON VILLE,2024-09,0,0,123.920,2,0.000,2
DIJON VILLE,2024-10,0,0,109.330,2,0.000,2
DIJON VILLE,2024-11,7,0,61.600,1,2.000,3
DIJON VILLE,2024-12,15,0,68.580,0,0.000,2
DIJON VILLE,2025-01,20,0,96.750,0,2.000,6
DIJON VILLE,2025-02,16,0,34.820,0,0.000,2
DIJON VILLE,2025-03,7,0,30.700,0,0.000,0
DIJON VILLE,2025-04,2,0,48.130,0,0.000,1
DIJON VILLE,2025-05,0,0,53.210,0,0.000,0
DIJON VILLE,2025-06,0,0,96.140,1,0.000,0
DIJON VILLE,2025-07,0,2,78.930,0,0.000,0
DIJON VILLE,2025-08,0,1,81.550,1,0.000,0
DIJON VILLE,2025-09,0,0,113.760,1,0.000,0
DIJON VILLE,2025-10,0,0,110.520,0,0.000,4
DIJON VILLE,2025-11,10,0,103.250,0,1.000,0
DIJON VILLE,2025-12,9,0,34.770,0,0.000,1
DIJON VILLE,2026-01,20,0,64.600,0,3.000,2
DIJON VILLE,2026-02,4,0,131.030,1,1.000,3
DIJON VILLE,2026-03,7,0,34.790,0,0.000,2
DIJON VILLE,2026-04,1,0,15.570,0,0.000,0
DIJON VILLE,2026-05,0,0,45.170,0,0.000,0
DIJON VILLE,2026-06,0,6,38.500,0,0.000,0
DIJON VILLE,2026-07,0,6,17.150,0,0.000,0
DIJON VILLE,2026-08,0,9,41.320,0,0.000,0
DIJON VILLE,2026-09,0,0,12.120,0,,0
DOUAI,2017-12,12,0,112.220,1,4.000,11
DOUAI,2018-01,7,0,84.640,0,0.000,11
DOUAI,2018-02,23,0,28.570,0,2.000,5
DOUAI,2018-03,10,0,74.180,0,2.000,2
DOUAI,2018-04,0,0,66.290,1,0.000,0
DOUAI,2018-05,0,0,45.870,0,0.000,0
DOUAI,2018-06,0,0,17.270,0,0.000,0
DOUAI,2018-07,0,2,18.690,0,0.000,0
DOUAI,2018-08,0,1,69.660,0,0.000,0
DOUAI,2018-09,0,0,48.750,1,0.000,2
DOUAI,2018-10,0,0,46.910,1,1.000,0
DOUAI,2018-11,7,0,48.760,0,0.000,2
DOUAI,2018-12,9,0,78.090,0,1.000,7
DOUAI,2019-01,15,0,47.750,0,4.000,3
DOUAI,2019-02,9,0,46.920,0,1.000,5
DOUAI,2019-03,0,0,71.970,0,0.000,13
DOUAI,2019-04,6,0,42.470,0,0.000,2
DOUAI,2019-05,0,0,43.030,0,0.000,0
DOUAI,2019-06,0,0,68.330,0,0.000,2
DOUAI,2019-07,0,3,27.660,0,0.000,0
DOUAI,2019-08,0,1,35.300,0,0.000,1
DOUAI,2019-09,0,0,48.660,0,0.000,2
DOUAI,2019-10,1,0,102.800,0,0.000,4
DOUAI,2019-11,5,0,70.770,0,0.000,3
DOUAI,2019-12,8,0,79.920,0,0.000,11
DOUAI,2020-01,8,0,33.400,0,0.000,7
DOUAI,2020-02,3,0,106.990,0,0.000,19
DOUAI,2020-03,11,0,62.850,0,0.000,7
DOUAI,2020-04,2,0,32.160,0,0.000,1
DOUAI,2020-05,0,0,14.740,0,0.000,3
DOUAI,2020-06,0,0,77.090,1,0.000,2
DOUAI,2020-07,0,1,44.190,0,0.000,2
DOUAI,2020-08,0,5,50.950,0,0.000,2
DOUAI,2020-09,0,0,62.910,0,0.000,4
DOUAI,2020-10,0,0,123.360,0,0.000,8
DOUAI,2020-11,4,0,42.470,0,0.000,4
DOUAI,2020-12,9,0,82.310,0,0.000,6
DOUAI,2021-01,20,0,107.820,0,3.000,6
DOUAI,2021-02,8,0,40.990,0,3.000,1
DOUAI,2021-03,5,0,37.040,0,0.000,5
DOUAI,2021-04,6,0,21.880,0,0.000,1
DOUAI,2021-05,0,0,78.030,0,0.000,4
DOUAI,2021-06,0,0,162.310,2,0.000,0
DOUAI,2021-07,0,0,85.470,0,0.000,2
DOUAI,2021-08,0,0,67.030,0,0.000,1
DOUAI,2021-09,0,0,28.560,0,0.000,0
DOUAI,2021-10,0,0,93.750,1,0.000,6
DOUAI,2021-11,3,0,52.610,0,0.000,2
DOUAI,2021-12,6,0,71.450,0,1.000,5
DOUAI,2022-01,14,0,49.730,0,0.000,4
DOUAI,2022-02,7,0,51.410,0,0.000,15
DOUAI,2022-03,4,0,15.530,0,0.000,1
DOUAI,2022-04,3,0,28.780,0,1.000,4
DOUAI,2022-05,0,0,44.700,0,0.000,0
DOUAI,2022-06,0,0,64.780,0,0.000,0
DOUAI,2022-07,0,1,9.670,0,0.000,0
DOUAI,2022-08,0,0,15.570,0,0.000,0
DOUAI,2022-09,0,0,98.610,0,0.000,2
DOUAI,2022-10,0,0,44.360,0,0.000,2
DOUAI,2022-11,0,0,77.520,0,0.000,4
DOUAI,2022-12,14,0,94.510,0,2.000,7
DOUAI,2023-01,13,0,79.140,0,0.000,12
DOUAI,2023-02,8,0,9.990,0,0.000,3
DOUAI,2023-03,5,0,121.160,0,1.000,10
DOUAI,2023-04,3,0,62.280,0,0.000,2
DOUAI,2023-05,0,0,51.720,0,0.000,0
DOUAI,2023-06,0,0,27.110,0,0.000,0
DOUAI,2023-07,0,0,92.760,0,0.000,3
DOUAI,2023-08,0,0,80.780,0,0.000,2
DOUAI,2023-09,0,0,48.530,1,0.000,3
DOUAI,2023-10,0,0,98.620,0,0.000,4
DOUAI,2023-11,2,0,124.210,0,0.000,7
DOUAI,2023-12,4,0,68.890,0,1.000,14
DOUAI,2024-01,17,0,65.140,0,1.000,10
DOUAI,2024-02,0,0,115.420,1,0.000,7
DOUAI,2024-03,1,0,86.970,0,0.000,3
DOUAI,2024-04,1,0,72.080,0,0.000,9
DOUAI,2024-05,0,0,89.450,0,0.000,0
DOUAI,2024-06,0,0,83.980,1,0.000,2
DOUAI,2024-07,0,0,79.060,0,0.000,1
DOUAI,2024-08,0,0,58.320,0,0.000,2
DOUAI,2024-09,0,0,87.490,0,0.000,3
DOUAI,2024-10,0,0,58.920,0,0.000,1
DOUAI,2024-11,4,0,53.390,0,0.000,5
DOUAI,2024-12,8,0,46.630,0,0.000,9
DOUAI,2025-01,19,0,102.540,0,5.000,8
DOUAI,2025-02,13,0,30.210,0,0.000,1
DOUAI,2025-03,10,0,8.680,0,0.000,0
DOUAI,2025-04,0,0,11.560,0,0.000,0
DOUAI,2025-05,0,0,33.730,0,0.000,2
DOUAI,2025-06,0,0,42.900,0,0.000,0
DOUAI,2025-07,0,1,62.490,0,0.000,0
DOUAI,2025-08,0,0,21.320,0,0.000,0
DOUAI,2025-09,0,0,34.150,0,0.000,3
DOUAI,2025-10,0,0,58.020,0,0.000,5
DOUAI,2025-11,4,0,58.540,0,1.000,1
DOUAI,2025-12,8,0,28.540,0,0.000,7
DOUAI,2026-01,10,0,59.570,0,2.000,6
DOUAI,2026-02,4,0,82.910,0,2.000,3
DOUAI,2026-03,1,0,31.800,0,0.000,3
DOUAI,2026-04,0,0,5.960,0,0.000,1
DOUAI,2026-05,0,0,61.320,0,0.000,0
DOUAI,2026-06,0,5,42.960,0,0.000,1
DOUAI,2026-07,0,3,2.940,0,0.000,1
DOUAI,2026-08,0,5,40.820,0,0.000,1
DOUAI,2026-09,0,0,46.430,0,,0
DUNKERQUE,2017-12,0,0,116.660,1,3.000,11
DUNKERQUE,2018-01,0,0,82.860,0,1.000,14
DUNKERQUE,2018-02,16,0,35.750,0,1.000,6
DUNKERQUE,2018-03,7,0,73.350,0,1.000,4
DUNKERQUE,2018-04,0,0,77.330,1,0.000,3
DUNKERQUE,2018-05,0,0,35.290,0,0.000,2
DUNKERQUE,2018-06,0,0,7.410,0,0.000,1
DUNKERQUE,2018-07,0,0,22.600,0,0.000,1
DUNKERQUE,2018-08,0,0,66.060,0,0.000,2
DUNKERQUE,2018-09,0,0,50.510,1,0.000,5
DUNKERQUE,2018-10,0,0,54.790,1,0.000,3
DUNKERQUE,2018-11,0,0,46.890,0,0.000,7
DUNKERQUE,2018-12,5,0,81.330,0,1.000,12
DUNKERQUE,2019-01,9,0,47.240,0,5.000,7
DUNKERQUE,2019-02,3,0,41.350,0,0.000,7
DUNKERQUE,2019-03,0,0,64.390,0,0.000,16
DUNKERQUE,2019-04,0,0,31.850,0,0.000,1
DUNKERQUE,2019-05,0,0,35.490,0,0.000,1
DUNKERQUE,2019-06,0,0,67.840,0,0.000,2
DUNKERQUE,2019-07,0,1,35.060,0,0.000,2
DUNKERQUE,2019-08,0,0,36.870,0,0.000,1
DUNKERQUE,2019-09,0,0,52.280,0,0.000,7
DUNKERQUE,2019-10,0,0,103.870,0,0.000,9
DUNKERQUE,2019-11,2,0,87.880,0,0.000,2
DUNKERQUE,2019-12,0,0,90.830,0,0.000,15
DUNKERQUE,2020-01,1,0,39.120,0,0.000,13
DUNKERQUE,2020-02,1,0,106.380,0,0.000,23
DUNKERQUE,2020-03,4,0,69.080,1,0.000,11
DUNKERQUE,2020-04,1,0,26.250,0,0.000,2
DUNKERQUE,2020-05,0,0,15.720,0,0.000,4
DUNKERQUE,2020-06,0,0,86.160,0,0.000,4
DUNKERQUE,2020-07,0,0,72.780,0,0.000,3
DUNKERQUE,2020-08,0,0,80.010,0,0.000,5
DUNKERQUE,2020-09,0,0,85.020,0,0.000,5
DUNKERQUE,2020-10,0,0,185.280,1,0.000,12
DUNKERQUE,2020-11,0,0,76.780,0,0.000,6
DUNKERQUE,2020-12,0,0,102.900,0,0.000,9
DUNKERQUE,2021-01,4,0,115.340,0,2.000,8
DUNKERQUE,2021-02,8,0,41.910,0,1.000,4
DUNKERQUE,2021-03,2,0,45.170,0,0.000,9
DUNKERQUE,2021-04,0,0,20.640,0,0.000,1
DUNKERQUE,2021-05,0,0,80.390,0,0.000,5
DUNKERQUE,2021-06,0,0,111.860,0,0.000,0
DUNKERQUE,2021-07,0,0,66.860,0,0.000,3
DUNKERQUE,2021-08,0,0,58.650,0,0.000,3
DUNKERQUE,2021-09,0,0,30.760,0,0.000,2
DUNKERQUE,2021-10,0,0,100.680,0,0.000,8
DUNKERQUE,2021-11,0,0,76.990,0,0.000,4
DUNKERQUE,2021-12,3,0,86.770,0,1.000,9
DUNKERQUE,2022-01,0,0,38.750,0,0.000,9
DUNKERQUE,2022-02,4,0,46.460,0,0.000,16
DUNKERQUE,2022-03,2,0,22.780,0,0.000,2
DUNKERQUE,2022-04,0,0,26.900,0,1.000,4
DUNKERQUE,2022-05,0,0,43.000,0,0.000,1
DUNKERQUE,2022-06,0,0,43.630,0,0.000,0
DUNKERQUE,2022-07,0,0,9.840,0,0.000,1
DUNKERQUE,2022-08,0,0,21.400,0,0.000,0
DUNKERQUE,2022-09,0,0,126.150,0,0.000,1
DUNKERQUE,2022-10,0,0,53.790,0,0.000,4
DUNKERQUE,2022-11,0,0,123.180,0,0.000,11
DUNKERQUE,2022-12,6,0,85.250,0,1.000,9
DUNKERQUE,2023-01,4,0,92.740,1,0.000,13
DUNKERQUE,2023-02,4,0,9.040,0,0.000,3
DUNKERQUE,2023-03,2,0,98.620,0,1.000,11
DUNKERQUE,2023-04,2,0,68.700,0,0.000,4
DUNKERQUE,2023-05,0,0,41.340,0,0.000,0
DUNKERQUE,2023-06,0,0,24.250,0,0.000,0
DUNKERQUE,2023-07,0,0,69.310,0,0.000,8
DUNKERQUE,2023-08,0,0,80.590,0,0.000,2
DUNKERQUE,2023-09,0,0,48.420,0,0.000,3
DUNKERQUE,2023-10,0,0,130.080,0,0.000,5
DUNKERQUE,2023-11,0,0,166.810,1,0.000,13
DUNKERQUE,2023-12,3,0,90.390,0,1.000,16
DUNKERQUE,2024-01,10,0,63.070,0,1.000,11
DUNKERQUE,2024-02,0,0,114.460,0,0.000,12
DUNKERQUE,2024-03,0,0,70.120,0,0.000,7
DUNKERQUE,2024-04,0,0,75.890,0,0.000,11
DUNKERQUE,2024-05,0,0,86.770,0,0.000,2
DUNKERQUE,2024-06,0,0,49.110,0,0.000,2
DUNKERQUE,2024-07,0,0,94.400,0,0.000,1
DUNKERQUE,2024-08,0,0,48.140,0,0.000,3
DUNKERQUE,2024-09,0,0,115.390,0,0.000,4
DUNKERQUE,2024-10,0,0,57.870,0,0.000,2
DUNKERQUE,2024-11,0,0,58.750,0,0.000,8
DUNKERQUE,2024-12,2,0,51.130,0,0.000,11
DUNKERQUE,2025-01,8,0,92.360,1,4.000,8
DUNKERQUE,2025-02,9,0,38.370,0,0.000,4
DUNKERQUE,2025-03,2,0,8.620,0,0.000,0
DUNKERQUE,2025-04,0,0,10.390,0,0.000,0
DUNKERQUE,2025-05,0,0,21.120,0,0.000,3
DUNKERQUE,2025-06,0,0,43.360,0,0.000,4
DUNKERQUE,2025-07,0,0,42.720,0,0.000,0
DUNKERQUE,2025-08,0,0,20.790,0,0.000,2
DUNKERQUE,2025-09,0,0,38.500,0,0.000,11
DUNKERQUE,2025-10,0,0,68.500,0,0.000,10
DUNKERQUE,2025-11,0,0,68.470,0,1.000,6
DUNKERQUE,2025-12,6,0,32.580,0,0.000,9
DUNKERQUE,2026-01,4,0,74.380,0,1.000,12
DUNKERQUE,2026-02,2,0,73.680,0,1.000,8
DUNKERQUE,2026-03,0,0,27.800,0,0.000,9
DUNKERQUE,2026-04,0,0,4.490,0,0.000,4
DUNKERQUE,2026-05,0,0,33.090,0,0.000,2
DUNKERQUE,2026-06,0,0,35.340,0,0.000,7
DUNKERQUE,2026-07,0,1,2.290,0,0.000,2
DUNKERQUE,2026-08,0,2,32.060,0,0.000,5
DUNKERQUE,2026-09,0,0,63.610,0,,2
FRANCFORT,2017-12,20,0,82.910,0,6.000,1
FRANCFORT,2018-01,7,0,90.510,0,1.000,6
FRANCFORT,2018-02,28,0,13.620,0,2.000,1
FRANCFORT,2018-03,16,0,52.210,0,1.000,0
FRANCFORT,2018-04,1,0,62.670,1,0.000,0
FRANCFORT,2018-05,0,0,42.960,0,0.000,0
FRANCFORT,2018-06,0,0,38.880,0,0.000,1
FRANCFORT,2018-07,0,7,25.880,0,0.000,0
FRANCFORT,2018-08,0,12,17.630,0,0.000,0
FRANCFORT,2018-09,0,0,36.050,1,0.000,1
FRANCFORT,2018-10,0,0,14.210,0,0.000,1
FRANCFORT,2018-11,11,0,23.890,0,0.000,0
FRANCFORT,2018-12,14,0,90.250,0,1.000,5
FRANCFORT,2019-01,23,0,61.120,0,4.000,1
FRANCFORT,2019-02,21,0,19.100,0,0.000,3
FRANCFORT,2019-03,4,0,58.150,0,0.000,9
FRANCFORT,2019-04,4,0,37.700,0,0.000,0
FRANCFORT,2019-05,0,0,77.390,0,0.000,0
FRANCFORT,2019-06,0,4,61.910,0,0.000,0
FRANCFORT,2019-07,0,5,45.450,0,0.000,0
FRANCFORT,2019-08,0,4,50.580,0,0.000,0
FRANCFORT,2019-09,0,0,50.550,0,0.000,2
FRANCFORT,2019-10,2,0,82.650,0,0.000,0
FRANCFORT,2019-11,12,0,52.770,0,0.000,0
FRANCFORT,2019-12,15,0,62.410,0,2.000,2
FRANCFORT,2020-01,18,0,37.580,0,0.000,1
FRANCFORT,2020-02,7,0,102.880,0,1.000,8
FRANCFORT,2020-03,9,0,52.720,0,0.000,1
FRANCFORT,2020-04,3,0,14.530,0,0.000,2
FRANCFORT,2020-05,1,0,44.510,0,0.000,1
FRANCFORT,2020-06,0,0,76.440,0,0.000,1
FRANCFORT,2020-07,0,1,27.090,0,0.000,0
FRANCFORT,2020-08,0,9,76.840,0,0.000,1
FRANCFORT,2020-09,0,0,35.180,0,0.000,0
FRANCFORT,2020-10,0,0,64.450,0,0.000,0
FRANCFORT,2020-11,9,0,22.740,0,1.000,0
FRANCFORT,2020-12,21,0,86.500,0,3.000,0
FRANCFORT,2021-01,27,0,75.910,0,10.000,4
FRANCFORT,2021-02,13,0,50.750,0,3.000,2
FRANCFORT,2021-03,13,0,30.490,0,0.000,3
FRANCFORT,2021-04,10,0,35.210,0,0.000,0
FRANCFORT,2021-05,0,0,73.400,0,0.000,2
FRANCFORT,2021-06,0,2,90.920,0,0.000,0
FRANCFORT,2021-07,0,0,83.180,0,0.000,0
FRANCFORT,2021-08,0,0,70.380,0,0.000,0
FRANCFORT,2021-09,0,0,30.700,0,0.000,0
FRANCFORT,2021-10,0,0,43.950,0,0.000,1
FRANCFORT,2021-11,11,0,37.510,0,1.000,0
FRANCFORT,2021-12,15,0,57.580,0,4.000,2
FRANCFORT,2022-01,23,0,63.970,1,3.000,2
FRANCFORT,2022-02,12,0,57.190,0,0.000,9
FRANCFORT,2022-03,14,0,19.030,0,0.000,0
FRANCFORT,2022-04,6,0,63.800,0,3.000,2
FRANCFORT,2022-05,0,0,26.980,0,0.000,0
FRANCFORT,2022-06,0,4,33.730,0,0.000,0
FRANCFORT,2022-07,0,6,31.720,0,0.000,0
FRANCFORT,2022-08,0,9,21.490,0,0.000,0
FRANCFORT,2022-09,0,0,101.560,1,0.000,0
FRANCFORT,2022-10,0,0,60.690,0,0.000,0
FRANCFORT,2022-11,2,0,56.810,0,1.000,0
FRANCFORT,2022-12,19,0,50.680,0,1.000,3
FRANCFORT,2023-01,15,0,65.330,0,2.000,5
FRANCFORT,2023-02,15,0,21.310,0,0.000,2
FRANCFORT,2023-03,13,0,90.540,0,2.000,5
FRANCFORT,2023-04,4,0,56.980,0,0.000,0
FRANCFORT,2023-05,0,0,35.150,0,0.000,0
FRANCFORT,2023-06,0,1,24.810,0,0.000,0
FRANCFORT,2023-07,0,5,80.480,0,0.000,0
FRANCFORT,2023-08,0,2,104.740,0,0.000,1
FRANCFORT,2023-09,0,0,28.020,0,0.000,0
FRANCFORT,2023-10,0,0,90.810,0,0.000,0
FRANCFORT,2023-11,7,0,95.110,0,2.000,4
FRANCFORT,2023-12,9,0,71.300,0,2.000,5
FRANCFORT,2024-01,20,0,64.430,1,2.000,5
FRANCFORT,2024-02,3,0,84.790,0,0.000,4
FRANCFORT,2024-03,2,0,45.410,0,0.000,1
FRANCFORT,2024-04,2,0,51.250,0,0.000,3
FRANCFORT,2024-05,0,0,119.920,0,0.000,0
FRANCFORT,2024-06,0,0,79.390,0,0.000,0
FRANCFORT,2024-07,0,2,65.420,0,0.000,0
FRANCFORT,2024-08,0,5,46.690,0,0.000,0
FRANCFORT,2024-09,0,1,69.390,1,0.000,1
FRANCFORT,2024-10,0,0,66.880,0,0.000,1
FRANCFORT,2024-11,7,0,55.400,0,0.000,2
FRANCFORT,2024-12,20,0,48.820,0,0.000,3
FRANCFORT,2025-01,20,0,79.480,0,3.000,5
FRANCFORT,2025-02,19,0,31.950,0,1.000,0
FRANCFORT,2025-03,11,0,13.550,0,0.000,0
FRANCFORT,2025-04,2,0,27.670,0,0.000,0
FRANCFORT,2025-05,0,0,41.050,0,0.000,0
FRANCFORT,2025-06,0,6,56.020,1,0.000,1
FRANCFORT,2025-07,0,3,74.680,0,0.000,0
FRANCFORT,2025-08,0,5,52.910,1,0.000,0
FRANCFORT,2025-09,0,0,105.280,1,0.000,1
FRANCFORT,2025-10,0,0,62.800,0,0.000,6
FRANCFORT,2025-11,9,0,33.570,0,1.000,0
FRANCFORT,2025-12,15,0,22.530,0,0.000,1
FRANCFORT,2026-01,26,0,58.420,0,9.000,0
FRANCFORT,2026-02,16,0,68.670,0,4.000,1
FRANCFORT,2026-03,4,0,28.650,0,0.000,0
FRANCFORT,2026-04,2,0,18.910,0,0.000,0
FRANCFORT,2026-05,0,0,48.430,0,0.000,0
FRANCFORT,2026-06,0,11,47.570,0,0.000,0
FRANCFORT,2026-07,0,11,20.800,0,0.000,0
FRANCFORT,2026-08,0,13,64.930,0,0.000,0
FRANCFORT,2026-09,0,0,34.140,1,,0
GENEVE,2017-12,28,0,179.440,3,15.000,0
GENEVE,2018-01,15,0,245.670,5,14.000,0
GENEVE,2018-02,27,0,56.650,0,6.000,0
GENEVE,2018-03,20,0,127.950,0,12.000,0
GENEVE,2018-04,2,0,45.970,0,3.000,0
GENEVE,2018-05,0,0,141.780,0,1.000,0
GENEVE,2018-06,0,0,113.910,0,0.000,0
GENEVE,2018-07,0,0,73.540,0,0.000,0
GENEVE,2018-08,0,0,73.140,0,0.000,0
GENEVE,2018-09,0,0,37.490,0,0.000,0
GENEVE,2018-10,2,0,59.270,0,3.000,0
GENEVE,2018-11,9,0,59.540,0,3.000,0
GENEVE,2018-12,15,0,172.210,3,12.000,0
GENEVE,2019-01,31,0,64.750,0,11.000,0
GENEVE,2019-02,13,0,60.470,1,6.000,0
GENEVE,2019-03,11,0,76.310,0,7.000,0
GENEVE,2019-04,5,0,77.810,1,5.000,0
GENEVE,2019-05,3,0,96.510,1,3.000,1
GENEVE,2019-06,0,2,109.450,1,0.000,0
GENEVE,2019-07,0,3,59.990,0,0.000,0
GENEVE,2019-08,0,1,92.730,1,0.000,0
GENEVE,2019-09,0,0,47.010,0,0.000,0
GENEVE,2019-10,0,0,142.930,2,0.000,0
GENEVE,2019-11,14,0,173.070,2,11.000,0
GENEVE,2019-12,15,0,172.700,1,12.000,0
GENEVE,2020-01,17,0,50.280,0,3.000,0
GENEVE,2020-02,13,0,123.470,1,10.000,1
GENEVE,2020-03,15,0,80.890,1,7.000,0
GENEVE,2020-04,0,0,45.790,0,0.000,0
GENEVE,2020-05,0,0,111.490,0,0.000,0
GENEVE,2020-06,0,0,144.830,0,0.000,0
GENEVE,2020-07,0,1,36.430,0,0.000,0
GENEVE,2020-08,0,1,110.260,1,1.000,0
GENEVE,2020-09,0,0,81.090,0,2.000,0
GENEVE,2020-10,1,0,182.500,4,3.000,0
GENEVE,2020-11,4,0,24.910,0,1.000,0
GENEVE,2020-12,23,0,91.900,0,12.000,0
GENEVE,2021-01,29,0,135.080,1,16.000,0
GENEVE,2021-02,13,0,45.730,0,3.000,0
GENEVE,2021-03,15,0,58.290,0,6.000,0
GENEVE,2021-04,12,0,47.430,0,2.000,0
GENEVE,2021-05,0,0,147.330,1,2.000,0
GENEVE,2021-06,0,0,102.330,0,0.000,0
GENEVE,2021-07,0,0,157.400,2,1.000,0
GENEVE,2021-08,0,0,65.340,1,0.000,0
GENEVE,2021-09,0,0,72.450,0,0.000,0
GENEVE,2021-10,1,0,66.250,1,0.000,0
GENEVE,2021-11,14,0,59.380,1,5.000,0
GENEVE,2021-12,22,0,185.200,3,13.000,0
GENEVE,2022-01,25,0,40.670,0,6.000,0
GENEVE,2022-02,19,0,80.900,0,9.000,0
GENEVE,2022-03,11,0,18.520,0,2.000,0
GENEVE,2022-04,7,0,92.150,1,4.000,0
GENEVE,2022-05,0,0,44.030,0,0.000,0
GENEVE,2022-06,0,1,89.180,0,0.000,0
GENEVE,2022-07,0,4,26.390,0,0.000,0
GENEVE,2022-08,0,1,60.910,0,0.000,0
GENEVE,2022-09,0,0,152.240,1,0.000,0
GENEVE,2022-10,0,0,86.310,0,0.000,0
GENEVE,2022-11,4,0,114.160,0,6.000,0
GENEVE,2022-12,17,0,136.740,1,9.000,0
GENEVE,2023-01,21,0,75.120,0,7.000,0
GENEVE,2023-02,15,0,5.540,0,0.000,1
GENEVE,2023-03,12,0,155.090,1,8.000,0
GENEVE,2023-04,5,0,97.010,0,5.000,0
GENEVE,2023-05,0,0,71.530,0,1.000,0
GENEVE,2023-06,0,0,79.530,0,0.000,0
GENEVE,2023-07,0,1,57.570,1,0.000,0
GENEVE,2023-08,0,9,85.720,1,0.000,0
GENEVE,2023-09,0,0,70.380,1,0.000,0
GENEVE,2023-10,0,0,150.610,2,0.000,0
GENEVE,2023-11,10,0,242.030,3,11.000,0
GENEVE,2023-12,11,0,195.620,2,12.000,0
GENEVE,2024-01,18,0,116.300,2,10.000,0
GENEVE,2024-02,4,0,63.400,1,2.000,0
GENEVE,2024-03,9,0,98.650,0,6.000,0
GENEVE,2024-04,8,0,82.900,0,6.000,0
GENEVE,2024-05,0,0,163.650,1,1.000,0
GENEVE,2024-06,0,0,136.810,1,0.000,0
GENEVE,2024-07,0,1,91.350,2,0.000,0
GENEVE,2024-08,0,0,72.470,0,0.000,0
GENEVE,2024-09,0,0,212.980,4,0.000,0
GENEVE,2024-10,0,0,142.470,2,0.000,0
GENEVE,2024-11,8,0,61.680,0,4.000,1
GENEVE,2024-12,25,0,118.860,2,9.000,0
GENEVE,2025-01,24,0,141.570,1,10.000,0
GENEVE,2025-02,17,0,30.950,0,3.000,0
GENEVE,2025-03,10,0,47.960,0,3.000,0
GENEVE,2025-04,1,0,93.740,1,2.000,0
GENEVE,2025-05,0,0,94.900,0,0.000,0
GENEVE,2025-06,0,0,83.820,0,0.000,0
GENEVE,2025-07,0,0,97.120,0,0.000,0
GENEVE,2025-08,0,7,85.770,1,0.000,0
GENEVE,2025-09,0,0,145.580,1,0.000,0
GENEVE,2025-10,0,0,141.990,1,5.000,0
GENEVE,2025-11,11,0,124.550,2,7.000,0
GENEVE,2025-12,11,0,29.830,0,0.000,0
GENEVE,2026-01,27,0,79.030,0,8.000,0
GENEVE,2026-02,12,0,163.390,3,10.000,0
GENEVE,2026-03,10,0,49.920,0,6.000,0
GENEVE,2026-04,3,0,29.370,0,0.000,0
GENEVE,2026-05,0,0,67.950,0,2.000,0
GENEVE,2026-06,0,8,50.680,0,0.000,0
GENEVE,2026-07,0,10,34.710,0,0.000,0
GENEVE,2026-08,0,11,57.890,1,0.000,0
GENEVE,2026-09,0,0,18.500,0,,0
GRENOBLE,2017-12,29,0,120.440,0,13.000,0
GRENOBLE,2018-01,23,0,150.140,1,8.000,0
GRENOBLE,2018-02,28,0,42.290,0,6.000,0
GRENOBLE,2018-03,25,0,124.990,0,4.000,0
GRENOBLE,2018-04,4,0,52.270,0,0.000,0
GRENOBLE,2018-05,2,0,114.410,1,2.000,0
GRENOBLE,2018-06,0,0,76.410,0,0.000,0
GRENOBLE,2018-07,0,0,29.130,0,0.000,0
GRENOBLE,2018-08,0,0,42.380,0,0.000,0
GRENOBLE,2018-09,0,0,17.190,0,0.000,0
GRENOBLE,2018-10,2,0,105.490,2,2.000,0
GRENOBLE,2018-11,9,0,141.730,1,2.000,0
GRENOBLE,2018-12,18,0,88.310,0,3.000,0
GRENOBLE,2019-01,31,0,43.470,0,9.000,0
GRENOBLE,2019-02,20,0,64.070,1,4.000,0
GRENOBLE,2019-03,19,0,42.820,0,1.000,0
GRENOBLE,2019-04,11,0,91.330,1,2.000,0
GRENOBLE,2019-05,6,0,69.090,0,1.000,0
GRENOBLE,2019-06,0,2,70.810,0,0.000,0
GRENOBLE,2019-07,0,1,45.620,0,0.000,0
GRENOBLE,2019-08,0,0,49.300,0,0.000,0
GRENOBLE,2019-09,0,0,43.910,1,0.000,0
GRENOBLE,2019-10,0,0,145.560,2,0.000,0
GRENOBLE,2019-11,16,0,207.560,1,2.000,0
GRENOBLE,2019-12,20,0,137.810,2,8.000,1
GRENOBLE,2020-01,27,0,36.570,0,1.000,0
GRENOBLE,2020-02,19,0,50.930,0,3.000,0
GRENOBLE,2020-03,19,0,66.140,1,2.000,0
GRENOBLE,2020-04,4,0,44.430,0,0.000,0
GRENOBLE,2020-05,0,0,79.860,0,0.000,0
GRENOBLE,2020-06,0,0,98.270,1,0.000,0
GRENOBLE,2020-07,0,0,15.600,0,0.000,0
GRENOBLE,2020-08,0,0,68.990,1,0.000,0
GRENOBLE,2020-09,0,0,77.720,1,0.000,0
GRENOBLE,2020-10,3,0,120.710,2,0.000,0
GRENOBLE,2020-11,10,0,34.930,0,0.000,0
GRENOBLE,2020-12,23,0,126.060,1,11.000,0
GRENOBLE,2021-01,27,0,104.930,0,12.000,0
GRENOBLE,2021-02,18,0,44.970,0,4.000,0
GRENOBLE,2021-03,21,0,33.500,0,3.000,0
GRENOBLE,2021-04,17,0,79.640,1,2.000,0
GRENOBLE,2021-05,3,0,127.570,1,0.000,0
GRENOBLE,2021-06,0,0,75.130,0,0.000,0
GRENOBLE,2021-07,0,0,95.700,0,0.000,0
GRENOBLE,2021-08,0,0,51.080,0,0.000,0
GRENOBLE,2021-09,0,0,72.110,0,0.000,0
GRENOBLE,2021-10,4,0,99.480,2,0.000,0
GRENOBLE,2021-11,16,0,74.320,1,3.000,0
GRENOBLE,2021-12,24,0,125.390,1,8.000,0
GRENOBLE,2022-01,27,0,25.720,0,3.000,0
GRENOBLE,2022-02,26,0,40.420,0,2.000,0
GRENOBLE,2022-03,16,0,20.790,0,0.000,0
GRENOBLE,2022-04,8,0,55.310,0,2.000,0
GRENOBLE,2022-05,0,0,31.560,0,0.000,0
GRENOBLE,2022-06,0,0,65.870,0,0.000,0
GRENOBLE,2022-07,0,3,10.630,0,0.000,0
GRENOBLE,2022-08,0,0,46.060,0,0.000,0
GRENOBLE,2022-09,0,0,106.650,1,0.000,0
GRENOBLE,2022-10,0,0,45.060,0,0.000,0
GRENOBLE,2022-11,6,0,144.880,2,2.000,0
GRENOBLE,2022-12,17,0,118.970,2,5.000,0
GRENOBLE,2023-01,24,0,32.080,0,4.000,0
GRENOBLE,2023-02,20,0,9.090,0,1.000,0
GRENOBLE,2023-03,12,0,74.420,0,3.000,0
GRENOBLE,2023-04,10,0,56.770,0,0.000,0
GRENOBLE,2023-05,0,0,81.220,0,0.000,0
GRENOBLE,2023-06,0,0,121.090,2,0.000,0
GRENOBLE,2023-07,0,0,25.600,0,0.000,0
GRENOBLE,2023-08,0,7,43.560,1,0.000,0
GRENOBLE,2023-09,0,0,50.610,0,0.000,0
GRENOBLE,2023-10,0,0,142.250,2,0.000,0
GRENOBLE,2023-11,10,0,119.220,1,2.000,0
GRENOBLE,2023-12,19,0,119.500,1,3.000,0
GRENOBLE,2024-01,22,0,75.870,0,5.000,0
GRENOBLE,2024-02,14,0,59.030,0,1.000,0
GRENOBLE,2024-03,14,0,135.870,2,2.000,0
GRENOBLE,2024-04,8,0,67.480,1,1.000,0
GRENOBLE,2024-05,0,0,139.170,1,0.000,0
GRENOBLE,2024-06,0,0,103.860,0,0.000,0
GRENOBLE,2024-07,0,1,58.070,0,0.000,0
GRENOBLE,2024-08,0,0,28.050,0,0.000,0
GRENOBLE,2024-09,0,0,128.790,2,0.000,0
GRENOBLE,2024-10,0,0,120.000,1,0.000,0
GRENOBLE,2024-11,13,0,43.910,0,1.000,0
GRENOBLE,2024-12,28,0,80.430,0,7.000,0
GRENOBLE,2025-01,25,0,81.390,0,4.000,0
GRENOBLE,2025-02,19,0,22.240,0,0.000,0
GRENOBLE,2025-03,18,0,39.070,0,2.000,0
GRENOBLE,2025-04,2,0,50.710,0,2.000,0
GRENOBLE,2025-05,0,0,44.710,0,0.000,0
GRENOBLE,2025-06,0,2,29.960,0,0.000,0
GRENOBLE,2025-07,0,0,37.810,0,0.000,0
GRENOBLE,2025-08,0,4,35.950,0,0.000,0
GRENOBLE,2025-09,0,0,70.240,0,0.000,0
GRENOBLE,2025-10,1,0,73.140,0,0.000,0
GRENOBLE,2025-11,12,0,69.720,0,5.000,0
GRENOBLE,2025-12,19,0,30.940,0,0.000,0
GRENOBLE,2026-01,30,0,56.380,0,5.000,0
GRENOBLE,2026-02,18,0,102.780,0,7.000,0
GRENOBLE,2026-03,17,0,34.040,0,2.000,0
GRENOBLE,2026-04,4,0,14.040,0,0.000,0
GRENOBLE,2026-05,1,0,46.110,0,0.000,0
GRENOBLE,2026-06,0,3,40.820,0,0.000,0
GRENOBLE,2026-07,0,8,13.190,0,0.000,0
GRENOBLE,2026-08,0,8,34.250,0,0.000,0
GRENOBLE,2026-09,0,0,13.340,0,,0
ITALIE,2017-12,26,0,67.710,0,12.000,0
ITALIE,2018-01,14,0,120.580,1,15.000,0
ITALIE,2018-02,26,0,48.960,0,10.000,0
ITALIE,2018-03,19,0,83.180,0,10.000,0
ITALIE,2018-04,0,0,82.370,1,4.000,0
ITALIE,2018-05,0,0,164.580,1,1.000,0
ITALIE,2018-06,0,0,57.910,0,0.000,0
ITALIE,2018-07,0,0,80.940,0,0.000,0
ITALIE,2018-08,0,0,49.770,0,0.000,0
ITALIE,2018-09,0,0,43.640,0,0.000,0
ITALIE,2018-10,0,0,138.600,3,4.000,1
ITALIE,2018-11,10,0,112.220,1,5.000,0
ITALIE,2018-12,13,0,31.390,0,5.000,0
ITALIE,2019-01,28,0,13.790,0,6.000,0
ITALIE,2019-02,13,0,26.580,0,4.000,0
ITALIE,2019-03,5,0,16.370,0,2.000,0
ITALIE,2019-04,1,0,83.540,0,3.000,0
ITALIE,2019-05,0,0,86.190,0,1.000,0
ITALIE,2019-06,0,4,42.700,0,0.000,0
ITALIE,2019-07,0,8,82.240,1,0.000,0
ITALIE,2019-08,0,2,44.220,0,0.000,0
ITALIE,2019-09,0,0,56.730,1,0.000,0
ITALIE,2019-10,0,0,120.780,2,0.000,0
ITALIE,2019-11,9,0,250.380,3,15.000,0
ITALIE,2019-12,10,0,90.570,0,9.000,0
ITALIE,2020-01,12,0,15.370,0,2.000,0
ITALIE,2020-02,10,0,23.910,0,6.000,0
ITALIE,2020-03,14,0,48.910,0,3.000,0
ITALIE,2020-04,2,0,84.410,1,2.000,0
ITALIE,2020-05,0,0,95.050,1,1.000,0
ITALIE,2020-06,0,0,134.180,0,0.000,0
ITALIE,2020-07,0,1,38.780,0,0.000,0
ITALIE,2020-08,0,2,69.460,0,0.000,0
ITALIE,2020-09,0,0,36.240,0,1.000,0
ITALIE,2020-10,0,0,92.320,1,1.000,0
ITALIE,2020-11,0,0,9.230,0,0.000,0
ITALIE,2020-12,23,0,56.150,0,7.000,0
ITALIE,2021-01,29,0,93.120,0,14.000,0
ITALIE,2021-02,9,0,23.590,0,4.000,0
ITALIE,2021-03,9,0,11.290,0,2.000,0
ITALIE,2021-04,4,0,45.720,0,2.000,0
ITALIE,2021-05,0,0,71.940,0,1.000,0
ITALIE,2021-06,0,0,49.490,0,0.000,0
ITALIE,2021-07,0,0,86.040,1,0.000,0
ITALIE,2021-08,0,7,33.500,0,0.000,0
ITALIE,2021-09,0,0,51.920,0,0.000,0
ITALIE,2021-10,0,0,39.530,1,0.000,0
ITALIE,2021-11,6,0,99.090,1,5.000,0
ITALIE,2021-12,15,0,35.430,0,5.000,0
ITALIE,2022-01,13,0,3.990,0,1.000,0
ITALIE,2022-02,12,0,11.420,0,3.000,0
ITALIE,2022-03,10,0,13.400,0,0.000,0
ITALIE,2022-04,1,0,34.010,0,3.000,0
ITALIE,2022-05,0,1,77.340,0,1.000,0
ITALIE,2022-06,0,5,31.850,0,0.000,0
ITALIE,2022-07,0,16,45.420,0,0.000,0
ITALIE,2022-08,0,3,91.910,0,0.000,0
ITALIE,2022-09,0,0,42.740,0,0.000,0
ITALIE,2022-10,0,0,36.240,0,0.000,0
ITALIE,2022-11,5,0,35.550,0,1.000,0
ITALIE,2022-12,16,0,50.430,0,5.000,0
ITALIE,2023-01,17,0,18.840,0,5.000,0
ITALIE,2023-02,8,0,12.130,0,2.000,0
ITALIE,2023-03,5,0,34.410,0,7.000,1
ITALIE,2023-04,0,0,47.150,1,0.000,0
ITALIE,2023-05,0,0,197.550,3,3.000,0
ITALIE,2023-06,0,0,155.220,2,0.000,0
ITALIE,2023-07,0,2,42.530,0,0.000,0
ITALIE,2023-08,0,6,116.510,3,1.000,0
ITALIE,2023-09,0,0,45.310,0,0.000,0
ITALIE,2023-10,0,0,66.630,1,1.000,0
ITALIE,2023-11,5,0,45.670,0,4.000,0
ITALIE,2023-12,8,0,30.420,0,7.000,0
ITALIE,2024-01,15,0,31.320,0,4.000,0
ITALIE,2024-02,2,0,100.020,2,6.000,0
ITALIE,2024-03,6,0,168.870,2,11.000,0
ITALIE,2024-04,3,0,56.340,0,4.000,0
ITALIE,2024-05,0,0,204.460,1,5.000,0
ITALIE,2024-06,0,0,80.520,0,0.000,0
ITALIE,2024-07,0,0,57.650,0,0.000,0
ITALIE,2024-08,0,0,25.940,0,0.000,0
ITALIE,2024-09,0,0,103.220,1,0.000,0
ITALIE,2024-10,0,0,155.660,2,0.000,0
ITALIE,2024-11,6,0,10.830,0,2.000,0
ITALIE,2024-12,10,0,10.840,0,3.000,0
ITALIE,2025-01,17,0,38.870,0,4.000,0
ITALIE,2025-02,11,0,17.110,0,1.000,0
ITALIE,2025-03,3,0,106.010,0,8.000,0
ITALIE,2025-04,0,0,138.950,2,4.000,0
ITALIE,2025-05,0,0,100.220,1,1.000,0
ITALIE,2025-06,0,0,37.630,0,0.000,0
ITALIE,2025-07,0,0,86.440,1,0.000,0
ITALIE,2025-08,0,6,76.250,1,0.000,0
ITALIE,2025-09,0,0,92.690,1,0.000,0
ITALIE,2025-10,0,0,20.460,0,0.000,0
ITALIE,2025-11,8,0,21.680,0,1.000,0
ITALIE,2025-12,8,0,89.420,0,9.000,0
ITALIE,2026-01,25,0,40.890,0,5.000,0
ITALIE,2026-02,6,0,52.620,0,9.000,0
ITALIE,2026-03,4,0,88.050,2,4.000,1
ITALIE,2026-04,1,0,44.860,0,1.000,0
ITALIE,2026-05,0,0,56.200,0,1.000,0
ITALIE,2026-06,0,7,52.440,0,0.000,0
ITALIE,2026-07,0,16,27.510,0,0.000,0
ITALIE,2026-08,0,13,50.670,0,0.000,0
ITALIE,2026-09,0,0,62.480,0,,0
LA ROCHELLE VILLE,2017-12,0,0,106.010,1,0.000,13
LA ROCHELLE VILLE,2018-01,0,0,142.020,1,0.000,14
LA ROCHELLE VILLE,2018-02,4,0,63.910,0,0.000,7
LA ROCHELLE VILLE,2018-03,0,0,113.310,0,1.000,13
LA ROCHELLE VILLE,2018-04,0,0,63.510,0,0.000,2
LA ROCHELLE VILLE,2018-05,0,0,60.240,0,0.000,0
LA ROCHELLE VILLE,2018-06,0,0,95.330,1,0.000,0
LA ROCHELLE VILLE,2018-07,0,0,65.810,1,0.000,0
LA ROCHELLE VILLE,2018-08,0,0,21.320,0,0.000,0
LA ROCHELLE VILLE,2018-09,0,0,11.500,0,0.000,1
LA ROCHELLE VILLE,2018-10,0,0,47.800,0,0.000,4
LA ROCHELLE VILLE,2018-11,0,0,100.440,0,0.000,5
LA ROCHELLE VILLE,2018-12,0,0,114.050,2,0.000,10
LA ROCHELLE VILLE,2019-01,0,0,54.710,0,0.000,4
LA ROCHELLE VILLE,2019-02,0,0,29.340,0,0.000,3
LA ROCHELLE VILLE,2019-03,0,0,48.300,0,0.000,9
LA ROCHELLE VILLE,2019-04,0,0,67.290,0,0.000,3
LA ROCHELLE VILLE,2019-05,0,0,38.990,0,0.000,4
LA ROCHELLE VILLE,2019-06,0,0,53.620,0,0.000,2
LA ROCHELLE VILLE,2019-07,0,0,37.940,1,0.000,0
LA ROCHELLE VILLE,2019-08,0,0,30.160,0,0.000,0
LA ROCHELLE VILLE,2019-09,0,0,62.920,0,0.000,3
LA ROCHELLE VILLE,2019-10,0,0,114.060,1,0.000,4
LA ROCHELLE VILLE,2019-11,0,0,188.150,1,0.000,15
LA ROCHELLE VILLE,2019-12,0,0,126.770,0,0.000,15
LA ROCHELLE VILLE,2020-01,0,0,67.150,0,0.000,10
LA ROCHELLE VILLE,2020-02,0,0,64.950,0,0.000,12
LA ROCHELLE VILLE,2020-03,0,0,78.710,0,0.000,8
LA ROCHELLE VILLE,2020-04,0,0,53.180,0,0.000,4
LA ROCHELLE VILLE,2020-05,0,0,72.580,0,0.000,2
LA ROCHELLE VILLE,2020-06,0,0,61.870,0,0.000,4
LA ROCHELLE VILLE,2020-07,0,1,3.460,0,0.000,0
LA ROCHELLE VILLE,2020-08,0,0,39.960,0,0.000,0
LA ROCHELLE VILLE,2020-09,0,0,47.860,0,0.000,3
LA ROCHELLE VILLE,2020-10,0,0,133.080,1,0.000,12
LA ROCHELLE VILLE,2020-11,0,0,24.740,0,0.000,1
LA ROCHELLE VILLE,2020-12,0,0,139.120,0,0.000,10
LA ROCHELLE VILLE,2021-01,0,0,89.710,0,0.000,10
LA ROCHELLE VILLE,2021-02,2,0,70.350,0,0.000,6
LA ROCHELLE VILLE,2021-03,0,0,15.910,0,0.000,5
LA ROCHELLE VILLE,2021-04,0,0,6.590,0,0.000,2
LA ROCHELLE VILLE,2021-05,0,0,66.090,0,0.000,8
LA ROCHELLE VILLE,2021-06,0,0,127.810,1,0.000,0
LA ROCHELLE VILLE,2021-07,0,0,33.930,0,0.000,0
LA ROCHELLE VILLE,2021-08,0,0,23.310,0,0.000,1
LA ROCHELLE VILLE,2021-09,0,0,28.080,0,0.000,0
LA ROCHELLE VILLE,2021-10,0,0,35.860,0,0.000,7
LA ROCHELLE VILLE,2021-11,0,0,38.410,0,0.000,4
LA ROCHELLE VILLE,2021-12,0,0,88.590,1,0.000,9
LA ROCHELLE VILLE,2022-01,1,0,30.870,0,0.000,3
LA ROCHELLE VILLE,2022-02,0,0,26.410,0,0.000,7
LA ROCHELLE VILLE,2022-03,0,0,29.920,0,0.000,3
LA ROCHELLE VILLE,2022-04,0,0,37.400,0,0.000,5
LA ROCHELLE VILLE,2022-05,0,0,15.250,0,0.000,0
LA ROCHELLE VILLE,2022-06,0,2,66.700,0,0.000,1
LA ROCHELLE VILLE,2022-07,0,2,5.520,0,0.000,0
LA ROCHELLE VILLE,2022-08,0,2,18.420,0,0.000,0
LA ROCHELLE VILLE,2022-09,0,0,28.730,0,0.000,3
LA ROCHELLE VILLE,2022-10,0,0,43.510,0,0.000,3
LA ROCHELLE VILLE,2022-11,0,0,87.800,0,0.000,10
LA ROCHELLE VILLE,2022-12,0,0,53.380,0,0.000,10
LA ROCHELLE VILLE,2023-01,0,0,89.120,0,0.000,11
LA ROCHELLE VILLE,2023-02,0,0,20.850,0,0.000,3
LA ROCHELLE VILLE,2023-03,0,0,78.160,0,0.000,11
LA ROCHELLE VILLE,2023-04,0,0,32.090,0,0.000,5
LA ROCHELLE VILLE,2023-05,0,0,40.610,0,0.000,1
LA ROCHELLE VILLE,2023-06,0,0,66.510,0,0.000,0
LA ROCHELLE VILLE,2023-07,0,0,26.460,0,0.000,0
LA ROCHELLE VILLE,2023-08,0,1,22.370,0,0.000,4
LA ROCHELLE VILLE,2023-09,0,0,66.920,0,0.000,1
LA ROCHELLE VILLE,2023-10,0,0,122.350,1,0.000,13
LA ROCHELLE VILLE,2023-11,0,0,126.660,1,0.000,15
LA ROCHELLE VILLE,2023-12,0,0,126.590,2,0.000,9
LA ROCHELLE VILLE,2024-01,4,0,52.650,0,0.000,6
LA ROCHELLE VILLE,2024-02,0,0,103.310,0,0.000,12
LA ROCHELLE VILLE,2024-03,0,0,100.400,0,0.000,4
LA ROCHELLE VILLE,2024-04,0,0,46.090,0,0.000,9
LA ROCHELLE VILLE,2024-05,0,0,116.580,0,0.000,1
LA ROCHELLE VILLE,2024-06,0,0,52.000,0,0.000,0
LA ROCHELLE VILLE,2024-07,0,0,19.840,0,0.000,1
LA ROCHELLE VILLE,2024-08,0,1,36.340,0,0.000,1
LA ROCHELLE VILLE,2024-09,0,0,99.830,0,0.000,3
LA ROCHELLE VILLE,2024-10,0,0,96.400,1,0.000,2
LA ROCHELLE VILLE,2024-11,0,0,45.300,0,0.000,5
LA ROCHELLE VILLE,2024-12,0,0,38.320,0,0.000,8
LA ROCHELLE VILLE,2025-01,3,0,86.990,0,0.000,12
LA ROCHELLE VILLE,2025-02,0,0,27.220,0,0.000,2
LA ROCHELLE VILLE,2025-03,0,0,17.610,0,0.000,2
LA ROCHELLE VILLE,2025-04,0,0,31.290,0,0.000,5
LA ROCHELLE VILLE,2025-05,0,0,20.290,0,0.000,0
LA ROCHELLE VILLE,2025-06,0,1,11.110,0,0.000,1
LA ROCHELLE VILLE,2025-07,0,0,14.080,0,0.000,3
LA ROCHELLE VILLE,2025-08,0,3,15.730,0,0.000,1
LA ROCHELLE VILLE,2025-09,0,0,20.890,0,0.000,4
LA ROCHELLE VILLE,2025-10,0,0,31.530,0,0.000,5
LA ROCHELLE VILLE,2025-11,0,0,47.040,0,0.000,6
LA ROCHELLE VILLE,2025-12,3,0,29.550,0,0.000,6
LA ROCHELLE VILLE,2026-01,2,0,49.700,0,0.000,13
LA ROCHELLE VILLE,2026-02,0,0,67.980,0,0.000,11
LA ROCHELLE VILLE,2026-03,0,0,15.360,0,0.000,3
LA ROCHELLE VILLE,2026-04,0,0,4.350,0,0.000,2
LA ROCHELLE VILLE,2026-05,0,0,21.270,0,0.000,2
LA ROCHELLE VILLE,2026-06,0,5,6.880,0,0.000,2
LA ROCHELLE VILLE,2026-07,0,5,2.770,0,0.000,0
LA ROCHELLE VILLE,2026-08,0,3,23.510,0,0.000,1
LA ROCHELLE VILLE,2026-09,0,0,24.290,0,,0
LAUSANNE,2017-12,29,0,151.900,2,16.000,3
LAUSANNE,2018-01,22,0,218.080,3,11.000,1
LAUSANNE,2018-02,27,0,53.010,0,6.000,0
LAUSANNE,2018-03,25,0,107.740,0,12.000,0
LAUSANNE,2018-04,2,0,44.150,0,2.000,0
LAUSANNE,2018-05,0,0,145.840,0,2.000,0
LAUSANNE,2018-06,0,0,117.660,1,0.000,0
LAUSANNE,2018-07,0,0,82.090,0,0.000,0
LAUSANNE,2018-08,0,0,89.410,0,0.000,0
LAUSANNE,2018-09,0,0,47.870,0,0.000,0
LAUSANNE,2018-10,3,0,49.400,0,4.000,0
LAUSANNE,2018-11,10,0,40.440,0,3.000,0
LAUSANNE,2018-12,21,0,173.250,2,11.000,0
LAUSANNE,2019-01,31,0,70.110,0,10.000,0
LAUSANNE,2019-02,22,0,47.930,0,6.000,0
LAUSANNE,2019-03,18,0,85.590,0,9.000,1
LAUSANNE,2019-04,9,0,77.580,0,4.000,0
LAUSANNE,2019-05,7,0,126.390,2,5.000,1
LAUSANNE,2019-06,0,2,115.270,1,0.000,0
LAUSANNE,2019-07,0,1,97.470,1,0.000,0
LAUSANNE,2019-08,0,0,122.000,2,0.000,0
LAUSANNE,2019-09,0,0,57.900,0,0.000,0
LAUSANNE,2019-10,1,0,145.240,1,1.000,0
LAUSANNE,2019-11,17,0,121.160,0,8.000,0
LAUSANNE,2019-12,25,0,135.380,0,13.000,0
LAUSANNE,2020-01,28,0,46.210,0,4.000,0
LAUSANNE,2020-02,16,0,123.000,0,10.000,4
LAUSANNE,2020-03,22,0,80.640,1,7.000,0
LAUSANNE,2020-04,5,0,47.880,0,0.000,0
LAUSANNE,2020-05,0,0,97.510,0,0.000,0
LAUSANNE,2020-06,0,0,169.970,0,0.000,0
LAUSANNE,2020-07,0,0,59.960,0,0.000,0
LAUSANNE,2020-08,0,0,130.100,1,2.000,0
LAUSANNE,2020-09,0,0,88.990,0,2.000,0
LAUSANNE,2020-10,1,0,173.030,3,3.000,0
LAUSANNE,2020-11,5,0,23.090,0,0.000,0
LAUSANNE,2020-12,27,0,70.480,0,14.000,0
LAUSANNE,2021-01,29,0,114.030,0,16.000,0
LAUSANNE,2021-02,17,0,40.100,0,5.000,0
LAUSANNE,2021-03,18,0,55.270,0,5.000,0
LAUSANNE,2021-04,14,0,40.730,0,3.000,0
LAUSANNE,2021-05,1,0,145.940,0,2.000,0
LAUSANNE,2021-06,0,0,142.630,0,0.000,0
LAUSANNE,2021-07,0,0,179.530,2,1.000,0
LAUSANNE,2021-08,0,0,66.480,1,0.000,0
LAUSANNE,2021-09,0,0,65.490,1,1.000,0
LAUSANNE,2021-10,5,0,53.040,0,0.000,0
LAUSANNE,2021-11,17,0,50.100,0,7.000,0
LAUSANNE,2021-12,25,0,143.520,2,12.000,0
LAUSANNE,2022-01,27,0,42.190,0,6.000,0
LAUSANNE,2022-02,24,0,84.190,0,12.000,0
LAUSANNE,2022-03,17,0,20.450,0,1.000,0
LAUSANNE,2022-04,8,0,88.840,0,3.000,0
LAUSANNE,2022-05,0,0,66.230,0,1.000,0
LAUSANNE,2022-06,0,0,100.200,0,0.000,0
LAUSANNE,2022-07,0,1,51.050,0,0.000,0
LAUSANNE,2022-08,0,1,68.440,0,0.000,0
LAUSANNE,2022-09,0,0,164.160,2,0.000,0
LAUSANNE,2022-10,0,0,82.490,0,0.000,0
LAUSANNE,2022-11,7,0,98.050,0,6.000,0
LAUSANNE,2022-12,21,0,115.060,1,7.000,0
LAUSANNE,2023-01,24,0,71.220,0,7.000,0
LAUSANNE,2023-02,16,0,10.630,0,1.000,1
LAUSANNE,2023-03,14,0,132.550,0,8.000,2
LAUSANNE,2023-04,9,0,105.920,0,5.000,0
LAUSANNE,2023-05,0,0,93.410,0,1.000,0
LAUSANNE,2023-06,0,0,66.080,0,0.000,0
LAUSANNE,2023-07,0,0,99.450,1,0.000,0
LAUSANNE,2023-08,0,4,105.200,2,1.000,0
LAUSANNE,2023-09,0,0,54.120,1,0.000,0
LAUSANNE,2023-10,0,0,126.650,1,1.000,0
LAUSANNE,2023-11,13,0,244.020,3,14.000,0
LAUSANNE,2023-12,19,0,177.800,2,15.000,0
LAUSANNE,2024-01,21,0,102.470,0,9.000,0
LAUSANNE,2024-02,9,0,60.260,0,3.000,0
LAUSANNE,2024-03,13,0,108.350,1,9.000,0
LAUSANNE,2024-04,10,0,86.620,0,11.000,0
LAUSANNE,2024-05,0,0,175.120,0,2.000,0
LAUSANNE,2024-06,0,0,149.990,1,0.000,0
LAUSANNE,2024-07,0,0,104.030,2,0.000,0
LAUSANNE,2024-08,0,0,122.110,1,0.000,0
LAUSANNE,2024-09,0,0,201.730,4,0.000,0
LAUSANNE,2024-10,0,0,126.350,2,0.000,0
LAUSANNE,2024-11,11,0,72.250,1,4.000,1
LAUSANNE,2024-12,28,0,113.280,1,10.000,0
LAUSANNE,2025-01,29,0,123.160,1,9.000,0
LAUSANNE,2025-02,18,0,31.840,0,3.000,0
LAUSANNE,2025-03,15,0,42.740,0,3.000,0
LAUSANNE,2025-04,2,0,86.860,1,2.000,0
LAUSANNE,2025-05,0,0,104.300,0,1.000,0
LAUSANNE,2025-06,0,0,95.090,1,0.000,0
LAUSANNE,2025-07,0,0,122.890,0,0.000,0
LAUSANNE,2025-08,0,2,122.900,2,0.000,0
LAUSANNE,2025-09,0,0,153.030,3,0.000,0
LAUSANNE,2025-10,0,0,126.680,1,4.000,0
LAUSANNE,2025-11,13,0,113.230,2,8.000,0
LAUSANNE,2025-12,19,0,23.230,0,1.000,0
LAUSANNE,2026-01,31,0,62.340,0,11.000,0
LAUSANNE,2026-02,17,0,133.320,2,12.000,0
LAUSANNE,2026-03,14,0,57.940,0,9.000,0
LAUSANNE,2026-04,3,0,24.170,0,0.000,0
LAUSANNE,2026-05,0,0,67.000,0,2.000,0
LAUSANNE,2026-06,0,2,41.160,0,0.000,0
LAUSANNE,2026-07,0,2,40.300,0,0.000,0
LAUSANNE,2026-08,0,1,65.110,1,0.000,0
LAUSANNE,2026-09,0,0,25.300,0,,0
LAVAL,2017-12,5,0,96.790,0,1.000,8
LAVAL,2018-01,0,0,95.380,0,0.000,12
LAVAL,2018-02,20,0,49.050,0,3.000,1
LAVAL,2018-03,7,0,105.670,0,2.000,3
LAVAL,2018-04,0,0,71.260,0,0.000,2
LAVAL,2018-05,0,0,52.420,0,0.000,0
LAVAL,2018-06,0,0,130.280,2,0.000,0
LAVAL,2018-07,0,0,47.780,0,0.000,1
LAVAL,2018-08,0,0,36.960,0,0.000,0
LAVAL,2018-09,0,0,11.590,0,0.000,1
LAVAL,2018-10,0,0,49.170,0,0.000,1
LAVAL,2018-11,6,0,100.160,0,0.000,3
LAVAL,2018-12,6,0,93.610,0,1.000,6
LAVAL,2019-01,16,0,49.730,0,3.000,4
LAVAL,2019-02,8,0,47.460,0,1.000,3
LAVAL,2019-03,0,0,59.790,0,0.000,9
LAVAL,2019-04,4,0,41.770,0,0.000,0
LAVAL,2019-05,0,0,41.380,0,0.000,1
LAVAL,2019-06,0,4,58.710,0,0.000,1
LAVAL,2019-07,0,3,17.320,0,0.000,1
LAVAL,2019-08,0,1,44.250,0,0.000,2
LAVAL,2019-09,0,0,45.450,0,0.000,2
LAVAL,2019-10,0,0,130.300,0,0.000,2
LAVAL,2019-11,2,0,150.410,0,0.000,3
LAVAL,2019-12,8,0,107.900,0,0.000,10
LAVAL,2020-01,8,0,63.850,0,0.000,5
LAVAL,2020-02,2,0,92.810,0,0.000,13
LAVAL,2020-03,5,0,68.770,0,0.000,4
LAVAL,2020-04,2,0,40.940,0,0.000,1
LAVAL,2020-05,0,0,32.880,0,0.000,2
LAVAL,2020-06,0,0,73.520,0,0.000,1
LAVAL,2020-07,0,0,11.580,0,0.000,0
LAVAL,2020-08,0,2,57.330,0,0.000,1
LAVAL,2020-09,0,0,48.650,0,0.000,3
LAVAL,2020-10,0,0,102.330,0,0.000,4
LAVAL,2020-11,1,0,32.750,0,0.000,3
LAVAL,2020-12,2,0,136.650,0,0.000,4
LAVAL,2021-01,17,0,72.690,0,3.000,3
LAVAL,2021-02,9,0,40.990,0,1.000,3
LAVAL,2021-03,8,0,19.770,0,0.000,4
LAVAL,2021-04,7,0,24.670,0,0.000,0
LAVAL,2021-05,0,0,77.830,0,0.000,5
LAVAL,2021-06,0,0,110.690,0,0.000,0
LAVAL,2021-07,0,0,54.220,0,0.000,1
LAVAL,2021-08,0,0,30.510,0,0.000,0
LAVAL,2021-09,0,0,27.180,0,0.000,0
LAVAL,2021-10,0,0,87.560,2,0.000,5
LAVAL,2021-11,6,0,33.000,0,0.000,1
LAVAL,2021-12,5,0,83.120,0,0.000,6
LAVAL,2022-01,15,0,43.140,0,0.000,2
LAVAL,2022-02,6,0,24.030,0,0.000,8
LAVAL,2022-03,3,0,27.890,0,0.000,0
LAVAL,2022-04,4,0,39.190,0,0.000,3
LAVAL,2022-05,0,0,26.940,0,0.000,0
LAVAL,2022-06,0,2,62.750,0,0.000,0
LAVAL,2022-07,0,4,8.020,0,0.000,0
LAVAL,2022-08,0,7,38.330,0,0.000,0
LAVAL,2022-09,0,1,57.880,0,0.000,1
LAVAL,2022-10,0,0,45.400,0,0.000,3
LAVAL,2022-11,0,0,89.810,0,0.000,7
LAVAL,2022-12,15,0,78.770,0,3.000,5
LAVAL,2023-01,11,0,74.960,0,1.000,5
LAVAL,2023-02,8,0,12.210,0,0.000,1
LAVAL,2023-03,6,0,79.090,0,0.000,9
LAVAL,2023-04,2,0,49.990,0,0.000,1
LAVAL,2023-05,0,0,30.690,0,0.000,0
LAVAL,2023-06,0,0,43.460,0,0.000,0
LAVAL,2023-07,0,0,58.500,0,0.000,3
LAVAL,2023-08,0,1,51.220,0,0.000,2
LAVAL,2023-09,0,5,68.430,0,0.000,1
LAVAL,2023-10,0,0,103.180,0,0.000,5
LAVAL,2023-11,2,0,100.380,0,0.000,8
LAVAL,2023-12,5,0,61.640,0,1.000,7
LAVAL,2024-01,15,0,76.730,2,4.000,6
LAVAL,2024-02,0,0,84.170,0,0.000,6
LAVAL,2024-03,1,0,69.290,0,0.000,3
LAVAL,2024-04,0,0,49.800,0,0.000,3
LAVAL,2024-05,0,0,99.120,0,0.000,0
LAVAL,2024-06,0,0,70.910,0,0.000,1
LAVAL,2024-07,0,0,48.800,0,0.000,1
LAVAL,2024-08,0,0,52.320,0,0.000,1
LAVAL,2024-09,0,0,87.700,1,0.000,2
LAVAL,2024-10,0,0,106.970,1,0.000,2
LAVAL,2024-11,2,0,59.250,0,1.000,4
LAVAL,2024-12,5,0,35.870,0,0.000,5
LAVAL,2025-01,14,0,118.890,1,2.000,11
LAVAL,2025-02,10,0,26.300,0,0.000,1
LAVAL,2025-03,4,0,15.020,0,0.000,0
LAVAL,2025-04,0,0,23.870,0,0.000,1
LAVAL,2025-05,0,0,15.600,0,0.000,0
LAVAL,2025-06,0,2,21.570,0,0.000,1
LAVAL,2025-07,0,1,36.270,0,0.000,0
LAVAL,2025-08,0,4,14.850,0,0.000,0
LAVAL,2025-09,0,0,23.010,0,0.000,5
LAVAL,2025-10,0,0,29.100,0,0.000,4
LAVAL,2025-11,4,0,30.190,0,1.000,0
LAVAL,2025-12,8,0,30.800,0,0.000,5
LAVAL,2026-01,9,0,65.380,0,2.000,7
LAVAL,2026-02,0,0,65.900,0,1.000,5
LAVAL,2026-03,0,0,19.010,0,0.000,1
LAVAL,2026-04,0,0,4.710,0,0.000,0
LAVAL,2026-05,0,7,39.300,0,0.000,0
LAVAL,2026-06,0,11,11.000,0,0.000,3
LAVAL,2026-07,0,15,2.780,0,0.000,0
LAVAL,2026-08,0,10,19.560,0,0.000,2
LAVAL,2026-09,0,0,29.750,0,,0
LE CREUSOT MONTCEAU MONTCHANIN,2017-12,19,0,106.590,0,4.000,6
LE CREUSOT MONTCEAU MONTCHANIN,2018-01,5,0,144.600,0,0.000,9
LE CREUSOT MONTCEAU MONTCHANIN,2018-02,26,0,49.510,0,7.000,1
LE CREUSOT MONTCEAU MONTCHANIN,2018-03,13,0,120.820,1,3.000,0
LE CREUSOT MONTCEAU MONTCHANIN,2018-04,0,0,54.410,0,0.000,0
LE CREUSOT MONTCEAU MONTCHANIN,2018-05,0,0,76.950,0,0.000,0
LE CREUSOT MONTCEAU MONTCHANIN,2018-06,0,0,65.940,0,0.000,0
LE CREUSOT MONTCEAU MONTCHANIN,2018-07,0,0,47.970,0,0.000,0
LE CREUSOT MONTCEAU MONTCHANIN,2018-08,0,2,33.880,0,0.000,0
LE CREUSOT MONTCEAU MONTCHANIN,2018-09,0,0,14.840,0,0.000,1
LE CREUSOT MONTCEAU MONTCHANIN,2018-10,2,0,56.120,1,2.000,1
LE CREUSOT MONTCEAU MONTCHANIN,2018-11,4,0,63.140,0,1.000,1
LE CREUSOT MONTCEAU MONTCHANIN,2018-12,12,0,76.530,0,1.000,5
LE CREUSOT MONTCEAU MONTCHANIN,2019-01,27,0,44.720,0,6.000,2
LE CREUSOT MONTCEAU MONTCHANIN,2019-02,16,0,19.180,0,0.000,1
LE CREUSOT MONTCEAU MONTCHANIN,2019-03,7,0,42.670,0,0.000,6
LE CREUSOT MONTCEAU MONTCHANIN,2019-04,6,0,71.120,1,0.000,2
LE CREUSOT MONTCEAU MONTCHANIN,2019-05,1,0,49.950,0,0.000,3
LE CREUSOT MONTCEAU MONTCHANIN,2019-06,0,6,55.720,0,0.000,1
LE CREUSOT MONTCEAU MONTCHANIN,2019-07,0,6,31.350,0,0.000,0
LE CREUSOT MONTCEAU MONTCHANIN,2019-08,0,2,43.650,0,0.000,0
LE CREUSOT MONTCEAU MONTCHANIN,2019-09,0,0,32.170,0,0.000,1
LE CREUSOT MONTCEAU MONTCHANIN,2019-10,0,0,121.820,2,0.000,0
LE CREUSOT MONTCEAU MONTCHANIN,2019-11,6,0,87.250,0,2.000,0
LE CREUSOT MONTCEAU MONTCHANIN,2019-12,12,0,97.810,0,2.000,7
LE CREUSOT MONTCEAU MONTCHANIN,2020-01,12,0,32.910,0,0.000,3
LE CREUSOT MONTCEAU MONTCHANIN,2020-02,6,0,66.670,0,1.000,9
LE CREUSOT MONTCEAU MONTCHANIN,2020-03,11,0,51.310,1,0.000,5
LE CREUSOT MONTCEAU MONTCHANIN,2020-04,5,0,31.680,0,0.000,0
LE CREUSOT MONTCEAU MONTCHANIN,2020-05,0,0,69.830,0,0.000,0
LE CREUSOT MONTCEAU MONTCHANIN,2020-06,0,0,91.020,1,0.000,0
LE CREUSOT MONTCEAU MONTCHANIN,2020-07,0,3,22.910,0,0.000,0
LE CREUSOT MONTCEAU MONTCHANIN,2020-08,0,8,43.310,0,0.000,0
LE CREUSOT MONTCEAU MONTCHANIN,2020-09,0,1,65.530,1,0.000,0
LE CREUSOT MONTCEAU MONTCHANIN,2020-10,0,0,122.720,1,0.000,4
LE CREUSOT MONTCEAU MONTCHANIN,2020-11,8,0,20.460,0,0.000,0
LE CREUSOT MONTCEAU MONTCHANIN,2020-12,12,0,107.220,0,4.000,6
LE CREUSOT MONTCEAU MONTCHANIN,2021-01,23,0,87.810,0,3.000,4
LE CREUSOT MONTCEAU MONTCHANIN,2021-02,11,0,47.610,0,2.000,1
LE CREUSOT MONTCEAU MONTCHANIN,2021-03,12,0,35.560,0,0.000,1
LE CREUSOT MONTCEAU MONTCHANIN,2021-04,11,0,35.840,0,0.000,0
LE CREUSOT MONTCEAU MONTCHANIN,2021-05,0,0,107.900,1,0.000,2
LE CREUSOT MONTCEAU MONTCHANIN,2021-06,0,0,127.870,0,0.000,0
LE CREUSOT MONTCEAU MONTCHANIN,2021-07,0,0,97.610,0,0.000,0
LE CREUSOT MONTCEAU MONTCHANIN,2021-08,0,0,34.260,0,0.000,0
LE CREUSOT MONTCEAU MONTCHANIN,2021-09,0,0,93.520,1,0.000,0
LE CREUSOT MONTCEAU MONTCHANIN,2021-10,0,0,69.980,1,0.000,4
LE CREUSOT MONTCEAU MONTCHANIN,2021-11,9,0,36.370,0,2.000,0
LE CREUSOT MONTCEAU MONTCHANIN,2021-12,16,0,90.930,0,2.000,0
LE CREUSOT MONTCEAU MONTCHANIN,2022-01,25,0,34.720,0,1.000,2
LE CREUSOT MONTCEAU MONTCHANIN,2022-02,14,0,37.700,0,0.000,5
LE CREUSOT MONTCEAU MONTCHANIN,2022-03,9,0,34.640,0,0.000,2
LE CREUSOT MONTCEAU MONTCHANIN,2022-04,5,0,50.230,0,2.000,2
LE CREUSOT MONTCEAU MONTCHANIN,2022-05,0,0,36.480,0,0.000,1
LE CREUSOT MONTCEAU MONTCHANIN,2022-06,0,2,157.130,3,0.000,0
LE CREUSOT MONTCEAU MONTCHANIN,2022-07,0,2,6.470,0,0.000,0
LE CREUSOT MONTCEAU MONTCHANIN,2022-08,0,4,48.540,0,0.000,0
LE CREUSOT MONTCEAU MONTCHANIN,2022-09,0,0,81.440,0,0.000,0
LE CREUSOT MONTCEAU MONTCHANIN,2022-10,0,0,69.520,1,0.000,0
LE CREUSOT MONTCEAU MONTCHANIN,2022-11,0,0,68.530,0,0.000,0
LE CREUSOT MONTCEAU MONTCHANIN,2022-12,16,0,62.140,0,2.000,0
LE CREUSOT MONTCEAU MONTCHANIN,2023-01,14,0,54.400,0,3.000,3
LE CREUSOT MONTCEAU MONTCHANIN,2023-02,18,0,10.870,0,0.000,2
LE CREUSOT MONTCEAU MONTCHANIN,2023-03,12,0,73.840,0,1.000,6
LE CREUSOT MONTCEAU MONTCHANIN,2023-04,2,0,53.350,0,0.000,0
LE CREUSOT MONTCEAU MONTCHANIN,2023-05,0,0,58.780,0,0.000,0
LE CREUSOT MONTCEAU MONTCHANIN,2023-06,0,0,73.520,0,0.000,0
LE CREUSOT MONTCEAU MONTCHANIN,2023-07,0,3,54.660,0,0.000,0
LE CREUSOT MONTCEAU MONTCHANIN,2023-08,0,6,62.860,0,0.000,1
LE CREUSOT MONTCEAU MONTCHANIN,2023-09,0,6,59.160,0,0.000,0
LE CREUSOT MONTCEAU MONTCHANIN,2023-10,0,0,140.060,1,0.000,2
LE CREUSOT MONTCEAU MONTCHANIN,2023-11,9,0,111.470,0,2.000,5
LE CREUSOT MONTCEAU MONTCHANIN,2023-12,9,0,81.130,0,0.000,1
LE CREUSOT MONTCEAU MONTCHANIN,2024-01,17,0,52.540,0,0.000,2
LE CREUSOT MONTCEAU MONTCHANIN,2024-02,1,0,72.740,0,0.000,1
LE CREUSOT MONTCEAU MONTCHANIN,2024-03,3,0,126.870,1,0.000,4
LE CREUSOT MONTCEAU MONTCHANIN,2024-04,2,0,72.000,0,0.000,1
LE CREUSOT MONTCEAU MONTCHANIN,2024-05,0,0,118.850,0,0.000,0
LE CREUSOT MONTCEAU MONTCHANIN,2024-06,0,0,114.340,1,0.000,0
LE CREUSOT MONTCEAU MONTCHANIN,2024-07,0,0,80.960,0,0.000,0
LE CREUSOT MONTCEAU MONTCHANIN,2024-08,0,1,55.860,0,0.000,0
LE CREUSOT MONTCEAU MONTCHANIN,2024-09,0,0,129.750,0,0.000,2
LE CREUSOT MONTCEAU MONTCHANIN,2024-10,0,0,116.190,3,0.000,2
LE CREUSOT MONTCEAU MONTCHANIN,2024-11,5,0,59.680,0,2.000,4
LE CREUSOT MONTCEAU MONTCHANIN,2024-12,14,0,60.970,0,0.000,1
LE CREUSOT MONTCEAU MONTCHANIN,2025-01,20,0,90.270,0,1.000,4
LE CREUSOT MONTCEAU MONTCHANIN,2025-02,16,0,34.530,0,0.000,0
LE CREUSOT MONTCEAU MONTCHANIN,2025-03,8,0,30.370,0,2.000,0
LE CREUSOT MONTCEAU MONTCHANIN,2025-04,0,0,48.350,0,0.000,1
LE CREUSOT MONTCEAU MONTCHANIN,2025-05,0,0,51.260,0,0.000,0
LE CREUSOT MONTCEAU MONTCHANIN,2025-06,0,1,78.200,1,0.000,0
LE CREUSOT MONTCEAU MONTCHANIN,2025-07,0,2,63.520,0,0.000,0
LE CREUSOT MONTCEAU MONTCHANIN,2025-08,0,4,64.530,0,0.000,0
LE CREUSOT MONTCEAU MONTCHANIN,2025-09,0,0,92.210,1,0.000,0
LE CREUSOT MONTCEAU MONTCHANIN,2025-10,0,0,105.980,0,0.000,3
LE CREUSOT MONTCEAU MONTCHANIN,2025-11,10,0,101.800,0,1.000,0
LE CREUSOT MONTCEAU MONTCHANIN,2025-12,8,0,36.420,0,0.000,1
LE CREUSOT MONTCEAU MONTCHANIN,2026-01,13,0,64.690,0,4.000,2
LE CREUSOT MONTCEAU MONTCHANIN,2026-02,2,0,132.880,1,1.000,4
LE CREUSOT MONTCEAU MONTCHANIN,2026-03,8,0,33.220,0,0.000,1
LE CREUSOT MONTCEAU MONTCHANIN,2026-04,1,0,16.800,0,0.000,0
LE CREUSOT MONTCEAU MONTCHANIN,2026-05,0,0,45.470,0,0.000,0
LE CREUSOT MONTCEAU MONTCHANIN,2026-06,0,8,32.750,0,0.000,0
LE CREUSOT MONTCEAU MONTCHANIN,2026-07,0,10,16.490,0,0.000,0
LE CREUSOT MONTCEAU MONTCHANIN,2026-08,0,10,38.320,0,0.000,0
LE CREUSOT MONTCEAU MONTCHANIN,2026-09,0,0,16.780,0,,0
LE MANS,2017-12,8,0,89.090,0,2.000,8
LE MANS,2018-01,0,0,96.910,0,0.000,13
LE MANS,2018-02,22,0,46.170,0,4.000,1
LE MANS,2018-03,6,0,99.210,0,2.000,2
LE MANS,2018-04,0,0,72.520,0,0.000,2
LE MANS,2018-05,0,0,55.110,0,0.000,0
LE MANS,2018-06,0,0,112.780,1,0.000,0
LE MANS,2018-07,0,1,45.390,0,0.000,0
LE MANS,2018-08,0,5,36.050,0,0.000,0
LE MANS,2018-09,0,0,11.560,0,0.000,1
LE MANS,2018-10,0,0,44.130,0,0.000,1
LE MANS,2018-11,6,0,96.500,0,0.000,3
LE MANS,2018-12,7,0,89.420,0,1.000,5
LE MANS,2019-01,18,0,49.500,0,3.000,4
LE MANS,2019-02,10,0,42.370,0,1.000,3
LE MANS,2019-03,0,0,64.040,0,0.000,9
LE MANS,2019-04,5,0,37.420,0,0.000,0
LE MANS,2019-05,0,0,44.560,0,0.000,0
LE MANS,2019-06,0,4,54.700,0,0.000,1
LE MANS,2019-07,0,5,16.230,0,0.000,0
LE MANS,2019-08,0,3,41.960,0,0.000,2
LE MANS,2019-09,0,0,40.220,0,0.000,1
LE MANS,2019-10,0,0,124.340,0,0.000,3
LE MANS,2019-11,2,0,140.620,0,0.000,3
LE MANS,2019-12,9,0,104.410,0,0.000,9
LE MANS,2020-01,8,0,54.970,0,0.000,4
LE MANS,2020-02,2,0,89.950,0,0.000,12
LE MANS,2020-03,5,0,71.340,0,0.000,4
LE MANS,2020-04,2,0,35.300,0,0.000,1
LE MANS,2020-05,0,0,36.900,0,0.000,2
LE MANS,2020-06,0,0,68.300,0,0.000,1
LE MANS,2020-07,0,1,11.040,0,0.000,0
LE MANS,2020-08,0,6,50.390,0,0.000,1
LE MANS,2020-09,0,2,39.100,0,0.000,2
LE MANS,2020-10,0,0,95.570,0,0.000,5
LE MANS,2020-11,2,0,28.980,0,0.000,3
LE MANS,2020-12,4,0,133.870,0,0.000,3
LE MANS,2021-01,17,0,73.000,0,5.000,3
LE MANS,2021-02,9,0,43.200,0,1.000,2
LE MANS,2021-03,10,0,19.860,0,0.000,3
LE MANS,2021-04,8,0,24.970,0,0.000,0
LE MANS,2021-05,0,0,85.020,0,0.000,4
LE MANS,2021-06,0,0,114.460,0,0.000,0
LE MANS,2021-07,0,0,55.820,0,0.000,1
LE MANS,2021-08,0,0,25.890,0,0.000,0
LE MANS,2021-09,0,1,27.530,0,0.000,0
LE MANS,2021-10,0,0,76.380,1,0.000,6
LE MANS,2021-11,6,0,30.540,0,0.000,1
LE MANS,2021-12,5,0,82.210,0,0.000,7
LE MANS,2022-01,16,0,41.230,0,0.000,3
LE MANS,2022-02,6,0,24.500,0,0.000,6
LE MANS,2022-03,3,0,27.070,0,0.000,2
LE MANS,2022-04,4,0,39.960,0,0.000,3
LE MANS,2022-05,0,0,25.870,0,0.000,0
LE MANS,2022-06,0,4,61.550,0,0.000,0
LE MANS,2022-07,0,6,9.360,0,0.000,0
LE MANS,2022-08,0,8,28.690,0,0.000,0
LE MANS,2022-09,0,1,56.600,0,0.000,1
LE MANS,2022-10,0,0,44.680,0,0.000,2
LE MANS,2022-11,0,0,83.020,0,0.000,7
LE MANS,2022-12,14,0,67.460,0,1.000,6
LE MANS,2023-01,10,0,72.230,0,1.000,7
LE MANS,2023-02,8,0,10.700,0,0.000,1
LE MANS,2023-03,6,0,75.110,0,0.000,10
LE MANS,2023-04,2,0,49.820,0,0.000,1
LE MANS,2023-05,0,0,33.730,0,0.000,0
LE MANS,2023-06,0,1,43.990,0,0.000,0
LE MANS,2023-07,0,1,55.880,0,0.000,3
LE MANS,2023-08,0,2,51.140,0,0.000,2
LE MANS,2023-09,0,6,71.510,0,0.000,1
LE MANS,2023-10,0,0,98.970,0,0.000,5
LE MANS,2023-11,2,0,96.070,0,0.000,8
LE MANS,2023-12,5,0,57.510,0,1.000,5
LE MANS,2024-01,15,0,68.980,0,3.000,7
LE MANS,2024-02,1,0,83.990,0,0.000,6
LE MANS,2024-03,1,0,68.980,0,0.000,3
LE MANS,2024-04,0,0,47.220,0,0.000,3
LE MANS,2024-05,0,0,106.180,0,0.000,0
LE MANS,2024-06,0,0,67.710,0,0.000,0
LE MANS,2024-07,0,2,47.810,0,0.000,1
LE MANS,2024-08,0,1,64.070,1,0.000,1
LE MANS,2024-09,0,0,90.150,1,0.000,3
LE MANS,2024-10,0,0,113.200,1,0.000,0
LE MANS,2024-11,2,0,55.750,0,1.000,4
LE MANS,2024-12,6,0,36.500,0,0.000,5
LE MANS,2025-01,15,0,102.110,0,2.000,12
LE MANS,2025-02,9,0,24.640,0,0.000,1
LE MANS,2025-03,2,0,15.940,0,0.000,0
LE MANS,2025-04,0,0,20.750,0,0.000,2
LE MANS,2025-05,0,0,15.500,0,0.000,0
LE MANS,2025-06,0,6,19.310,0,0.000,1
LE MANS,2025-07,0,4,33.790,0,0.000,0
LE MANS,2025-08,0,6,15.660,0,0.000,0
LE MANS,2025-09,0,0,21.360,0,0.000,4
LE MANS,2025-10,0,0,26.330,0,0.000,5
LE MANS,2025-11,4,0,28.800,0,1.000,0
LE MANS,2025-12,8,0,27.570,0,0.000,4
LE MANS,2026-01,9,0,54.200,0,2.000,4
LE MANS,2026-02,1,0,58.270,0,1.000,3
LE MANS,2026-03,1,0,18.590,0,0.000,1
LE MANS,2026-04,0,0,3.770,0,0.000,0
LE MANS,2026-05,0,7,36.880,0,0.000,0
LE MANS,2026-06,0,14,9.450,0,0.000,2
LE MANS,2026-07,0,19,3.540,0,0.000,0
LE MANS,2026-08,0,12,17.280,0,0.000,2
LE MANS,2026-09,0,0,24.130,0,,0
LILLE,2017-12,12,0,112.220,1,4.000,11
LILLE,2018-01,7,0,84.640,0,0.000,11
LILLE,2018-02,23,0,28.570,0,2.000,5
LILLE,2018-03,10,0,74.180,0,2.000,2
LILLE,2018-04,0,0,66.290,1,0.000,0
LILLE,2018-05,0,0,45.870,0,0.000,0
LILLE,2018-06,0,0,17.270,0,0.000,0
LILLE,2018-07,0,2,18.690,0,0.000,0
LILLE,2018-08,0,1,69.660,0,0.000,0
LILLE,2018-09,0,0,48.750,1,0.000,2
LILLE,2018-10,0,0,46.910,1,1.000,0
LILLE,2018-11,7,0,48.760,0,0.000,2
LILLE,2018-12,9,0,78.090,0,1.000,7
LILLE,2019-01,15,0,47.750,0,4.000,3
LILLE,2019-02,9,0,46.920,0,1.000,5
LILLE,2019-03,0,0,71.970,0,0.000,13
LILLE,2019-04,6,0,42.470,0,0.000,2
LILLE,2019-05,0,0,43.030,0,0.000,0
LILLE,2019-06,0,0,68.330,0,0.000,2
LILLE,2019-07,0,3,27.660,0,0.000,0
LILLE,2019-08,0,1,35.300,0,0.000,1
LILLE,2019-09,0,0,48.660,0,0.000,2
LILLE,2019-10,1,0,102.800,0,0.000,4
LILLE,2019-11,5,0,70.770,0,0.000,3
LILLE,2019-12,8,0,79.920,0,0.000,11
LILLE,2020-01,8,0,33.400,0,0.000,7
LILLE,2020-02,3,0,106.990,0,0.000,19
LILLE,2020-03,11,0,62.850,0,0.000,7
LILLE,2020-04,2,0,32.160,0,0.000,1
LILLE,2020-05,0,0,14.740,0,0.000,3
LILLE,2020-06,0,0,77.090,1,0.000,2
LILLE,2020-07,0,1,44.190,0,0.000,2
LILLE,2020-08,0,5,50.950,0,0.000,2
LILLE,2020-09,0,0,62.910,0,0.000,4
LILLE,2020-10,0,0,123.360,0,0.000,8
LILLE,2020-11,4,0,42.470,0,0.000,4
LILLE,2020-12,9,0,82.310,0,0.000,6
LILLE,2021-01,20,0,107.820,0,3.000,6
LILLE,2021-02,8,0,40.990,0,3.000,1
LILLE,2021-03,5,0,37.040,0,0.000,5
LILLE,2021-04,6,0,21.880,0,0.000,1
LILLE,2021-05,0,0,78.030,0,0.000,4
LILLE,2021-06,0,0,162.310,2,0.000,0
LILLE,2021-07,0,0,85.470,0,0.000,2
LILLE,2021-08,0,0,67.030,0,0.000,1
LILLE,2021-09,0,0,28.560,0,0.000,0
LILLE,2021-10,0,0,93.750,1,0.000,6
LILLE,2021-11,3,0,52.610,0,0.000,2
LILLE,2021-12,6,0,71.450,0,1.000,5
LILLE,2022-01,14,0,49.730,0,0.000,4
LILLE,2022-02,7,0,51.410,0,0.000,15
LILLE,2022-03,4,0,15.530,0,0.000,1
LILLE,2022-04,3,0,28.780,0,1.000,4
LILLE,2022-05,0,0,44.700,0,0.000,0
LILLE,2022-06,0,0,64.780,0,0.000,0
LILLE,2022-07,0,1,9.670,0,0.000,0
LILLE,2022-08,0,0,15.570,0,0.000,0
LILLE,2022-09,0,0,98.610,0,0.000,2
LILLE,2022-10,0,0,44.360,0,0.000,2
LILLE,2022-11,0,0,77.520,0,0.000,4
LILLE,2022-12,14,0,94.510,0,2.000,7
LILLE,2023-01,13,0,79.140,0,0.000,12
LILLE,2023-02,8,0,9.990,0,0.000,3
LILLE,2023-03,5,0,121.160,0,1.000,10
LILLE,2023-04,3,0,62.280,0,0.000,2
LILLE,2023-05,0,0,51.720,0,0.000,0
LILLE,2023-06,0,0,27.110,0,0.000,0
LILLE,2023-07,0,0,92.760,0,0.000,3
LILLE,2023-08,0,0,80.780,0,0.000,2
LILLE,2023-09,0,0,48.530,1,0.000,3
LILLE,2023-10,0,0,98.620,0,0.000,4
LILLE,2023-11,2,0,124.210,0,0.000,7
LILLE,2023-12,4,0,68.890,0,1.000,14
LILLE,2024-01,17,0,65.140,0,1.000,10
LILLE,2024-02,0,0,115.420,1,0.000,7
LILLE,2024-03,1,0,86.970,0,0.000,3
LILLE,2024-04,1,0,72.080,0,0.000,9
LILLE,2024-05,0,0,89.450,0,0.000,0
LILLE,2024-06,0,0,83.980,1,0.000,2
LILLE,2024-07,0,0,79.060,0,0.000,1
LILLE,2024-08,0,0,58.320,0,0.000,2
LILLE,2024-09,0,0,87.490,0,0.000,3
LILLE,2024-10,0,0,58.920,0,0.000,1
LILLE,2024-11,4,0,53.390,0,0.000,5
LILLE,2024-12,8,0,46.630,0,0.000,9
LILLE,2025-01,19,0,102.540,0,5.000,8
LILLE,2025-02,13,0,30.210,0,0.000,1
LILLE,2025-03,10,0,8.680,0,0.000,0
LILLE,2025-04,0,0,11.560,0,0.000,0
LILLE,2025-05,0,0,33.730,0,0.000,2
LILLE,2025-06,0,0,42.900,0,0.000,0
LILLE,2025-07,0,1,62.490,0,0.000,0
LILLE,2025-08,0,0,21.320,0,0.000,0
LILLE,2025-09,0,0,34.150,0,0.000,3
LILLE,2025-10,0,0,58.020,0,0.000,5
LILLE,2025-11,4,0,58.540,0,1.000,1
LILLE,2025-12,8,0,28.540,0,0.000,7
LILLE,2026-01,10,0,59.570,0,2.000,6
LILLE,2026-02,4,0,82.910,0,2.000,3
LILLE,2026-03,1,0,31.800,0,0.000,3
LILLE,2026-04,0,0,5.960,0,0.000,1
LILLE,2026-05,0,0,61.320,0,0.000,0
LILLE,2026-06,0,5,42.960,0,0.000,1
LILLE,2026-07,0,3,2.940,0,0.000,1
LILLE,2026-08,0,5,40.820,0,0.000,1
LILLE,2026-09,0,0,46.430,0,,0
LYON PART DIEU,2017-12,22,0,98.600,0,7.000,3
LYON PART DIEU,2018-01,3,0,121.030,1,1.000,5
LYON PART DIEU,2018-02,25,0,39.910,0,4.000,1
LYON PART DIEU,2018-03,10,0,104.760,0,2.000,5
LYON PART DIEU,2018-04,0,0,35.990,0,0.000,3
LYON PART DIEU,2018-05,0,0,88.530,1,0.000,0
LYON PART DIEU,2018-06,0,1,59.090,0,0.000,0
LYON PART DIEU,2018-07,0,10,62.630,1,0.000,0
LYON PART DIEU,2018-08,0,10,41.250,0,0.000,0
LYON PART DIEU,2018-09,0,1,15.160,0,0.000,1
LYON PART DIEU,2018-10,0,0,66.230,1,2.000,1
LYON PART DIEU,2018-11,3,0,67.170,0,2.000,5
LYON PART DIEU,2018-12,12,0,77.080,0,1.000,1
LYON PART DIEU,2019-01,29,0,36.600,0,4.000,1
LYON PART DIEU,2019-02,12,0,34.420,0,3.000,1
LYON PART DIEU,2019-03,4,0,35.960,0,0.000,4
LYON PART DIEU,2019-04,3,0,69.440,1,3.000,3
LYON PART DIEU,2019-05,0,0,49.290,0,0.000,5
LYON PART DIEU,2019-06,0,6,89.560,1,0.000,2
LYON PART DIEU,2019-07,0,10,37.020,0,0.000,0
LYON PART DIEU,2019-08,0,11,73.450,0,0.000,0
LYON PART DIEU,2019-09,0,2,28.550,0,0.000,0
LYON PART DIEU,2019-10,0,0,117.150,1,0.000,3
LYON PART DIEU,2019-11,7,0,113.880,1,2.000,0
LYON PART DIEU,2019-12,11,0,93.230,0,3.000,4
LYON PART DIEU,2020-01,14,0,28.600,0,0.000,2
LYON PART DIEU,2020-02,7,0,45.960,0,2.000,8
LYON PART DIEU,2020-03,6,0,46.640,0,1.000,2
LYON PART DIEU,2020-04,2,0,32.050,0,0.000,0
LYON PART DIEU,2020-05,0,0,71.150,0,0.000,0
LYON PART DIEU,2020-06,0,0,87.490,0,0.000,1
LYON PART DIEU,2020-07,0,9,18.950,0,0.000,0
LYON PART DIEU,2020-08,0,12,53.930,1,0.000,0
LYON PART DIEU,2020-09,0,6,59.820,0,0.000,0
LYON PART DIEU,2020-10,0,0,134.400,3,0.000,4
LYON PART DIEU,2020-11,7,0,18.690,0,0.000,1
LYON PART DIEU,2020-12,14,0,111.510,0,4.000,4
LYON PART DIEU,2021-01,22,0,85.470,0,5.000,2
LYON PART DIEU,2021-02,8,0,35.790,0,1.000,3
LYON PART DIEU,2021-03,8,0,32.620,0,0.000,0
LYON PART DIEU,2021-04,8,0,40.900,0,0.000,2
LYON PART DIEU,2021-05,0,0,135.950,1,0.000,1
LYON PART DIEU,2021-06,0,0,88.660,0,0.000,0
LYON PART DIEU,2021-07,0,0,132.250,2,0.000,0
LYON PART DIEU,2021-08,0,5,43.070,0,0.000,0
LYON PART DIEU,2021-09,0,0,84.280,1,0.000,0
LYON PART DIEU,2021-10,0,0,84.130,1,0.000,5
LYON PART DIEU,2021-11,6,0,50.440,0,3.000,0
LYON PART DIEU,2021-12,18,0,114.200,0,5.000,0
LYON PART DIEU,2022-01,25,0,28.510,0,2.000,0
LYON PART DIEU,2022-02,12,0,44.050,0,0.000,2
LYON PART DIEU,2022-03,6,0,26.370,0,0.000,2
LYON PART DIEU,2022-04,5,0,48.740,0,2.000,1
LYON PART DIEU,2022-05,0,0,34.200,0,0.000,1
LYON PART DIEU,2022-06,0,8,137.460,1,0.000,1
LYON PART DIEU,2022-07,0,11,8.190,0,0.000,0
LYON PART DIEU,2022-08,0,15,69.030,1,0.000,0
LYON PART DIEU,2022-09,0,0,94.900,0,0.000,0
LYON PART DIEU,2022-10,0,0,47.490,0,0.000,1
LYON PART DIEU,2022-11,0,0,91.410,1,0.000,1
LYON PART DIEU,2022-12,14,0,89.100,0,5.000,2
LYON PART DIEU,2023-01,15,0,46.960,0,3.000,4
LYON PART DIEU,2023-02,17,0,5.040,0,0.000,1
LYON PART DIEU,2023-03,8,0,77.250,0,0.000,4
LYON PART DIEU,2023-04,2,0,62.550,0,0.000,1
LYON PART DIEU,2023-05,0,0,63.220,0,0.000,2
LYON PART DIEU,2023-06,0,2,88.460,0,0.000,0
LYON PART DIEU,2023-07,0,10,50.090,0,0.000,1
LYON PART DIEU,2023-08,0,16,53.760,0,0.000,1
LYON PART DIEU,2023-09,0,9,67.730,0,0.000,1
LYON PART DIEU,2023-10,0,0,152.610,1,0.000,4
LYON PART DIEU,2023-11,7,0,129.760,1,1.000,2
LYON PART DIEU,2023-12,10,0,99.830,0,1.000,0
LYON PART DIEU,2024-01,14,0,65.160,0,2.000,2
LYON PART DIEU,2024-02,0,0,66.150,0,0.000,3
LYON PART DIEU,2024-03,2,0,114.670,2,3.000,5
LYON PART DIEU,2024-04,2,0,91.590,1,0.000,2
LYON PART DIEU,2024-05,0,0,126.210,1,0.000,0
LYON PART DIEU,2024-06,0,0,101.490,0,0.000,0
LYON PART DIEU,2024-07,0,3,83.560,1,0.000,0
LYON PART DIEU,2024-08,0,8,47.240,0,0.000,1
LYON PART DIEU,2024-09,0,0,139.750,1,0.000,2
LYON PART DIEU,2024-10,0,0,127.650,1,0.000,2
LYON PART DIEU,2024-11,5,0,47.090,0,1.000,4
LYON PART DIEU,2024-12,16,0,69.710,0,2.000,1
LYON PART DIEU,2025-01,15,0,110.930,1,3.000,5
LYON PART DIEU,2025-02,13,0,39.860,0,0.000,2
LYON PART DIEU,2025-03,8,0,45.460,0,1.000,1
LYON PART DIEU,2025-04,0,0,76.890,0,0.000,0
LYON PART DIEU,2025-05,0,0,86.000,1,0.000,0
LYON PART DIEU,2025-06,0,4,91.070,1,0.000,0
LYON PART DIEU,2025-07,0,3,98.060,0,0.000,0
LYON PART DIEU,2025-08,0,12,74.670,1,0.000,0
LYON PART DIEU,2025-09,0,0,140.120,2,0.000,0
LYON PART DIEU,2025-10,0,0,158.640,2,0.000,2
LYON PART DIEU,2025-11,8,0,150.900,4,5.000,2
LYON PART DIEU,2025-12,8,0,44.250,0,0.000,0
LYON PART DIEU,2026-01,14,0,94.580,0,4.000,0
LYON PART DIEU,2026-02,1,0,183.390,3,1.000,4
LYON PART DIEU,2026-03,4,0,45.160,0,1.000,2
LYON PART DIEU,2026-04,1,0,26.620,0,0.000,0
LYON PART DIEU,2026-05,0,0,84.740,1,0.000,0
LYON PART DIEU,2026-06,0,10,54.700,0,0.000,0
LYON PART DIEU,2026-07,0,16,32.350,0,0.000,0
LYON PART DIEU,2026-08,0,19,56.620,1,0.000,0
LYON PART DIEU,2026-09,0,4,10.810,0,,0
MACON LOCHE,2017-12,22,0,140.110,1,11.000,4
MACON LOCHE,2018-01,5,0,178.750,2,6.000,4
MACON LOCHE,2018-02,26,0,49.700,0,7.000,1
MACON LOCHE,2018-03,9,0,138.370,0,3.000,2
MACON LOCHE,2018-04,0,0,43.190,0,0.000,0
MACON LOCHE,2018-05,0,0,103.710,0,0.000,0
MACON LOCHE,2018-06,0,0,75.420,0,0.000,0
MACON LOCHE,2018-07,0,6,67.090,0,0.000,0
MACON LOCHE,2018-08,0,9,49.130,0,0.000,0
MACON LOCHE,2018-09,0,1,18.710,0,0.000,0
MACON LOCHE,2018-10,0,0,60.450,1,2.000,1
MACON LOCHE,2018-11,4,0,69.660,0,1.000,2
MACON LOCHE,2018-12,12,0,121.070,1,2.000,1
MACON LOCHE,2019-01,29,0,50.100,0,6.000,1
MACON LOCHE,2019-02,12,0,30.240,0,3.000,1
MACON LOCHE,2019-03,6,0,49.190,0,1.000,4
MACON LOCHE,2019-04,4,0,81.350,2,2.000,2
MACON LOCHE,2019-05,0,0,62.460,0,0.000,4
MACON LOCHE,2019-06,0,6,96.280,1,0.000,2
MACON LOCHE,2019-07,0,9,36.450,0,0.000,0
MACON LOCHE,2019-08,0,7,80.580,0,0.000,0
MACON LOCHE,2019-09,0,1,36.580,0,0.000,0
MACON LOCHE,2019-10,0,0,143.110,1,0.000,2
MACON LOCHE,2019-11,6,0,127.730,1,3.000,1
MACON LOCHE,2019-12,11,0,127.900,0,6.000,5
MACON LOCHE,2020-01,11,0,40.830,0,0.000,1
MACON LOCHE,2020-02,6,0,81.140,0,3.000,7
MACON LOCHE,2020-03,10,0,65.830,1,1.000,4
MACON LOCHE,2020-04,2,0,32.400,0,0.000,0
MACON LOCHE,2020-05,0,0,86.210,1,0.000,0
MACON LOCHE,2020-06,0,0,97.140,0,0.000,0
MACON LOCHE,2020-07,0,5,21.890,0,0.000,0
MACON LOCHE,2020-08,0,11,63.410,0,0.000,0
MACON LOCHE,2020-09,0,4,73.290,0,0.000,0
MACON LOCHE,2020-10,0,0,172.870,3,0.000,3
MACON LOCHE,2020-11,7,0,22.140,0,0.000,1
MACON LOCHE,2020-12,13,0,120.110,0,6.000,4
MACON LOCHE,2021-01,21,0,96.150,0,6.000,2
MACON LOCHE,2021-02,8,0,44.520,0,2.000,3
MACON LOCHE,2021-03,11,0,41.270,0,1.000,1
MACON LOCHE,2021-04,8,0,40.560,0,0.000,0
MACON LOCHE,2021-05,0,0,144.000,1,0.000,1
MACON LOCHE,2021-06,0,0,104.420,0,0.000,0
MACON LOCHE,2021-07,0,0,147.930,2,0.000,0
MACON LOCHE,2021-08,0,2,45.500,0,0.000,0
MACON LOCHE,2021-09,0,0,74.500,0,0.000,0
MACON LOCHE,2021-10,0,0,94.890,1,0.000,5
MACON LOCHE,2021-11,8,0,52.050,0,4.000,0
MACON LOCHE,2021-12,16,0,139.860,2,9.000,0
MACON LOCHE,2022-01,25,0,39.080,0,4.000,1
MACON LOCHE,2022-02,12,0,60.440,0,2.000,2
MACON LOCHE,2022-03,7,0,30.480,0,0.000,0
MACON LOCHE,2022-04,4,0,66.020,0,2.000,2
MACON LOCHE,2022-05,0,0,39.370,0,0.000,0
MACON LOCHE,2022-06,0,7,135.570,1,0.000,1
MACON LOCHE,2022-07,0,9,10.780,0,0.000,0
MACON LOCHE,2022-08,0,15,68.700,1,0.000,0
MACON LOCHE,2022-09,0,0,112.190,1,0.000,0
MACON LOCHE,2022-10,0,0,65.660,1,0.000,1
MACON LOCHE,2022-11,0,0,103.830,0,0.000,0
MACON LOCHE,2022-12,15,0,98.470,0,2.000,0
MACON LOCHE,2023-01,14,0,64.900,0,3.000,4
MACON LOCHE,2023-02,14,0,7.490,0,0.000,2
MACON LOCHE,2023-03,8,0,92.550,0,1.000,5
MACON LOCHE,2023-04,2,0,73.260,0,0.000,0
MACON LOCHE,2023-05,0,0,60.680,0,0.000,1
MACON LOCHE,2023-06,0,0,78.390,0,0.000,0
MACON LOCHE,2023-07,0,8,57.360,0,0.000,0
MACON LOCHE,2023-08,0,10,62.100,0,0.000,1
MACON LOCHE,2023-09,0,9,67.230,0,0.000,0
MACON LOCHE,2023-10,0,0,179.390,2,0.000,4
MACON LOCHE,2023-11,7,0,167.410,2,3.000,4
MACON LOCHE,2023-12,8,0,117.450,0,1.000,2
MACON LOCHE,2024-01,15,0,81.920,0,2.000,2
MACON LOCHE,2024-02,1,0,79.610,0,0.000,2
MACON LOCHE,2024-03,2,0,113.920,1,1.000,2
MACON LOCHE,2024-04,1,0,95.660,1,0.000,1
MACON LOCHE,2024-05,0,0,132.150,1,0.000,0
MACON LOCHE,2024-06,0,0,99.010,0,0.000,0
MACON LOCHE,2024-07,0,2,79.780,1,0.000,0
MACON LOCHE,2024-08,0,7,63.040,0,0.000,1
MACON LOCHE,2024-09,0,0,150.960,1,0.000,2
MACON LOCHE,2024-10,0,0,147.480,2,0.000,3
MACON LOCHE,2024-11,6,0,55.580,0,1.000,5
MACON LOCHE,2024-12,15,0,85.300,0,3.000,0
MACON LOCHE,2025-01,16,0,130.520,1,3.000,5
MACON LOCHE,2025-02,14,0,43.980,0,0.000,0
MACON LOCHE,2025-03,6,0,41.820,0,1.000,1
MACON LOCHE,2025-04,0,0,77.660,1,0.000,0
MACON LOCHE,2025-05,0,0,91.030,0,0.000,0
MACON LOCHE,2025-06,0,3,110.020,2,0.000,0
MACON LOCHE,2025-07,0,2,105.960,0,0.000,0
MACON LOCHE,2025-08,0,8,82.920,1,0.000,0
MACON LOCHE,2025-09,0,0,142.060,2,0.000,0
MACON LOCHE,2025-10,0,0,173.510,2,0.000,2
MACON LOCHE,2025-11,9,0,162.410,3,4.000,2
MACON LOCHE,2025-12,8,0,45.850,0,0.000,1
MACON LOCHE,2026-01,14,0,98.700,0,6.000,1
MACON LOCHE,2026-02,2,0,199.790,4,1.000,3
MACON LOCHE,2026-03,5,0,48.960,0,1.000,0
MACON LOCHE,2026-04,1,0,28.400,0,0.000,0
MACON LOCHE,2026-05,0,0,80.840,0,0.000,0
MACON LOCHE,2026-06,0,11,53.930,0,0.000,0
MACON LOCHE,2026-07,0,16,30.690,0,0.000,0
MACON LOCHE,2026-08,0,17,64.200,1,0.000,0
MACON LOCHE,2026-09,0,4,10.630,0,,0
MADRID,2017-12,16,0,32.020,0,0.000,5
MADRID,2018-01,18,0,60.320,1,4.000,0
MADRID,2018-02,20,0,59.520,1,4.000,0
MADRID,2018-03,7,0,147.400,2,1.000,8
MADRID,2018-04,0,0,74.470,0,1.000,1
MADRID,2018-05,0,0,61.820,0,0.000,0
MADRID,2018-06,0,5,38.210,0,0.000,0
MADRID,2018-07,0,19,2.360,0,0.000,0
MADRID,2018-08,0,28,3.560,0,0.000,0
MADRID,2018-09,0,4,20.480,0,0.000,0
MADRID,2018-10,0,0,61.890,0,0.000,0
MADRID,2018-11,1,0,72.750,0,0.000,0
MADRID,2018-12,3,0,13.550,0,0.000,0
MADRID,2019-01,24,0,22.760,0,1.000,3
MADRID,2019-02,13,0,6.260,0,0.000,2
MADRID,2019-03,3,0,12.070,0,0.000,1
MADRID,2019-04,1,0,82.150,0,0.000,1
MADRID,2019-05,0,0,5.230,0,0.000,1
MADRID,2019-06,0,10,3.340,0,0.000,0
MADRID,2019-07,0,26,9.440,0,0.000,0
MADRID,2019-08,0,21,37.210,1,0.000,0
MADRID,2019-09,0,3,34.870,0,0.000,2
MADRID,2019-10,0,0,40.080,0,0.000,1
MADRID,2019-11,6,0,67.970,0,0.000,3
MADRID,2019-12,3,0,75.560,2,0.000,4
MADRID,2020-01,10,0,26.220,0,1.000,3
MADRID,2020-02,2,0,1.990,0,0.000,0
MADRID,2020-03,5,0,79.650,2,3.000,5
MADRID,2020-04,1,0,90.750,0,0.000,0
MADRID,2020-05,0,0,63.410,0,0.000,0
MADRID,2020-06,0,8,16.910,0,0.000,0
MADRID,2020-07,0,30,10.730,0,0.000,0
MADRID,2020-08,0,21,23.590,1,0.000,0
MADRID,2020-09,0,4,57.060,1,0.000,0
MADRID,2020-10,0,0,71.130,1,0.000,3
MADRID,2020-11,0,0,59.440,0,0.000,1
MADRID,2020-12,14,0,70.630,1,2.000,3
MADRID,2021-01,20,0,63.700,0,3.000,2
MADRID,2021-02,2,0,52.000,0,1.000,1
MADRID,2021-03,9,0,4.410,0,0.000,0
MADRID,2021-04,2,0,91.420,1,0.000,0
MADRID,2021-05,0,0,16.590,0,0.000,1
MADRID,2021-06,0,8,44.460,0,0.000,0
MADRID,2021-07,0,20,8.160,0,0.000,0
MADRID,2021-08,0,24,4.840,0,0.000,0
MADRID,2021-09,0,0,74.200,1,0.000,0
MADRID,2021-10,0,0,102.890,2,0.000,2
MADRID,2021-11,7,0,34.430,0,2.000,0
MADRID,2021-12,5,0,30.510,0,0.000,1
MADRID,2022-01,23,0,13.760,0,1.000,0
MADRID,2022-02,5,0,7.420,0,0.000,1
MADRID,2022-03,2,0,102.860,0,2.000,0
MADRID,2022-04,5,0,64.220,0,1.000,1
MADRID,2022-05,0,2,8.150,0,0.000,0
MADRID,2022-06,0,12,2.590,0,0.000,0
MADRID,2022-07,0,31,4.660,0,0.000,0
MADRID,2022-08,0,26,4.560,0,0.000,1
MADRID,2022-09,0,3,34.480,0,0.000,1
MADRID,2022-10,0,0,35.830,0,0.000,1
MADRID,2022-11,0,0,49.540,0,0.000,1
MADRID,2022-12,1,0,123.720,1,0.000,1
MADRID,2023-01,22,0,30.110,0,0.000,3
MADRID,2023-02,22,0,3.910,0,0.000,0
MADRID,2023-03,5,0,22.480,0,0.000,3
MADRID,2023-04,1,0,10.130,0,0.000,0
MADRID,2023-05,0,0,58.250,0,0.000,0
MADRID,2023-06,0,8,65.570,0,0.000,0
MADRID,2023-07,0,28,2.030,0,0.000,0
MADRID,2023-08,0,24,36.370,1,0.000,1
MADRID,2023-09,0,0,125.310,3,0.000,0
MADRID,2023-10,0,0,140.620,2,0.000,2
MADRID,2023-11,0,0,43.220,0,0.000,5
MADRID,2023-12,13,0,46.400,1,1.000,0
MADRID,2024-01,12,0,71.090,1,1.000,1
MADRID,2024-02,1,0,33.870,0,0.000,3
MADRID,2024-03,3,0,92.790,0,1.000,5
MADRID,2024-04,2,0,12.280,0,0.000,1
MADRID,2024-05,0,1,18.570,0,0.000,0
MADRID,2024-06,0,6,44.450,0,0.000,0
MADRID,2024-07,0,27,2.410,0,0.000,0
MADRID,2024-08,0,25,35.440,0,0.000,0
MADRID,2024-09,0,0,30.380,0,0.000,1
MADRID,2024-10,0,0,118.630,1,0.000,1
MADRID,2024-11,0,0,20.350,0,0.000,1
MADRID,2024-12,14,0,5.520,0,0.000,0
MADRID,2025-01,15,0,53.310,0,0.000,5
MADRID,2025-02,10,0,25.080,0,0.000,0
MADRID,2025-03,4,0,202.440,2,3.000,2
MADRID,2025-04,1,0,90.180,1,0.000,0
MADRID,2025-05,0,0,66.080,1,0.000,0
MADRID,2025-06,0,16,20.610,0,0.000,0
MADRID,2025-07,0,24,16.810,0,0.000,0
MADRID,2025-08,0,25,2.690,0,0.000,0
MADRID,2025-09,0,6,2.530,0,0.000,0
MADRID,2025-10,0,0,31.800,0,0.000,0
MADRID,2025-11,6,0,61.780,0,0.000,1
MADRID,2025-12,10,0,37.700,0,0.000,0
MADRID,2026-01,16,0,93.960,0,6.000,5
MADRID,2026-02,5,0,99.780,0,2.000,5
MADRID,2026-03,1,0,36.590,0,0.000,1
MADRID,2026-04,0,0,25.820,0,0.000,0
MADRID,2026-05,0,5,48.970,0,0.000,0
MADRID,2026-06,0,20,9.520,0,0.000,0
MADRID,2026-07,0,29,4.590,0,0.000,0
MADRID,2026-08,0,23,5.870,0,0.000,0
MADRID,2026-09,0,15,4.510,0,,0
MARNE LA VALLEE,2017-12,10,0,98.080,0,3.000,10
MARNE LA VALLEE,2018-01,0,0,117.930,0,0.000,11
MARNE LA VALLEE,2018-02,22,0,47.490,0,5.000,1
MARNE LA VALLEE,2018-03,9,0,84.180,0,2.000,3
MARNE LA VALLEE,2018-04,0,0,61.920,1,0.000,1
MARNE LA VALLEE,2018-05,0,0,68.270,0,0.000,0
MARNE LA VALLEE,2018-06,0,0,78.500,1,0.000,0
MARNE LA VALLEE,2018-07,0,2,28.780,0,0.000,0
MARNE LA VALLEE,2018-08,0,2,45.530,0,0.000,0
MARNE LA VALLEE,2018-09,0,0,20.610,0,0.000,1
MARNE LA VALLEE,2018-10,0,0,41.080,0,1.000,1
MARNE LA VALLEE,2018-11,5,0,73.320,0,0.000,2
MARNE LA VALLEE,2018-12,9,0,88.160,0,1.000,5
MARNE LA VALLEE,2019-01,18,0,47.610,0,4.000,2
MARNE LA VALLEE,2019-02,12,0,39.010,0,0.000,3
MARNE LA VALLEE,2019-03,0,0,59.430,0,0.000,12
MARNE LA VALLEE,2019-04,5,0,28.770,0,0.000,1
MARNE LA VALLEE,2019-05,0,0,68.360,0,0.000,0
MARNE LA VALLEE,2019-06,0,1,65.850,1,0.000,2
MARNE LA VALLEE,2019-07,0,3,24.340,0,0.000,0
MARNE LA VALLEE,2019-08,0,0,49.150,0,0.000,1
MARNE LA VALLEE,2019-09,0,0,31.290,0,0.000,1
MARNE LA VALLEE,2019-10,0,0,92.410,0,0.000,3
MARNE LA VALLEE,2019-11,2,0,95.890,0,1.000,3
MARNE LA VALLEE,2019-12,12,0,99.830,0,0.000,9
MARNE LA VALLEE,2020-01,9,0,40.120,0,0.000,4
MARNE LA VALLEE,2020-02,4,0,111.890,0,1.000,20
MARNE LA VALLEE,2020-03,7,0,55.530,0,0.000,4
MARNE LA VALLEE,2020-04,2,0,25.370,0,0.000,1
MARNE LA VALLEE,2020-05,0,0,40.520,0,0.000,2
MARNE LA VALLEE,2020-06,0,0,43.940,0,0.000,1
MARNE LA VALLEE,2020-07,0,1,12.870,0,0.000,0
MARNE LA VALLEE,2020-08,0,7,36.610,0,0.000,1
MARNE LA VALLEE,2020-09,0,2,43.780,0,0.000,3
MARNE LA VALLEE,2020-10,0,0,102.580,0,0.000,8
MARNE LA VALLEE,2020-11,2,0,21.580,0,0.000,3
MARNE LA VALLEE,2020-12,7,0,100.460,0,0.000,5
MARNE LA VALLEE,2021-01,18,0,94.070,0,2.000,4
MARNE LA VALLEE,2021-02,8,0,43.990,0,0.000,1
MARNE LA VALLEE,2021-03,8,0,31.160,0,0.000,4
MARNE LA VALLEE,2021-04,8,0,29.750,0,0.000,0
MARNE LA VALLEE,2021-05,0,0,80.070,0,0.000,3
MARNE LA VALLEE,2021-06,0,0,121.680,1,0.000,1
MARNE LA VALLEE,2021-07,0,0,90.750,1,0.000,1
MARNE LA VALLEE,2021-08,0,0,28.630,0,0.000,0
MARNE LA VALLEE,2021-09,0,0,64.100,0,0.000,0
MARNE LA VALLEE,2021-10,0,0,70.010,0,0.000,6
MARNE LA VALLEE,2021-11,6,0,35.340,0,0.000,1
MARNE LA VALLEE,2021-12,6,0,77.320,0,1.000,4
MARNE LA VALLEE,2022-01,18,0,56.990,0,1.000,2
MARNE LA VALLEE,2022-02,7,0,35.030,0,0.000,10
MARNE LA VALLEE,2022-03,5,0,30.730,0,0.000,1
MARNE LA VALLEE,2022-04,5,0,45.870,1,0.000,2
MARNE LA VALLEE,2022-05,0,0,24.290,0,0.000,0
MARNE LA VALLEE,2022-06,0,1,85.390,0,0.000,0
MARNE LA VALLEE,2022-07,0,3,13.530,0,0.000,0
MARNE LA VALLEE,2022-08,0,7,25.160,0,0.000,0
MARNE LA VALLEE,2022-09,0,0,60.900,0,0.000,1
MARNE LA VALLEE,2022-10,0,0,60.200,0,0.000,2
MARNE LA VALLEE,2022-11,0,0,61.700,0,0.000,3
MARNE LA VALLEE,2022-12,15,0,60.240,0,2.000,6
MARNE LA VALLEE,2023-01,14,0,60.580,0,0.000,7
MARNE LA VALLEE,2023-02,10,0,3.920,0,0.000,1
MARNE LA VALLEE,2023-03,6,0,65.800,0,0.000,11
MARNE LA VALLEE,2023-04,2,0,67.020,0,0.000,3
MARNE LA VALLEE,2023-05,0,0,55.700,0,0.000,0
MARNE LA VALLEE,2023-06,0,0,43.900,0,0.000,0
MARNE LA VALLEE,2023-07,0,0,85.540,0,0.000,1
MARNE LA VALLEE,2023-08,0,0,67.360,0,0.000,3
MARNE LA VALLEE,2023-09,0,6,54.060,1,0.000,0
MARNE LA VALLEE,2023-10,0,0,92.760,0,0.000,4
MARNE LA VALLEE,2023-11,3,0,105.830,0,0.000,7
MARNE LA VALLEE,2023-12,6,0,65.000,0,1.000,6
MARNE LA VALLEE,2024-01,17,0,61.280,1,2.000,8
MARNE LA VALLEE,2024-02,0,0,88.000,0,0.000,7
MARNE LA VALLEE,2024-03,1,0,89.630,0,0.000,2
MARNE LA VALLEE,2024-04,0,0,64.350,0,0.000,5
MARNE LA VALLEE,2024-05,0,0,101.760,1,0.000,0
MARNE LA VALLEE,2024-06,0,0,95.280,1,0.000,0
MARNE LA VALLEE,2024-07,0,0,98.930,1,0.000,0
MARNE LA VALLEE,2024-08,0,1,47.770,0,0.000,1
MARNE LA VALLEE,2024-09,0,0,110.230,2,0.000,2
MARNE LA VALLEE,2024-10,0,0,111.270,1,0.000,1
MARNE LA VALLEE,2024-11,4,0,49.970,0,1.000,4
MARNE LA VALLEE,2024-12,9,0,52.180,0,0.000,9
MARNE LA VALLEE,2025-01,19,0,99.650,1,2.000,11
MARNE LA VALLEE,2025-02,14,0,21.460,0,0.000,0
MARNE LA VALLEE,2025-03,7,0,14.280,0,0.000,0
MARNE LA VALLEE,2025-04,0,0,20.330,0,0.000,0
MARNE LA VALLEE,2025-05,0,0,23.970,0,0.000,0
MARNE LA VALLEE,2025-06,0,2,26.710,0,0.000,0
MARNE LA VALLEE,2025-07,0,1,46.840,0,0.000,0
MARNE LA VALLEE,2025-08,0,2,21.900,0,0.000,0
MARNE LA VALLEE,2025-09,0,0,27.270,0,0.000,2
MARNE LA VALLEE,2025-10,0,0,34.210,0,0.000,5
MARNE LA VALLEE,2025-11,7,0,42.730,0,2.000,0
MARNE LA VALLEE,2025-12,9,0,24.960,0,0.000,3
MARNE LA VALLEE,2026-01,9,0,35.360,0,2.000,3
MARNE LA VALLEE,2026-02,2,0,59.100,0,2.000,5
MARNE LA VALLEE,2026-03,1,0,23.840,0,0.000,3
MARNE LA VALLEE,2026-04,0,0,3.320,0,0.000,0
MARNE LA VALLEE,2026-05,0,5,39.590,0,0.000,0
MARNE LA VALLEE,2026-06,0,12,18.660,0,0.000,0
MARNE LA VALLEE,2026-07,0,13,4.090,0,0.000,0
MARNE LA VALLEE,2026-08,0,11,23.700,0,0.000,2
MARNE LA VALLEE,2026-09,0,0,28.370,0,,1
MARSEILLE ST CHARLES,2017-12,11,0,59.720,1,1.000,5
MARSEILLE ST CHARLES,2018-01,0,0,79.870,2,1.000,9
MARSEILLE ST CHARLES,2018-02,15,0,38.910,0,1.000,4
MARSEILLE ST CHARLES,2018-03,0,0,88.640,0,0.000,6
MARSEILLE ST CHARLES,2018-04,0,0,84.020,2,0.000,6
MARSEILLE ST CHARLES,2018-05,0,0,76.800,1,0.000,1
MARSEILLE ST CHARLES,2018-06,0,1,38.560,0,0.000,2
MARSEILLE ST CHARLES,2018-07,0,20,19.120,0,0.000,1
MARSEILLE ST CHARLES,2018-08,0,11,48.520,1,0.000,3
MARSEILLE ST CHARLES,2018-09,0,2,4.070,0,0.000,1
MARSEILLE ST CHARLES,2018-10,0,0,220.210,4,1.000,5
MARSEILLE ST CHARLES,2018-11,0,0,154.760,2,0.000,3
MARSEILLE ST CHARLES,2018-12,2,0,32.130,0,0.000,3
MARSEILLE ST CHARLES,2019-01,14,0,8.900,0,0.000,9
MARSEILLE ST CHARLES,2019-02,2,0,25.010,1,0.000,2
MARSEILLE ST CHARLES,2019-03,1,0,4.390,0,0.000,10
MARSEILLE ST CHARLES,2019-04,1,0,74.510,1,0.000,7
MARSEILLE ST CHARLES,2019-05,0,0,20.460,0,0.000,6
MARSEILLE ST CHARLES,2019-06,0,7,11.210,0,0.000,2
MARSEILLE ST CHARLES,2019-07,0,22,15.110,0,0.000,2
MARSEILLE ST CHARLES,2019-08,0,17,5.980,0,0.000,1
MARSEILLE ST CHARLES,2019-09,0,2,45.260,0,0.000,5
MARSEILLE ST CHARLES,2019-10,0,0,149.970,3,0.000,7
MARSEILLE ST CHARLES,2019-11,1,0,248.560,2,0.000,5
MARSEILLE ST CHARLES,2019-12,0,0,94.390,2,0.000,8
MARSEILLE ST CHARLES,2020-01,0,0,32.480,0,0.000,0
MARSEILLE ST CHARLES,2020-02,1,0,7.190,0,0.000,3
MARSEILLE ST CHARLES,2020-03,0,0,24.670,0,0.000,3
MARSEILLE ST CHARLES,2020-04,0,0,39.820,0,0.000,0
MARSEILLE ST CHARLES,2020-05,0,0,52.970,0,0.000,2
MARSEILLE ST CHARLES,2020-06,0,1,41.740,0,0.000,6
MARSEILLE ST CHARLES,2020-07,0,16,1.400,0,0.000,2
MARSEILLE ST CHARLES,2020-08,0,16,14.230,0,0.000,3
MARSEILLE ST CHARLES,2020-09,0,2,50.420,0,0.000,4
MARSEILLE ST CHARLES,2020-10,0,0,38.490,0,0.000,5
MARSEILLE ST CHARLES,2020-11,0,0,42.470,1,0.000,5
MARSEILLE ST CHARLES,2020-12,7,0,43.620,0,0.000,4
MARSEILLE ST CHARLES,2021-01,9,0,40.090,0,0.000,6
MARSEILLE ST CHARLES,2021-02,1,0,23.880,0,0.000,4
MARSEILLE ST CHARLES,2021-03,1,0,4.410,0,0.000,4
MARSEILLE ST CHARLES,2021-04,1,0,55.710,0,0.000,3
MARSEILLE ST CHARLES,2021-05,0,0,58.440,1,0.000,7
MARSEILLE ST CHARLES,2021-06,0,2,12.760,0,0.000,0
MARSEILLE ST CHARLES,2021-07,0,12,13.570,0,0.000,2
MARSEILLE ST CHARLES,2021-08,0,12,17.200,0,0.000,3
MARSEILLE ST CHARLES,2021-09,0,0,51.740,0,0.000,1
MARSEILLE ST CHARLES,2021-10,0,0,67.490,1,0.000,3
MARSEILLE ST CHARLES,2021-11,2,0,55.870,0,0.000,4
MARSEILLE ST CHARLES,2021-12,5,0,43.120,0,1.000,5
MARSEILLE ST CHARLES,2022-01,5,0,1.360,0,0.000,3
MARSEILLE ST CHARLES,2022-02,0,0,19.280,0,0.000,9
MARSEILLE ST CHARLES,2022-03,1,0,12.530,0,0.000,10
MARSEILLE ST CHARLES,2022-04,1,0,19.740,0,0.000,7
MARSEILLE ST CHARLES,2022-05,0,2,8.890,0,0.000,1
MARSEILLE ST CHARLES,2022-06,0,16,14.320,0,0.000,1
MARSEILLE ST CHARLES,2022-07,0,29,18.070,0,0.000,1
MARSEILLE ST CHARLES,2022-08,0,23,32.960,0,0.000,2
MARSEILLE ST CHARLES,2022-09,0,1,46.730,0,0.000,4
MARSEILLE ST CHARLES,2022-10,0,0,9.450,0,0.000,0
MARSEILLE ST CHARLES,2022-11,0,0,64.220,0,0.000,3
MARSEILLE ST CHARLES,2022-12,4,0,76.690,0,1.000,1
MARSEILLE ST CHARLES,2023-01,10,0,8.270,0,0.000,5
MARSEILLE ST CHARLES,2023-02,3,0,11.350,0,0.000,1
MARSEILLE ST CHARLES,2023-03,0,0,9.800,0,0.000,7
MARSEILLE ST CHARLES,2023-04,0,0,7.160,0,0.000,3
MARSEILLE ST CHARLES,2023-05,0,0,39.050,0,0.000,3
MARSEILLE ST CHARLES,2023-06,0,7,40.380,0,0.000,3
MARSEILLE ST CHARLES,2023-07,0,23,6.030,0,0.000,4
MARSEILLE ST CHARLES,2023-08,0,18,16.850,0,0.000,7
MARSEILLE ST CHARLES,2023-09,0,6,31.230,0,0.000,2
MARSEILLE ST CHARLES,2023-10,0,0,51.770,0,0.000,3
MARSEILLE ST CHARLES,2023-11,2,0,27.890,0,0.000,6
MARSEILLE ST CHARLES,2023-12,2,0,29.530,0,0.000,6
MARSEILLE ST CHARLES,2024-01,1,0,27.110,0,0.000,2
MARSEILLE ST CHARLES,2024-02,0,0,65.380,1,0.000,1
MARSEILLE ST CHARLES,2024-03,0,0,128.590,3,0.000,13
MARSEILLE ST CHARLES,2024-04,0,0,23.120,0,0.000,12
MARSEILLE ST CHARLES,2024-05,0,0,51.470,0,0.000,2
MARSEILLE ST CHARLES,2024-06,0,2,22.990,0,0.000,2
MARSEILLE ST CHARLES,2024-07,0,22,9.400,0,0.000,4
MARSEILLE ST CHARLES,2024-08,0,28,9.880,0,0.000,1
MARSEILLE ST CHARLES,2024-09,0,0,75.140,1,0.000,7
MARSEILLE ST CHARLES,2024-10,0,0,75.660,0,0.000,4
MARSEILLE ST CHARLES,2024-11,2,0,28.930,0,0.000,2
MARSEILLE ST CHARLES,2024-12,0,0,9.490,0,0.000,8
MARSEILLE ST CHARLES,2025-01,1,0,22.540,0,0.000,1
MARSEILLE ST CHARLES,2025-02,0,0,20.070,0,0.000,3
MARSEILLE ST CHARLES,2025-03,1,0,39.120,0,0.000,9
MARSEILLE ST CHARLES,2025-04,0,0,14.430,0,0.000,3
MARSEILLE ST CHARLES,2025-05,0,2,12.210,0,0.000,1
MARSEILLE ST CHARLES,2025-06,0,20,5.320,0,0.000,1
MARSEILLE ST CHARLES,2025-07,0,14,6.180,0,0.000,7
MARSEILLE ST CHARLES,2025-08,0,18,11.350,0,0.000,1
MARSEILLE ST CHARLES,2025-09,0,1,23.340,0,0.000,0
MARSEILLE ST CHARLES,2025-10,0,0,18.460,0,0.000,4
MARSEILLE ST CHARLES,2025-11,3,0,19.710,0,0.000,6
MARSEILLE ST CHARLES,2025-12,1,0,30.650,0,0.000,6
MARSEILLE ST CHARLES,2026-01,6,0,26.460,0,0.000,7
MARSEILLE ST CHARLES,2026-02,0,0,32.130,0,0.000,11
MARSEILLE ST CHARLES,2026-03,0,0,28.030,0,0.000,12
MARSEILLE ST CHARLES,2026-04,0,0,3.830,0,0.000,1
MARSEILLE ST CHARLES,2026-05,0,7,26.750,0,0.000,4
MARSEILLE ST CHARLES,2026-06,0,19,6.140,0,0.000,3
MARSEILLE ST CHARLES,2026-07,0,30,1.220,0,0.000,3
MARSEILLE ST CHARLES,2026-08,0,24,11.750,0,0.000,0
MARSEILLE ST CHARLES,2026-09,0,7,25.590,0,,0
METZ,2017-12,18,0,108.270,0,6.000,7
METZ,2018-01,4,0,147.570,0,2.000,8
METZ,2018-02,28,0,29.200,0,5.000,2
METZ,2018-03,16,0,67.270,0,3.000,1
METZ,2018-04,0,0,49.110,0,0.000,1
METZ,2018-05,0,0,105.710,1,0.000,0
METZ,2018-06,0,0,76.820,1,0.000,0
METZ,2018-07,0,3,25.490,0,0.000,0
METZ,2018-08,0,5,51.230,0,0.000,0
METZ,2018-09,0,0,29.780,0,0.000,1
METZ,2018-10,0,0,20.260,0,1.000,1
METZ,2018-11,7,0,53.830,0,0.000,0
METZ,2018-12,13,0,112.320,1,2.000,6
METZ,2019-01,23,0,52.750,0,6.000,3
METZ,2019-02,17,0,26.180,0,0.000,2
METZ,2019-03,7,0,74.150,0,0.000,12
METZ,2019-04,5,0,59.520,0,0.000,0
METZ,2019-05,1,0,60.170,0,0.000,0
METZ,2019-06,0,5,43.230,0,0.000,0
METZ,2019-07,0,4,23.380,0,0.000,0
METZ,2019-08,0,3,45.580,0,0.000,0
METZ,2019-09,0,0,50.020,0,0.000,2
METZ,2019-10,0,0,95.010,0,0.000,0
METZ,2019-11,10,0,79.500,0,1.000,1
METZ,2019-12,11,0,98.960,0,4.000,7
METZ,2020-01,12,0,41.370,0,1.000,2
METZ,2020-02,5,0,130.560,0,1.000,15
METZ,2020-03,9,0,64.730,0,0.000,6
METZ,2020-04,5,0,19.480,0,0.000,1
METZ,2020-05,1,0,55.270,1,0.000,1
METZ,2020-06,0,0,89.350,1,0.000,1
METZ,2020-07,0,1,14.690,0,0.000,0
METZ,2020-08,0,7,44.390,0,0.000,1
METZ,2020-09,0,2,49.190,0,0.000,1
METZ,2020-10,0,0,98.720,0,0.000,3
METZ,2020-11,7,0,25.430,0,1.000,0
METZ,2020-12,14,0,101.220,0,5.000,4
METZ,2021-01,25,0,92.260,0,9.000,6
METZ,2021-02,10,0,52.760,0,1.000,2
METZ,2021-03,15,0,49.030,0,1.000,3
METZ,2021-04,11,0,31.940,0,0.000,0
METZ,2021-05,0,0,83.710,0,0.000,4
METZ,2021-06,0,0,111.960,0,0.000,0
METZ,2021-07,0,0,155.130,2,0.000,0
METZ,2021-08,0,0,64.620,0,0.000,0
METZ,2021-09,0,0,45.610,0,0.000,0
METZ,2021-10,0,0,53.990,0,0.000,4
METZ,2021-11,12,0,45.130,0,2.000,1
METZ,2021-12,7,0,71.800,0,3.000,2
METZ,2022-01,25,0,62.550,1,1.000,3
METZ,2022-02,13,0,52.960,0,0.000,8
METZ,2022-03,10,0,30.860,0,0.000,0
METZ,2022-04,6,0,65.510,1,1.000,1
METZ,2022-05,0,0,30.470,0,0.000,0
METZ,2022-06,0,2,72.590,0,0.000,1
METZ,2022-07,0,7,10.780,0,0.000,0
METZ,2022-08,0,7,33.440,0,0.000,0
METZ,2022-09,0,0,82.320,0,0.000,0
METZ,2022-10,0,0,85.320,0,0.000,0
METZ,2022-11,0,0,83.640,0,0.000,0
METZ,2022-12,18,0,60.340,0,2.000,6
METZ,2023-01,15,0,87.490,0,1.000,5
METZ,2023-02,14,0,11.320,0,0.000,1
METZ,2023-03,12,0,99.310,0,1.000,8
METZ,2023-04,4,0,59.720,0,0.000,1
METZ,2023-05,0,0,27.940,0,0.000,0
METZ,2023-06,0,0,22.130,0,0.000,0
METZ,2023-07,0,2,70.800,0,0.000,0
METZ,2023-08,0,1,99.100,0,0.000,3
METZ,2023-09,0,2,37.570,0,0.000,0
METZ,2023-10,0,0,131.680,1,0.000,3
METZ,2023-11,5,0,119.110,0,1.000,4
METZ,2023-12,8,0,82.900,0,2.000,7
METZ,2024-01,18,0,82.210,1,2.000,6
METZ,2024-02,2,0,93.450,0,0.000,2
METZ,2024-03,1,0,79.040,0,0.000,1
METZ,2024-04,2,0,76.470,0,0.000,2
METZ,2024-05,0,0,185.650,1,0.000,0
METZ,2024-06,0,0,132.270,1,0.000,0
METZ,2024-07,0,0,78.040,0,0.000,0
METZ,2024-08,0,0,73.300,0,0.000,0
METZ,2024-09,0,0,114.280,0,0.000,2
METZ,2024-10,0,0,95.500,1,0.000,2
METZ,2024-11,6,0,59.740,1,1.000,3
METZ,2024-12,14,0,70.810,0,1.000,4
METZ,2025-01,20,0,104.560,0,4.000,8
METZ,2025-02,18,0,37.510,0,1.000,0
METZ,2025-03,9,0,18.410,0,1.000,0
METZ,2025-04,2,0,42.130,0,0.000,1
METZ,2025-05,0,0,32.250,0,0.000,0
METZ,2025-06,0,2,67.830,1,0.000,0
METZ,2025-07,0,2,66.850,0,0.000,0
METZ,2025-08,0,5,41.620,0,0.000,0
METZ,2025-09,0,0,161.860,2,0.000,1
METZ,2025-10,0,0,64.280,0,0.000,6
METZ,2025-11,9,0,39.960,0,1.000,0
METZ,2025-12,10,0,27.970,0,0.000,2
METZ,2026-01,21,0,53.120,0,4.000,2
METZ,2026-02,5,0,89.380,0,2.000,3
METZ,2026-03,3,0,39.340,0,1.000,2
METZ,2026-04,0,0,10.590,0,0.000,0
METZ,2026-05,0,0,50.910,0,0.000,0
METZ,2026-06,0,11,43.200,0,0.000,0
METZ,2026-07,0,11,11.950,0,0.000,1
METZ,2026-08,0,11,54.290,0,0.000,1
METZ,2026-09,0,0,17.640,0,,0
MONTPELLIER,2017-12,0,0,27.850,0,0.000,4
MONTPELLIER,2018-01,0,0,136.620,3,1.000,7
MONTPELLIER,2018-02,6,0,74.140,1,2.000,3
MONTPELLIER,2018-03,0,0,93.900,0,0.000,5
MONTPELLIER,2018-04,0,0,105.660,1,0.000,4
MONTPELLIER,2018-05,0,0,92.980,0,0.000,2
MONTPELLIER,2018-06,0,0,40.850,0,0.000,0
MONTPELLIER,2018-07,0,11,23.520,0,0.000,0
MONTPELLIER,2018-08,0,11,26.770,0,0.000,1
MONTPELLIER,2018-09,0,1,6.390,0,0.000,0
MONTPELLIER,2018-10,0,0,188.990,3,0.000,4
MONTPELLIER,2018-11,0,0,124.470,1,0.000,1
MONTPELLIER,2018-12,0,0,28.560,0,0.000,1
MONTPELLIER,2019-01,0,0,15.470,0,0.000,7
MONTPELLIER,2019-02,0,0,22.110,0,0.000,2
MONTPELLIER,2019-03,0,0,9.970,0,0.000,5
MONTPELLIER,2019-04,0,0,66.570,0,0.000,3
MONTPELLIER,2019-05,0,0,38.060,0,0.000,5
MONTPELLIER,2019-06,0,5,16.900,0,0.000,1
MONTPELLIER,2019-07,0,16,18.170,0,0.000,2
MONTPELLIER,2019-08,0,8,9.990,0,0.000,0
MONTPELLIER,2019-09,0,0,45.990,0,0.000,1
MONTPELLIER,2019-10,0,0,130.190,2,0.000,3
MONTPELLIER,2019-11,0,0,104.950,0,0.000,3
MONTPELLIER,2019-12,0,0,72.180,0,0.000,9
MONTPELLIER,2020-01,0,0,47.830,0,0.000,2
MONTPELLIER,2020-02,0,0,10.600,0,0.000,3
MONTPELLIER,2020-03,0,0,22.950,0,0.000,6
MONTPELLIER,2020-04,0,0,71.960,1,0.000,0
MONTPELLIER,2020-05,0,0,62.790,1,0.000,1
MONTPELLIER,2020-06,0,0,53.590,1,0.000,3
MONTPELLIER,2020-07,0,5,6.780,0,0.000,0
MONTPELLIER,2020-08,0,8,28.700,0,0.000,0
MONTPELLIER,2020-09,0,0,70.700,1,0.000,3
MONTPELLIER,2020-10,0,0,37.160,0,0.000,2
MONTPELLIER,2020-11,0,0,34.960,0,0.000,2
MONTPELLIER,2020-12,0,0,53.610,0,0.000,6
MONTPELLIER,2021-01,5,0,20.600,0,0.000,3
MONTPELLIER,2021-02,0,0,34.590,0,0.000,2
MONTPELLIER,2021-03,0,0,8.380,0,0.000,2
MONTPELLIER,2021-04,0,0,31.680,0,0.000,0
MONTPELLIER,2021-05,0,0,42.200,0,0.000,3
MONTPELLIER,2021-06,0,4,23.730,0,0.000,0
MONTPELLIER,2021-07,0,5,29.200,0,0.000,1
MONTPELLIER,2021-08,0,5,20.800,0,0.000,1
MONTPELLIER,2021-09,0,0,73.720,1,0.000,0
MONTPELLIER,2021-10,0,0,49.570,0,0.000,3
MONTPELLIER,2021-11,0,0,77.170,1,0.000,2
MONTPELLIER,2021-12,0,0,33.620,0,0.000,4
MONTPELLIER,2022-01,0,0,20.620,0,0.000,4
MONTPELLIER,2022-02,0,0,8.800,0,0.000,3
MONTPELLIER,2022-03,0,0,59.770,1,0.000,4
MONTPELLIER,2022-04,0,0,31.550,0,0.000,5
MONTPELLIER,2022-05,0,0,9.310,0,0.000,0
MONTPELLIER,2022-06,0,7,23.430,0,0.000,0
MONTPELLIER,2022-07,0,26,39.800,1,0.000,0
MONTPELLIER,2022-08,0,13,36.030,0,0.000,0
MONTPELLIER,2022-09,0,1,100.880,2,0.000,2
MONTPELLIER,2022-10,0,0,13.780,0,0.000,0
MONTPELLIER,2022-11,0,0,56.440,0,0.000,3
MONTPELLIER,2022-12,2,0,61.550,1,1.000,0
MONTPELLIER,2023-01,0,0,16.410,0,0.000,4
MONTPELLIER,2023-02,0,0,20.660,0,0.000,2
MONTPELLIER,2023-03,0,0,22.800,0,0.000,6
MONTPELLIER,2023-04,0,0,13.950,0,0.000,2
MONTPELLIER,2023-05,0,0,49.600,0,0.000,1
MONTPELLIER,2023-06,0,5,40.780,0,0.000,1
MONTPELLIER,2023-07,0,9,13.290,0,0.000,1
MONTPELLIER,2023-08,0,10,14.210,0,0.000,4
MONTPELLIER,2023-09,0,0,27.670,0,0.000,0
MONTPELLIER,2023-10,0,0,45.420,0,0.000,3
MONTPELLIER,2023-11,0,0,23.080,0,0.000,6
MONTPELLIER,2023-12,0,0,13.850,0,0.000,4
MONTPELLIER,2024-01,1,0,34.310,0,0.000,3
MONTPELLIER,2024-02,0,0,36.830,0,0.000,5
MONTPELLIER,2024-03,0,0,111.330,2,0.000,8
MONTPELLIER,2024-04,0,0,32.950,0,0.000,5
MONTPELLIER,2024-05,0,0,70.890,1,0.000,2
MONTPELLIER,2024-06,0,0,27.690,0,0.000,0
MONTPELLIER,2024-07,0,13,17.890,0,0.000,0
MONTPELLIER,2024-08,0,14,16.890,0,0.000,0
MONTPELLIER,2024-09,0,0,94.990,1,0.000,1
MONTPELLIER,2024-10,0,0,57.680,0,0.000,2
MONTPELLIER,2024-11,0,0,36.860,0,0.000,5
MONTPELLIER,2024-12,0,0,15.290,0,0.000,6
MONTPELLIER,2025-01,0,0,18.750,0,0.000,3
MONTPELLIER,2025-02,0,0,23.840,0,0.000,1
MONTPELLIER,2025-03,0,0,28.060,0,0.000,8
MONTPELLIER,2025-04,0,0,20.200,0,0.000,2
MONTPELLIER,2025-05,0,1,16.470,0,0.000,0
MONTPELLIER,2025-06,0,17,5.030,0,0.000,0
MONTPELLIER,2025-07,0,13,12.310,0,0.000,1
MONTPELLIER,2025-08,0,11,14.930,0,0.000,0
MONTPELLIER,2025-09,0,1,11.780,0,0.000,0
MONTPELLIER,2025-10,0,0,12.470,0,0.000,3
MONTPELLIER,2025-11,0,0,23.080,0,0.000,5
MONTPELLIER,2025-12,0,0,71.010,0,0.000,2
MONTPELLIER,2026-01,4,0,48.840,0,0.000,6
MONTPELLIER,2026-02,0,0,29.330,0,0.000,9
MONTPELLIER,2026-03,0,0,31.180,0,0.000,10
MONTPELLIER,2026-04,0,0,6.590,0,0.000,2
MONTPELLIER,2026-05,0,2,24.410,0,0.000,0
MONTPELLIER,2026-06,0,16,3.860,0,0.000,1
MONTPELLIER,2026-07,0,25,1.780,0,0.000,0
MONTPELLIER,2026-08,0,19,17.100,0,0.000,0
MONTPELLIER,2026-09,0,7,88.990,2,,0
MULHOUSE VILLE,2017-12,25,0,117.380,0,10.000,4
MULHOUSE VILLE,2018-01,6,0,158.430,2,4.000,8
MULHOUSE VILLE,2018-02,28,0,55.610,0,5.000,0
MULHOUSE VILLE,2018-03,15,0,88.500,0,4.000,0
MULHOUSE VILLE,2018-04,1,0,43.260,0,0.000,0
MULHOUSE VILLE,2018-05,0,0,129.970,0,0.000,0
MULHOUSE VILLE,2018-06,0,0,95.970,1,0.000,0
MULHOUSE VILLE,2018-07,0,0,60.780,0,0.000,0
MULHOUSE VILLE,2018-08,0,0,82.560,0,0.000,0
MULHOUSE VILLE,2018-09,0,0,45.130,0,0.000,1
MULHOUSE VILLE,2018-10,1,0,56.330,0,3.000,1
MULHOUSE VILLE,2018-11,11,0,36.290,0,1.000,0
MULHOUSE VILLE,2018-12,17,0,147.120,1,2.000,5
MULHOUSE VILLE,2019-01,28,0,68.690,0,12.000,1
MULHOUSE VILLE,2019-02,18,0,37.490,0,4.000,2
MULHOUSE VILLE,2019-03,10,0,66.270,0,1.000,8
MULHOUSE VILLE,2019-04,6,0,73.080,0,2.000,0
MULHOUSE VILLE,2019-05,2,0,124.710,1,1.000,2
MULHOUSE VILLE,2019-06,0,1,100.610,1,0.000,0
MULHOUSE VILLE,2019-07,0,1,99.280,1,0.000,0
MULHOUSE VILLE,2019-08,0,0,117.320,1,0.000,0
MULHOUSE VILLE,2019-09,0,0,69.700,0,0.000,0
MULHOUSE VILLE,2019-10,0,0,156.350,0,0.000,0
MULHOUSE VILLE,2019-11,11,0,99.510,0,2.000,1
MULHOUSE VILLE,2019-12,15,0,101.620,0,4.000,3
MULHOUSE VILLE,2020-01,19,0,40.780,0,1.000,2
MULHOUSE VILLE,2020-02,14,0,108.420,0,3.000,8
MULHOUSE VILLE,2020-03,14,0,64.990,0,1.000,3
MULHOUSE VILLE,2020-04,6,0,30.120,0,0.000,0
MULHOUSE VILLE,2020-05,0,0,102.490,1,0.000,1
MULHOUSE VILLE,2020-06,0,0,160.840,1,0.000,1
MULHOUSE VILLE,2020-07,0,1,59.810,0,0.000,0
MULHOUSE VILLE,2020-08,0,0,140.030,2,0.000,0
MULHOUSE VILLE,2020-09,0,0,57.970,0,0.000,1
MULHOUSE VILLE,2020-10,0,0,135.510,2,1.000,2
MULHOUSE VILLE,2020-11,11,0,26.620,0,0.000,0
MULHOUSE VILLE,2020-12,21,0,80.070,0,9.000,2
MULHOUSE VILLE,2021-01,26,0,108.170,1,12.000,2
MULHOUSE VILLE,2021-02,13,0,41.290,0,2.000,1
MULHOUSE VILLE,2021-03,17,0,43.470,0,4.000,2
MULHOUSE VILLE,2021-04,14,0,34.840,0,1.000,0
MULHOUSE VILLE,2021-05,0,0,133.010,0,0.000,2
MULHOUSE VILLE,2021-06,0,0,177.110,3,0.000,0
MULHOUSE VILLE,2021-07,0,0,161.640,1,0.000,0
MULHOUSE VILLE,2021-08,0,0,75.660,0,0.000,0
MULHOUSE VILLE,2021-09,0,0,51.420,0,0.000,0
MULHOUSE VILLE,2021-10,0,0,53.590,0,0.000,1
MULHOUSE VILLE,2021-11,12,0,51.740,0,5.000,0
MULHOUSE VILLE,2021-12,21,0,102.750,0,7.000,1
MULHOUSE VILLE,2022-01,27,0,42.460,0,6.000,2
MULHOUSE VILLE,2022-02,18,0,67.000,0,1.000,7
MULHOUSE VILLE,2022-03,10,0,20.530,0,0.000,0
MULHOUSE VILLE,2022-04,9,0,88.070,0,3.000,2
MULHOUSE VILLE,2022-05,0,0,55.720,0,0.000,0
MULHOUSE VILLE,2022-06,0,0,117.450,0,0.000,0
MULHOUSE VILLE,2022-07,0,1,45.170,0,0.000,0
MULHOUSE VILLE,2022-08,0,1,83.800,1,0.000,0
MULHOUSE VILLE,2022-09,0,0,142.350,2,0.000,0
MULHOUSE VILLE,2022-10,0,0,88.400,1,0.000,0
MULHOUSE VILLE,2022-11,5,0,91.200,0,0.000,0
MULHOUSE VILLE,2022-12,20,0,85.110,1,7.000,2
MULHOUSE VILLE,2023-01,17,0,56.330,0,3.000,2
MULHOUSE VILLE,2023-02,16,0,19.500,0,0.000,2
MULHOUSE VILLE,2023-03,14,0,103.370,0,1.000,7
MULHOUSE VILLE,2023-04,6,0,95.660,0,1.000,2
MULHOUSE VILLE,2023-05,0,0,93.590,0,0.000,0
MULHOUSE VILLE,2023-06,0,0,45.890,0,0.000,0
MULHOUSE VILLE,2023-07,0,1,110.590,1,0.000,0
MULHOUSE VILLE,2023-08,0,1,115.520,1,0.000,1
MULHOUSE VILLE,2023-09,0,0,36.430,0,0.000,0
MULHOUSE VILLE,2023-10,0,0,102.440,1,0.000,1
MULHOUSE VILLE,2023-11,8,0,191.760,1,5.000,5
MULHOUSE VILLE,2023-12,12,0,123.150,0,3.000,3
MULHOUSE VILLE,2024-01,18,0,89.440,0,5.000,4
MULHOUSE VILLE,2024-02,6,0,62.010,0,0.000,1
MULHOUSE VILLE,2024-03,4,0,101.850,0,1.000,0
MULHOUSE VILLE,2024-04,5,0,75.070,0,0.000,3
MULHOUSE VILLE,2024-05,0,0,173.600,1,0.000,0
MULHOUSE VILLE,2024-06,0,0,156.920,1,0.000,0
MULHOUSE VILLE,2024-07,0,0,101.160,0,0.000,0
MULHOUSE VILLE,2024-08,0,0,76.720,0,0.000,0
MULHOUSE VILLE,2024-09,0,0,166.060,1,0.000,1
MULHOUSE VILLE,2024-10,0,0,116.390,1,0.000,1
MULHOUSE VILLE,2024-11,11,0,62.600,0,2.000,1
MULHOUSE VILLE,2024-12,25,0,80.640,0,4.000,1
MULHOUSE VILLE,2025-01,22,0,109.020,1,5.000,2
MULHOUSE VILLE,2025-02,20,0,35.300,0,2.000,0
MULHOUSE VILLE,2025-03,10,0,41.510,0,2.000,0
MULHOUSE VILLE,2025-04,3,0,62.980,0,0.000,1
MULHOUSE VILLE,2025-05,0,0,79.520,0,0.000,0
MULHOUSE VILLE,2025-06,0,0,105.920,0,0.000,0
MULHOUSE VILLE,2025-07,0,0,135.510,0,0.000,0
MULHOUSE VILLE,2025-08,0,2,120.410,3,0.000,0
MULHOUSE VILLE,2025-09,0,0,146.570,2,0.000,0
MULHOUSE VILLE,2025-10,0,0,97.870,0,0.000,3
MULHOUSE VILLE,2025-11,11,0,99.300,0,5.000,0
MULHOUSE VILLE,2025-12,19,0,22.830,0,0.000,0
MULHOUSE VILLE,2026-01,27,0,45.690,0,6.000,1
MULHOUSE VILLE,2026-02,9,0,92.950,0,2.000,2
MULHOUSE VILLE,2026-03,11,0,52.760,0,5.000,1
MULHOUSE VILLE,2026-04,3,0,21.930,0,0.000,0
MULHOUSE VILLE,2026-05,0,0,48.480,0,0.000,0
MULHOUSE VILLE,2026-06,0,5,46.310,0,0.000,0
MULHOUSE VILLE,2026-07,0,2,30.150,0,0.000,0
MULHOUSE VILLE,2026-08,0,4,49.570,0,0.000,0
MULHOUSE VILLE,2026-09,0,0,15.440,0,,0
NANCY,2017-12,18,0,106.450,0,6.000,9
NANCY,2018-01,5,0,165.270,1,2.000,8
NANCY,2018-02,28,0,36.130,0,4.000,3
NANCY,2018-03,14,0,81.150,0,4.000,0
NANCY,2018-04,0,0,49.320,0,0.000,1
NANCY,2018-05,0,0,122.580,1,0.000,0
NANCY,2018-06,0,0,69.810,0,0.000,0
NANCY,2018-07,0,3,28.940,0,0.000,0
NANCY,2018-08,0,4,54.980,0,0.000,0
NANCY,2018-09,0,0,27.720,0,0.000,1
NANCY,2018-10,0,0,18.480,0,0.000,2
NANCY,2018-11,7,0,51.280,0,0.000,1
NANCY,2018-12,13,0,104.730,0,2.000,8
NANCY,2019-01,25,0,56.230,0,7.000,2
NANCY,2019-02,16,0,25.320,0,0.000,2
NANCY,2019-03,9,0,69.060,0,0.000,9
NANCY,2019-04,5,0,57.190,0,0.000,0
NANCY,2019-05,1,0,66.830,0,0.000,2
NANCY,2019-06,0,5,52.760,0,0.000,0
NANCY,2019-07,0,3,33.610,0,0.000,0
NANCY,2019-08,0,1,55.910,0,0.000,0
NANCY,2019-09,0,0,46.160,0,0.000,1
NANCY,2019-10,0,0,104.260,1,0.000,0
NANCY,2019-11,10,0,76.690,0,1.000,1
NANCY,2019-12,12,0,105.200,0,4.000,7
NANCY,2020-01,14,0,36.720,0,1.000,3
NANCY,2020-02,8,0,130.070,0,2.000,12
NANCY,2020-03,11,0,64.140,0,0.000,5
NANCY,2020-04,6,0,18.200,0,0.000,0
NANCY,2020-05,0,0,61.010,1,0.000,0
NANCY,2020-06,0,0,98.360,1,0.000,1
NANCY,2020-07,0,1,17.360,0,0.000,0
NANCY,2020-08,0,6,53.220,0,0.000,0
NANCY,2020-09,0,2,53.830,0,0.000,1
NANCY,2020-10,0,0,98.230,0,0.000,4
NANCY,2020-11,9,0,23.790,0,1.000,1
NANCY,2020-12,16,0,100.030,0,6.000,4
NANCY,2021-01,24,0,96.660,0,10.000,5
NANCY,2021-02,11,0,50.260,0,2.000,3
NANCY,2021-03,15,0,52.750,0,1.000,2
NANCY,2021-04,12,0,28.910,0,0.000,0
NANCY,2021-05,0,0,95.200,0,0.000,2
NANCY,2021-06,0,0,118.800,0,0.000,0
NANCY,2021-07,0,0,146.250,2,0.000,0
NANCY,2021-08,0,0,62.900,0,0.000,0
NANCY,2021-09,0,0,42.830,0,0.000,0
NANCY,2021-10,0,0,53.440,0,0.000,5
NANCY,2021-11,13,0,42.300,0,3.000,1
NANCY,2021-12,11,0,80.630,0,2.000,3
NANCY,2022-01,24,0,52.820,0,2.000,3
NANCY,2022-02,14,0,48.810,0,0.000,8
NANCY,2022-03,10,0,24.130,0,0.000,0
NANCY,2022-04,6,0,67.750,1,2.000,2
NANCY,2022-05,0,0,32.830,0,0.000,0
NANCY,2022-06,0,2,71.460,0,0.000,1
NANCY,2022-07,0,8,10.240,0,0.000,0
NANCY,2022-08,0,7,38.050,0,0.000,0
NANCY,2022-09,0,0,81.390,0,0.000,0
NANCY,2022-10,0,0,80.760,1,0.000,0
NANCY,2022-11,1,0,76.070,0,0.000,0
NANCY,2022-12,18,0,54.590,0,2.000,5
NANCY,2023-01,15,0,69.740,0,2.000,4
NANCY,2023-02,14,0,11.780,0,0.000,2
NANCY,2023-03,13,0,85.480,0,0.000,7
NANCY,2023-04,4,0,60.440,0,0.000,1
NANCY,2023-05,0,0,26.070,0,0.000,0
NANCY,2023-06,0,0,19.040,0,0.000,0
NANCY,2023-07,0,3,65.400,0,0.000,1
NANCY,2023-08,0,4,89.960,0,0.000,3
NANCY,2023-09,0,5,33.600,0,0.000,0
NANCY,2023-10,0,0,135.210,2,0.000,3
NANCY,2023-11,7,0,123.900,0,1.000,4
NANCY,2023-12,9,0,74.640,0,2.000,5
NANCY,2024-01,18,0,66.310,0,3.000,6
NANCY,2024-02,1,0,73.760,0,0.000,3
NANCY,2024-03,1,0,76.320,0,0.000,1
NANCY,2024-04,3,0,74.960,0,0.000,2
NANCY,2024-05,0,0,162.730,1,0.000,0
NANCY,2024-06,0,0,125.370,1,0.000,0
NANCY,2024-07,0,0,71.680,0,0.000,0
NANCY,2024-08,0,0,58.070,0,0.000,0
NANCY,2024-09,0,0,99.920,0,0.000,3
NANCY,2024-10,0,0,76.250,0,0.000,2
NANCY,2024-11,8,0,47.470,1,1.000,4
NANCY,2024-12,17,0,70.210,0,1.000,5
NANCY,2025-01,17,0,82.100,0,3.000,6
NANCY,2025-02,18,0,28.800,0,1.000,0
NANCY,2025-03,7,0,20.140,0,1.000,0
NANCY,2025-04,2,0,34.530,0,0.000,1
NANCY,2025-05,0,0,25.290,0,0.000,0
NANCY,2025-06,0,4,70.110,0,0.000,0
NANCY,2025-07,0,2,54.800,0,0.000,0
NANCY,2025-08,0,5,54.990,0,0.000,0
NANCY,2025-09,0,0,114.060,1,0.000,1
NANCY,2025-10,0,0,55.560,0,0.000,5
NANCY,2025-11,9,0,39.340,0,1.000,0
NANCY,2025-12,10,0,20.460,0,0.000,2
NANCY,2026-01,21,0,40.910,0,3.000,2
NANCY,2026-02,4,0,68.670,0,1.000,2
NANCY,2026-03,3,0,26.770,0,0.000,2
NANCY,2026-04,1,0,8.690,0,0.000,0
NANCY,2026-05,0,1,33.480,0,0.000,0
NANCY,2026-06,0,11,32.580,0,0.000,0
NANCY,2026-07,0,13,10.700,0,0.000,1
NANCY,2026-08,0,13,36.570,0,0.000,0
NANCY,2026-09,0,0,11.100,0,,0
NANTES,2017-12,8,0,108.280,2,0.000,10
NANTES,2018-01,0,0,126.820,0,0.000,12
NANTES,2018-02,19,0,66.900,0,1.000,3
NANTES,2018-03,6,0,118.440,1,0.000,9
NANTES,2018-04,0,0,60.640,0,0.000,2
NANTES,2018-05,0,0,39.050,0,0.000,0
NANTES,2018-06,0,0,102.510,1,0.000,0
NANTES,2018-07,0,0,55.210,1,0.000,0
NANTES,2018-08,0,3,35.910,0,0.000,0
NANTES,2018-09,0,0,11.680,0,0.000,1
NANTES,2018-10,0,0,35.820,0,0.000,0
NANTES,2018-11,3,0,131.580,0,0.000,3
NANTES,2018-12,5,0,121.460,2,0.000,8
NANTES,2019-01,14,0,38.490,0,0.000,3
NANTES,2019-02,4,0,44.100,0,0.000,3
NANTES,2019-03,0,0,55.290,0,0.000,6
NANTES,2019-04,1,0,60.670,0,0.000,0
NANTES,2019-05,0,0,47.080,0,0.000,3
NANTES,2019-06,0,2,53.090,0,0.000,1
NANTES,2019-07,0,3,27.360,0,0.000,0
NANTES,2019-08,0,1,41.020,0,0.000,1
NANTES,2019-09,0,0,69.690,1,0.000,3
NANTES,2019-10,0,0,103.860,0,0.000,2
NANTES,2019-11,3,0,189.170,0,0.000,4
NANTES,2019-12,5,0,126.940,0,0.000,9
NANTES,2020-01,6,0,81.790,0,0.000,6
NANTES,2020-02,1,0,99.810,0,0.000,10
NANTES,2020-03,5,0,77.830,1,0.000,6
NANTES,2020-04,2,0,61.170,0,0.000,1
NANTES,2020-05,0,0,45.210,0,0.000,2
NANTES,2020-06,0,0,81.110,1,0.000,2
NANTES,2020-07,0,0,8.420,0,0.000,0
NANTES,2020-08,0,1,65.610,0,0.000,1
NANTES,2020-09,0,0,42.970,0,0.000,2
NANTES,2020-10,0,0,141.900,1,0.000,6
NANTES,2020-11,1,0,36.640,0,0.000,2
NANTES,2020-12,2,0,144.840,1,0.000,5
NANTES,2021-01,16,0,85.510,0,1.000,6
NANTES,2021-02,8,0,57.480,0,3.000,4
NANTES,2021-03,9,0,17.580,0,0.000,4
NANTES,2021-04,7,0,8.760,0,0.000,0
NANTES,2021-05,0,0,64.620,0,0.000,6
NANTES,2021-06,0,0,100.810,0,0.000,0
NANTES,2021-07,0,0,45.560,0,0.000,0
NANTES,2021-08,0,0,29.110,0,0.000,1
NANTES,2021-09,0,0,30.680,0,0.000,0
NANTES,2021-10,0,0,77.490,1,0.000,5
NANTES,2021-11,7,0,30.080,0,0.000,3
NANTES,2021-12,5,0,92.740,1,0.000,5
NANTES,2022-01,14,0,41.700,0,0.000,3
NANTES,2022-02,3,0,29.240,0,0.000,5
NANTES,2022-03,1,0,32.620,0,0.000,1
NANTES,2022-04,4,0,46.150,0,0.000,3
NANTES,2022-05,0,0,21.550,0,0.000,0
NANTES,2022-06,0,2,59.820,0,0.000,1
NANTES,2022-07,0,7,7.930,0,0.000,0
NANTES,2022-08,0,7,33.100,0,0.000,0
NANTES,2022-09,0,1,39.350,0,0.000,1
NANTES,2022-10,0,0,48.230,0,0.000,3
NANTES,2022-11,0,0,114.150,0,0.000,6
NANTES,2022-12,12,0,89.090,0,0.000,6
NANTES,2023-01,11,0,91.880,0,0.000,5
NANTES,2023-02,11,0,17.220,0,0.000,2
NANTES,2023-03,7,0,89.710,0,0.000,11
NANTES,2023-04,2,0,42.160,0,0.000,4
NANTES,2023-05,0,0,26.750,0,0.000,0
NANTES,2023-06,0,0,52.920,0,0.000,0
NANTES,2023-07,0,0,39.090,0,0.000,3
NANTES,2023-08,0,3,40.220,0,0.000,2
NANTES,2023-09,0,4,69.050,0,0.000,1
NANTES,2023-10,0,0,127.050,1,0.000,5
NANTES,2023-11,1,0,119.060,2,0.000,10
NANTES,2023-12,5,0,87.660,0,0.000,5
NANTES,2024-01,12,0,65.670,1,0.000,7
NANTES,2024-02,0,0,99.350,0,0.000,8
NANTES,2024-03,0,0,83.320,0,0.000,4
NANTES,2024-04,0,0,61.580,0,0.000,4
NANTES,2024-05,0,0,103.990,0,0.000,0
NANTES,2024-06,0,0,70.830,0,0.000,0
NANTES,2024-07,0,0,45.110,0,0.000,0
NANTES,2024-08,0,1,55.990,0,0.000,1
NANTES,2024-09,0,0,96.280,1,0.000,3
NANTES,2024-10,0,0,121.400,1,0.000,2
NANTES,2024-11,2,0,59.780,0,0.000,5
NANTES,2024-12,5,0,36.090,0,0.000,3
NANTES,2025-01,14,0,107.100,0,0.000,11
NANTES,2025-02,8,0,21.780,0,0.000,2
NANTES,2025-03,3,0,16.070,0,0.000,0
NANTES,2025-04,0,0,25.000,0,0.000,3
NANTES,2025-05,0,0,11.620,0,0.000,0
NANTES,2025-06,0,4,21.250,0,0.000,1
NANTES,2025-07,0,1,38.720,0,0.000,2
NANTES,2025-08,0,6,11.160,0,0.000,1
NANTES,2025-09,0,0,27.050,0,0.000,3
NANTES,2025-10,0,0,33.980,0,0.000,4
NANTES,2025-11,4,0,38.780,0,0.000,4
NANTES,2025-12,8,0,29.950,0,0.000,4
NANTES,2026-01,9,0,60.250,0,0.000,8
NANTES,2026-02,0,0,73.490,0,0.000,8
NANTES,2026-03,1,0,19.730,0,0.000,1
NANTES,2026-04,0,0,5.790,0,0.000,1
NANTES,2026-05,0,7,36.080,0,0.000,1
NANTES,2026-06,0,14,8.660,0,0.000,3
NANTES,2026-07,0,18,1.040,0,0.000,0
NANTES,2026-08,0,11,17.450,0,0.000,1
NANTES,2026-09,0,0,22.370,0,,0
NICE VILLE,2017-12,0,0,112.820,1,2.000,9
NICE VILLE,2018-01,0,0,75.410,0,0.000,13
NICE VILLE,2018-02,0,0,50.730,0,2.000,9
NICE VILLE,2018-03,0,0,197.310,4,3.000,10
NICE VILLE,2018-04,0,0,132.600,2,1.000,3
NICE VILLE,2018-05,0,0,89.040,0,0.000,0
NICE VILLE,2018-06,0,0,63.070,0,0.000,0
NICE VILLE,2018-07,0,0,40.990,0,0.000,0
NICE VILLE,2018-08,0,0,31.310,0,0.000,0
NICE VILLE,2018-09,0,0,15.400,0,0.000,2
NICE VILLE,2018-10,0,0,255.010,5,0.000,6
NICE VILLE,2018-11,0,0,195.450,1,0.000,9
NICE VILLE,2018-12,0,0,51.170,1,1.000,5
NICE VILLE,2019-01,0,0,18.080,0,0.000,3
NICE VILLE,2019-02,0,0,69.640,1,2.000,5
NICE VILLE,2019-03,0,0,2.540,0,0.000,4
NICE VILLE,2019-04,0,0,107.230,0,0.000,3
NICE VILLE,2019-05,0,0,54.630,0,0.000,4
NICE VILLE,2019-06,0,0,6.070,0,0.000,1
NICE VILLE,2019-07,0,0,40.290,0,0.000,1
NICE VILLE,2019-08,0,0,18.160,0,0.000,0
NICE VILLE,2019-09,0,0,46.420,0,0.000,6
NICE VILLE,2019-10,0,0,137.080,2,0.000,3
NICE VILLE,2019-11,0,0,368.300,5,1.000,13
NICE VILLE,2019-12,0,0,143.960,2,1.000,13
NICE VILLE,2020-01,0,0,25.050,0,0.000,6
NICE VILLE,2020-02,0,0,4.800,0,0.000,7
NICE VILLE,2020-03,0,0,70.470,2,0.000,8
NICE VILLE,2020-04,0,0,53.640,0,0.000,5
NICE VILLE,2020-05,0,0,77.850,1,0.000,2
NICE VILLE,2020-06,0,0,67.040,1,0.000,0
NICE VILLE,2020-07,0,0,18.340,0,0.000,1
NICE VILLE,2020-08,0,0,41.340,0,0.000,1
NICE VILLE,2020-09,0,0,45.440,0,0.000,1
NICE VILLE,2020-10,0,0,112.080,1,0.000,3
NICE VILLE,2020-11,0,0,20.150,0,0.000,5
NICE VILLE,2020-12,0,0,102.700,1,1.000,7
NICE VILLE,2021-01,0,0,95.000,1,4.000,8
NICE VILLE,2021-02,0,0,27.360,0,0.000,12
NICE VILLE,2021-03,0,0,3.870,0,0.000,4
NICE VILLE,2021-04,0,0,45.330,0,0.000,3
NICE VILLE,2021-05,0,0,50.530,0,0.000,5
NICE VILLE,2021-06,0,0,10.020,0,0.000,1
NICE VILLE,2021-07,0,0,23.740,0,0.000,1
NICE VILLE,2021-08,0,0,9.670,0,0.000,3
NICE VILLE,2021-09,0,0,45.520,0,0.000,1
NICE VILLE,2021-10,0,0,70.960,1,0.000,3
NICE VILLE,2021-11,0,0,111.510,1,0.000,16
NICE VILLE,2021-12,0,0,41.820,0,1.000,5
NICE VILLE,2022-01,0,0,4.760,0,0.000,3
NICE VILLE,2022-02,0,0,18.530,0,1.000,3
NICE VILLE,2022-03,0,0,19.450,0,0.000,10
NICE VILLE,2022-04,0,0,29.010,0,0.000,7
NICE VILLE,2022-05,0,0,21.980,0,0.000,1
NICE VILLE,2022-06,0,0,13.020,0,0.000,0
NICE VILLE,2022-07,0,0,15.270,0,0.000,0
NICE VILLE,2022-08,0,0,70.810,0,0.000,0
NICE VILLE,2022-09,0,0,46.730,0,0.000,3
NICE VILLE,2022-10,0,0,22.840,0,0.000,1
NICE VILLE,2022-11,0,0,62.530,0,0.000,2
NICE VILLE,2022-12,0,0,126.410,2,2.000,4
NICE VILLE,2023-01,0,0,30.380,0,0.000,7
NICE VILLE,2023-02,0,0,9.070,0,0.000,8
NICE VILLE,2023-03,0,0,9.080,0,0.000,9
NICE VILLE,2023-04,0,0,29.060,0,0.000,4
NICE VILLE,2023-05,0,0,76.790,0,0.000,0
NICE VILLE,2023-06,0,0,53.860,0,0.000,0
NICE VILLE,2023-07,0,0,25.680,0,0.000,1
NICE VILLE,2023-08,0,0,60.850,1,0.000,0
NICE VILLE,2023-09,0,0,74.060,1,0.000,0
NICE VILLE,2023-10,0,0,83.690,1,0.000,7
NICE VILLE,2023-11,0,0,57.060,0,0.000,10
NICE VILLE,2023-12,0,0,55.920,1,1.000,4
NICE VILLE,2024-01,0,0,55.770,1,1.000,5
NICE VILLE,2024-02,0,0,143.890,2,2.000,4
NICE VILLE,2024-03,0,0,173.460,3,1.000,7
NICE VILLE,2024-04,0,0,47.280,0,0.000,4
NICE VILLE,2024-05,0,0,124.270,1,0.000,2
NICE VILLE,2024-06,0,0,49.050,0,0.000,1
NICE VILLE,2024-07,0,0,14.220,0,0.000,0
NICE VILLE,2024-08,0,0,15.660,0,0.000,0
NICE VILLE,2024-09,0,0,95.320,2,0.000,4
NICE VILLE,2024-10,0,0,156.490,3,0.000,1
NICE VILLE,2024-11,0,0,14.430,0,0.000,8
NICE VILLE,2024-12,0,0,7.690,0,0.000,6
NICE VILLE,2025-01,0,0,66.950,0,0.000,16
NICE VILLE,2025-02,0,0,34.410,0,0.000,6
NICE VILLE,2025-03,0,0,163.810,3,0.000,6
NICE VILLE,2025-04,0,0,105.290,2,0.000,3
NICE VILLE,2025-05,0,0,29.490,0,0.000,2
NICE VILLE,2025-06,0,0,20.730,0,0.000,0
NICE VILLE,2025-07,0,0,32.900,0,0.000,2
NICE VILLE,2025-08,0,0,77.070,1,0.000,1
NICE VILLE,2025-09,0,0,34.790,0,0.000,1
NICE VILLE,2025-10,0,0,41.410,0,0.000,3
NICE VILLE,2025-11,0,0,94.600,1,0.000,5
NICE VILLE,2025-12,0,0,99.680,0,0.000,13
NICE VILLE,2026-01,0,0,77.620,0,0.000,13
NICE VILLE,2026-02,0,0,63.050,0,1.000,7
NICE VILLE,2026-03,0,0,68.490,1,0.000,9
NICE VILLE,2026-04,0,0,6.420,0,0.000,3
NICE VILLE,2026-05,0,0,95.540,1,0.000,3
NICE VILLE,2026-06,0,0,34.780,0,0.000,0
NICE VILLE,2026-07,0,0,10.170,0,0.000,1
NICE VILLE,2026-08,0,0,79.470,0,0.000,1
NICE VILLE,2026-09,0,0,12.620,0,,0
NIMES,2017-12,19,0,41.750,0,2.000,2
NIMES,2018-01,2,0,124.720,2,1.000,2
NIMES,2018-02,19,0,49.460,0,4.000,2
NIMES,2018-03,3,0,98.700,0,2.000,5
NIMES,2018-04,0,0,101.770,2,0.000,2
NIMES,2018-05,0,0,111.370,1,0.000,1
NIMES,2018-06,0,4,44.370,0,0.000,2
NIMES,2018-07,0,23,24.230,0,0.000,0
NIMES,2018-08,0,16,51.330,1,0.000,0
NIMES,2018-09,0,7,6.790,0,0.000,1
NIMES,2018-10,0,0,184.640,3,1.000,6
NIMES,2018-11,1,0,176.590,2,0.000,0
NIMES,2018-12,9,0,35.670,0,0.000,2
NIMES,2019-01,19,0,12.670,0,1.000,9
NIMES,2019-02,4,0,36.030,1,1.000,2
NIMES,2019-03,1,0,15.450,0,0.000,4
NIMES,2019-04,0,0,80.090,1,0.000,2
NIMES,2019-05,0,0,34.350,0,0.000,5
NIMES,2019-06,0,9,27.990,0,0.000,2
NIMES,2019-07,0,26,19.520,0,0.000,1
NIMES,2019-08,0,23,9.450,0,0.000,0
NIMES,2019-09,0,4,43.170,0,0.000,2
NIMES,2019-10,0,0,145.930,2,0.000,3
NIMES,2019-11,4,0,179.170,2,1.000,2
NIMES,2019-12,3,0,94.990,2,0.000,1
NIMES,2020-01,3,0,37.420,0,0.000,3
NIMES,2020-02,0,0,14.110,0,0.000,3
NIMES,2020-03,1,0,26.750,0,0.000,1
NIMES,2020-04,0,0,54.550,0,0.000,0
NIMES,2020-05,0,0,57.470,0,0.000,1
NIMES,2020-06,0,4,62.220,0,0.000,1
NIMES,2020-07,0,22,5.720,0,0.000,1
NIMES,2020-08,0,20,31.850,0,0.000,0
NIMES,2020-09,0,5,76.220,0,0.000,0
NIMES,2020-10,0,0,54.650,0,0.000,3
NIMES,2020-11,1,0,42.580,0,0.000,1
NIMES,2020-12,12,0,79.100,0,1.000,2
NIMES,2021-01,16,0,28.990,0,1.000,2
NIMES,2021-02,4,0,34.820,0,0.000,1
NIMES,2021-03,2,0,7.870,0,0.000,4
NIMES,2021-04,2,0,66.110,0,0.000,5
NIMES,2021-05,0,0,68.710,1,0.000,1
NIMES,2021-06,0,4,30.530,0,0.000,0
NIMES,2021-07,0,17,38.660,0,0.000,0
NIMES,2021-08,0,13,26.240,0,0.000,1
NIMES,2021-09,0,0,83.280,0,0.000,0
NIMES,2021-10,0,0,103.350,3,0.000,4
NIMES,2021-11,2,0,58.550,0,0.000,2
NIMES,2021-12,8,0,52.240,0,1.000,1
NIMES,2022-01,21,0,14.470,0,0.000,6
NIMES,2022-02,2,0,17.340,0,0.000,4
NIMES,2022-03,3,0,32.880,0,0.000,3
NIMES,2022-04,3,0,31.770,0,0.000,3
NIMES,2022-05,0,2,8.460,0,0.000,5
NIMES,2022-06,0,17,30.290,0,0.000,2
NIMES,2022-07,0,29,17.310,0,0.000,2
NIMES,2022-08,0,25,44.340,1,0.000,0
NIMES,2022-09,0,1,93.700,1,0.000,1
NIMES,2022-10,0,0,26.200,0,0.000,0
NIMES,2022-11,0,0,101.730,2,0.000,0
NIMES,2022-12,8,0,91.860,1,1.000,0
NIMES,2023-01,13,0,12.680,0,0.000,4
NIMES,2023-02,7,0,15.310,0,0.000,4
NIMES,2023-03,4,0,20.200,0,0.000,0
NIMES,2023-04,0,0,14.380,0,0.000,3
NIMES,2023-05,0,0,58.240,0,0.000,3
NIMES,2023-06,0,7,63.560,0,0.000,0
NIMES,2023-07,0,26,11.760,0,0.000,0
NIMES,2023-08,0,19,14.980,0,0.000,1
NIMES,2023-09,0,8,39.830,0,0.000,0
NIMES,2023-10,0,0,82.080,1,0.000,4
NIMES,2023-11,2,0,39.680,0,0.000,3
NIMES,2023-12,4,0,33.120,0,0.000,1
NIMES,2024-01,11,0,26.650,0,0.000,4
NIMES,2024-02,0,0,62.850,1,0.000,2
NIMES,2024-03,1,0,158.620,4,1.000,7
NIMES,2024-04,0,0,34.310,0,0.000,7
NIMES,2024-05,0,0,83.180,1,0.000,0
NIMES,2024-06,0,2,36.560,0,0.000,0
NIMES,2024-07,0,22,25.230,0,0.000,0
NIMES,2024-08,0,23,18.360,0,0.000,1
NIMES,2024-09,0,2,108.290,2,0.000,6
NIMES,2024-10,0,0,86.350,1,0.000,1
NIMES,2024-11,2,0,30.840,0,0.000,1
NIMES,2024-12,2,0,17.020,0,0.000,1
NIMES,2025-01,9,0,32.650,0,0.000,2
NIMES,2025-02,3,0,28.530,0,0.000,1
NIMES,2025-03,2,0,37.490,0,0.000,6
NIMES,2025-04,0,0,22.080,0,0.000,2
NIMES,2025-05,0,3,17.460,0,0.000,1
NIMES,2025-06,0,20,8.870,0,0.000,0
NIMES,2025-07,0,19,12.390,0,0.000,2
NIMES,2025-08,0,18,14.620,0,0.000,0
NIMES,2025-09,0,2,21.600,0,0.000,0
NIMES,2025-10,0,0,20.520,0,0.000,2
NIMES,2025-11,6,0,28.130,0,0.000,4
NIMES,2025-12,2,0,55.910,0,0.000,1
NIMES,2026-01,12,0,44.670,0,0.000,2
NIMES,2026-02,0,0,34.540,0,0.000,3
NIMES,2026-03,0,0,31.600,0,0.000,7
NIMES,2026-04,0,0,7.940,0,0.000,5
NIMES,2026-05,0,10,29.500,0,0.000,0
NIMES,2026-06,0,22,6.840,0,0.000,0
NIMES,2026-07,0,31,1.480,0,0.000,3
NIMES,2026-08,0,28,15.370,0,0.000,0
NIMES,2026-09,0,12,119.080,1,,0
PARIS EST,2017-12,10,0,98.080,0,3.000,10
PARIS EST,2018-01,0,0,117.930,0,0.000,11
PARIS EST,2018-02,22,0,47.490,0,5.000,1
PARIS EST,2018-03,9,0,84.180,0,2.000,3
PARIS EST,2018-04,0,0,61.920,1,0.000,1
PARIS EST,2018-05,0,0,68.270,0,0.000,0
PARIS EST,2018-06,0,0,78.500,1,0.000,0
PARIS EST,2018-07,0,2,28.780,0,0.000,0
PARIS EST,2018-08,0,2,45.530,0,0.000,0
PARIS EST,2018-09,0,0,20.610,0,0.000,1
PARIS EST,2018-10,0,0,41.080,0,1.000,1
PARIS EST,2018-11,5,0,73.320,0,0.000,2
PARIS EST,2018-12,9,0,88.160,0,1.000,5
PARIS EST,2019-01,18,0,47.610,0,4.000,2
PARIS EST,2019-02,12,0,39.010,0,0.000,3
PARIS EST,2019-03,0,0,59.430,0,0.000,12
PARIS EST,2019-04,5,0,28.770,0,0.000,1
PARIS EST,2019-05,0,0,68.360,0,0.000,0
PARIS EST,2019-06,0,1,65.850,1,0.000,2
PARIS EST,2019-07,0,3,24.340,0,0.000,0
PARIS EST,2019-08,0,0,49.150,0,0.000,1
PARIS EST,2019-09,0,0,31.290,0,0.000,1
PARIS EST,2019-10,0,0,92.410,0,0.000,3
PARIS EST,2019-11,2,0,95.890,0,1.000,3
PARIS EST,2019-12,12,0,99.830,0,0.000,9
PARIS EST,2020-01,9,0,40.120,0,0.000,4
PARIS EST,2020-02,4,0,111.890,0,1.000,20
PARIS EST,2020-03,7,0,55.530,0,0.000,4
PARIS EST,2020-04,2,0,25.370,0,0.000,1
PARIS EST,2020-05,0,0,40.520,0,0.000,2
PARIS EST,2020-06,0,0,43.940,0,0.000,1
PARIS EST,2020-07,0,1,12.870,0,0.000,0
PARIS EST,2020-08,0,7,36.610,0,0.000,1
PARIS EST,2020-09,0,2,43.780,0,0.000,3
PARIS EST,2020-10,0,0,102.580,0,0.000,8
PARIS EST,2020-11,2,0,21.580,0,0.000,3
PARIS EST,2020-12,7,0,100.460,0,0.000,5
PARIS EST,2021-01,18,0,94.070,0,2.000,4
PARIS EST,2021-02,8,0,43.990,0,0.000,1
PARIS EST,2021-03,8,0,31.160,0,0.000,4
PARIS EST,2021-04,8,0,29.750,0,0.000,0
PARIS EST,2021-05,0,0,80.070,0,0.000,3
PARIS EST,2021-06,0,0,121.680,1,0.000,1
PARIS EST,2021-07,0,0,90.750,1,0.000,1
PARIS EST,2021-08,0,0,28.630,0,0.000,0
PARIS EST,2021-09,0,0,64.100,0,0.000,0
PARIS EST,2021-10,0,0,70.010,0,0.000,6
PARIS EST,2021-11,6,0,35.340,0,0.000,1
PARIS EST,2021-12,6,0,77.320,0,1.000,4
PARIS EST,2022-01,18,0,56.990,0,1.000,2
PARIS EST,2022-02,7,0,35.030,0,0.000,10
PARIS EST,2022-03,5,0,30.730,0,0.000,1
PARIS EST,2022-04,5,0,45.870,1,0.000,2
PARIS EST,2022-05,0,0,24.290,0,0.000,0
PARIS EST,2022-06,0,1,85.390,0,0.000,0
PARIS EST,2022-07,0,3,13.530,0,0.000,0
PARIS EST,2022-08,0,7,25.160,0,0.000,0
PARIS EST,2022-09,0,0,60.900,0,0.000,1
PARIS EST,2022-10,0,0,60.200,0,0.000,2
PARIS EST,2022-11,0,0,61.700,0,0.000,3
PARIS EST,2022-12,15,0,60.240,0,2.000,6
PARIS EST,2023-01,14,0,60.580,0,0.000,7
PARIS EST,2023-02,10,0,3.920,0,0.000,1
PARIS EST,2023-03,6,0,65.800,0,0.000,11
PARIS EST,2023-04,2,0,67.020,0,0.000,3
PARIS EST,2023-05,0,0,55.700,0,0.000,0
PARIS EST,2023-06,0,0,43.900,0,0.000,0
PARIS EST,2023-07,0,0,85.540,0,0.000,1
PARIS EST,2023-08,0,0,67.360,0,0.000,3
PARIS EST,2023-09,0,6,54.060,1,0.000,0
PARIS EST,2023-10,0,0,92.760,0,0.000,4
PARIS EST,2023-11,3,0,105.830,0,0.000,7
PARIS EST,2023-12,6,0,65.000,0,1.000,6
PARIS EST,2024-01,17,0,61.280,1,2.000,8
PARIS EST,2024-02,0,0,88.000,0,0.000,7
PARIS EST,2024-03,1,0,89.630,0,0.000,2
PARIS EST,2024-04,0,0,64.350,0,0.000,5
PARIS EST,2024-05,0,0,101.760,1,0.000,0
PARIS EST,2024-06,0,0,95.280,1,0.000,0
PARIS EST,2024-07,0,0,98.930,1,0.000,0
PARIS EST,2024-08,0,1,47.770,0,0.000,1
PARIS EST,2024-09,0,0,110.230,2,0.000,2
PARIS EST,2024-10,0,0,111.270,1,0.000,1
PARIS EST,2024-11,4,0,49.970,0,1.000,4
PARIS EST,2024-12,9,0,52.180,0,0.000,9
PARIS EST,2025-01,19,0,99.650,1,2.000,11
PARIS EST,2025-02,14,0,21.460,0,0.000,0
PARIS EST,2025-03,7,0,14.280,0,0.000,0
PARIS EST,2025-04,0,0,20.330,0,0.000,0
PARIS EST,2025-05,0,0,23.970,0,0.000,0
PARIS EST,2025-06,0,2,26.710,0,0.000,0
PARIS EST,2025-07,0,1,46.840,0,0.000,0
PARIS EST,2025-08,0,2,21.900,0,0.000,0
PARIS EST,2025-09,0,0,27.270,0,0.000,2
PARIS EST,2025-10,0,0,34.210,0,0.000,5
PARIS EST,2025-11,7,0,42.730,0,2.000,0
PARIS EST,2025-12,9,0,24.960,0,0.000,3
PARIS EST,2026-01,9,0,35.360,0,2.000,3
PARIS EST,2026-02,2,0,59.100,0,2.000,5
PARIS EST,2026-03,1,0,23.840,0,0.000,3
PARIS EST,2026-04,0,0,3.320,0,0.000,0
PARIS EST,2026-05,0,5,39.590,0,0.000,0
PARIS EST,2026-06,0,12,18.660,0,0.000,0
PARIS EST,2026-07,0,13,4.090,0,0.000,0
PARIS EST,2026-08,0,11,23.700,0,0.000,2
PARIS EST,2026-09,0,0,28.370,0,,1
PARIS LYON,2017-12,10,0,98.080,0,3.000,10
PARIS LYON,2018-01,0,0,117.930,0,0.000,11
PARIS LYON,2018-02,22,0,47.490,0,5.000,1
PARIS LYON,2018-03,9,0,84.180,0,2.000,3
PARIS LYON,2018-04,0,0,61.920,1,0.000,1
PARIS LYON,2018-05,0,0,68.270,0,0.000,0
PARIS LYON,2018-06,0,0,78.500,1,0.000,0
PARIS LYON,2018-07,0,2,28.780,0,0.000,0
PARIS LYON,2018-08,0,2,45.530,0,0.000,0
PARIS LYON,2018-09,0,0,20.610,0,0.000,1
PARIS LYON,2018-10,0,0,41.080,0,1.000,1
PARIS LYON,2018-11,5,0,73.320,0,0.000,2
PARIS LYON,2018-12,9,0,88.160,0,1.000,5
PARIS LYON,2019-01,18,0,47.610,0,4.000,2
PARIS LYON,2019-02,12,0,39.010,0,0.000,3
PARIS LYON,2019-03,0,0,59.430,0,0.000,12
PARIS LYON,2019-04,5,0,28.770,0,0.000,1
PARIS LYON,2019-05,0,0,68.360,0,0.000,0
PARIS LYON,2019-06,0,1,65.850,1,0.000,2
PARIS LYON,2019-07,0,3,24.340,0,0.000,0
PARIS LYON,2019-08,0,0,49.150,0,0.000,1
PARIS LYON,2019-09,0,0,31.290,0,0.000,1
PARIS LYON,2019-10,0,0,92.410,0,0.000,3
PARIS LYON,2019-11,2,0,95.890,0,1.000,3
PARIS LYON,2019-12,12,0,99.830,0,0.000,9
PARIS LYON,2020-01,9,0,40.120,0,0.000,4
PARIS LYON,2020-02,4,0,111.890,0,1.000,20
PARIS LYON,2020-03,7,0,55.530,0,0.000,4
PARIS LYON,2020-04,2,0,25.370,0,0.000,1
PARIS LYON,2020-05,0,0,40.520,0,0.000,2
PARIS LYON,2020-06,0,0,43.940,0,0.000,1
PARIS LYON,2020-07,0,1,12.870,0,0.000,0
PARIS LYON,2020-08,0,7,36.610,0,0.000,1
PARIS LYON,2020-09,0,2,43.780,0,0.000,3
PARIS LYON,2020-10,0,0,102.580,0,0.000,8
PARIS LYON,2020-11,2,0,21.580,0,0.000,3
PARIS LYON,2020-12,7,0,100.460,0,0.000,5
PARIS LYON,2021-01,18,0,94.070,0,2.000,4
PARIS LYON,2021-02,8,0,43.990,0,0.000,1
PARIS LYON,2021-03,8,0,31.160,0,0.000,4
PARIS LYON,2021-04,8,0,29.750,0,0.000,0
PARIS LYON,2021-05,0,0,80.070,0,0.000,3
PARIS LYON,2021-06,0,0,121.680,1,0.000,1
PARIS LYON,2021-07,0,0,90.750,1,0.000,1
PARIS LYON,2021-08,0,0,28.630,0,0.000,0
PARIS LYON,2021-09,0,0,64.100,0,0.000,0
PARIS LYON,2021-10,0,0,70.010,0,0.000,6
PARIS LYON,2021-11,6,0,35.340,0,0.000,1
PARIS LYON,2021-12,6,0,77.320,0,1.000,4
PARIS LYON,2022-01,18,0,56.990,0,1.000,2
PARIS LYON,2022-02,7,0,35.030,0,0.000,10
PARIS LYON,2022-03,5,0,30.730,0,0.000,1
PARIS LYON,2022-04,5,0,45.870,1,0.000,2
PARIS LYON,2022-05,0,0,24.290,0,0.000,0
PARIS LYON,2022-06,0,1,85.390,0,0.000,0
PARIS LYON,2022-07,0,3,13.530,0,0.000,0
PARIS LYON,2022-08,0,7,25.160,0,0.000,0
PARIS LYON,2022-09,0,0,60.900,0,0.000,1
PARIS LYON,2022-10,0,0,60.200,0,0.000,2
PARIS LYON,2022-11,0,0,61.700,0,0.000,3
PARIS LYON,2022-12,15,0,60.240,0,2.000,6
PARIS LYON,2023-01,14,0,60.580,0,0.000,7
PARIS LYON,2023-02,10,0,3.920,0,0.000,1
PARIS LYON,2023-03,6,0,65.800,0,0.000,11
PARIS LYON,2023-04,2,0,67.020,0,0.000,3
PARIS LYON,2023-05,0,0,55.700,0,0.000,0
PARIS LYON,2023-06,0,0,43.900,0,0.000,0
PARIS LYON,2023-07,0,0,85.540,0,0.000,1
PARIS LYON,2023-08,0,0,67.360,0,0.000,3
PARIS LYON,2023-09,0,6,54.060,1,0.000,0
PARIS LYON,2023-10,0,0,92.760,0,0.000,4
PARIS LYON,2023-11,3,0,105.830,0,0.000,7
PARIS LYON,2023-12,6,0,65.000,0,1.000,6
PARIS LYON,2024-01,17,0,61.280,1,2.000,8
PARIS LYON,2024-02,0,0,88.000,0,0.000,7
PARIS LYON,2024-03,1,0,89.630,0,0.000,2
PARIS LYON,2024-04,0,0,64.350,0,0.000,5
PARIS LYON,2024-05,0,0,101.760,1,0.000,0
PARIS LYON,2024-06,0,0,95.280,1,0.000,0
PARIS LYON,2024-07,0,0,98.930,1,0.000,0
PARIS LYON,2024-08,0,1,47.770,0,0.000,1
PARIS LYON,2024-09,0,0,110.230,2,0.000,2
PARIS LYON,2024-10,0,0,111.270,1,0.000,1
PARIS LYON,2024-11,4,0,49.970,0,1.000,4
PARIS LYON,2024-12,9,0,52.180,0,0.000,9
PARIS LYON,2025-01,19,0,99.650,1,2.000,11
PARIS LYON,2025-02,14,0,21.460,0,0.000,0
PARIS LYON,2025-03,7,0,14.280,0,0.000,0
PARIS LYON,2025-04,0,0,20.330,0,0.000,0
PARIS LYON,2025-05,0,0,23.970,0,0.000,0
PARIS LYON,2025-06,0,2,26.710,0,0.000,0
PARIS LYON,2025-07,0,1,46.840,0,0.000,0
PARIS LYON,2025-08,0,2,21.900,0,0.000,0
PARIS LYON,2025-09,0,0,27.270,0,0.000,2
PARIS LYON,2025-10,0,0,34.210,0,0.000,5
PARIS LYON,2025-11,7,0,42.730,0,2.000,0
PARIS LYON,2025-12,9,0,24.960,0,0.000,3
PARIS LYON,2026-01,9,0,35.360,0,2.000,3
PARIS LYON,2026-02,2,0,59.100,0,2.000,5
PARIS LYON,2026-03,1,0,23.840,0,0.000,3
PARIS LYON,2026-04,0,0,3.320,0,0.000,0
PARIS LYON,2026-05,0,5,39.590,0,0.000,0
PARIS LYON,2026-06,0,12,18.660,0,0.000,0
PARIS LYON,2026-07,0,13,4.090,0,0.000,0
PARIS LYON,2026-08,0,11,23.700,0,0.000,2
PARIS LYON,2026-09,0,0,28.370,0,,1
PARIS MONTPARNASSE,2017-12,10,0,98.080,0,3.000,10
PARIS MONTPARNASSE,2018-01,0,0,117.930,0,0.000,11
PARIS MONTPARNASSE,2018-02,22,0,47.490,0,5.000,1
PARIS MONTPARNASSE,2018-03,9,0,84.180,0,2.000,3
PARIS MONTPARNASSE,2018-04,0,0,61.920,1,0.000,1
PARIS MONTPARNASSE,2018-05,0,0,68.270,0,0.000,0
PARIS MONTPARNASSE,2018-06,0,0,78.500,1,0.000,0
PARIS MONTPARNASSE,2018-07,0,2,28.780,0,0.000,0
PARIS MONTPARNASSE,2018-08,0,2,45.530,0,0.000,0
PARIS MONTPARNASSE,2018-09,0,0,20.610,0,0.000,1
PARIS MONTPARNASSE,2018-10,0,0,41.080,0,1.000,1
PARIS MONTPARNASSE,2018-11,5,0,73.320,0,0.000,2
PARIS MONTPARNASSE,2018-12,9,0,88.160,0,1.000,5
PARIS MONTPARNASSE,2019-01,18,0,47.610,0,4.000,2
PARIS MONTPARNASSE,2019-02,12,0,39.010,0,0.000,3
PARIS MONTPARNASSE,2019-03,0,0,59.430,0,0.000,12
PARIS MONTPARNASSE,2019-04,5,0,28.770,0,0.000,1
PARIS MONTPARNASSE,2019-05,0,0,68.360,0,0.000,0
PARIS MONTPARNASSE,2019-06,0,1,65.850,1,0.000,2
PARIS MONTPARNASSE,2019-07,0,3,24.340,0,0.000,0
PARIS MONTPARNASSE,2019-08,0,0,49.150,0,0.000,1
PARIS MONTPARNASSE,2019-09,0,0,31.290,0,0.000,1
PARIS MONTPARNASSE,2019-10,0,0,92.410,0,0.000,3
PARIS MONTPARNASSE,2019-11,2,0,95.890,0,1.000,3
PARIS MONTPARNASSE,2019-12,12,0,99.830,0,0.000,9
PARIS MONTPARNASSE,2020-01,9,0,40.120,0,0.000,4
PARIS MONTPARNASSE,2020-02,4,0,111.890,0,1.000,20
PARIS MONTPARNASSE,2020-03,7,0,55.530,0,0.000,4
PARIS MONTPARNASSE,2020-04,2,0,25.370,0,0.000,1
PARIS MONTPARNASSE,2020-05,0,0,40.520,0,0.000,2
PARIS MONTPARNASSE,2020-06,0,0,43.940,0,0.000,1
PARIS MONTPARNASSE,2020-07,0,1,12.870,0,0.000,0
PARIS MONTPARNASSE,2020-08,0,7,36.610,0,0.000,1
PARIS MONTPARNASSE,2020-09,0,2,43.780,0,0.000,3
PARIS MONTPARNASSE,2020-10,0,0,102.580,0,0.000,8
PARIS MONTPARNASSE,2020-11,2,0,21.580,0,0.000,3
PARIS MONTPARNASSE,2020-12,7,0,100.460,0,0.000,5
PARIS MONTPARNASSE,2021-01,18,0,94.070,0,2.000,4
PARIS MONTPARNASSE,2021-02,8,0,43.990,0,0.000,1
PARIS MONTPARNASSE,2021-03,8,0,31.160,0,0.000,4
PARIS MONTPARNASSE,2021-04,8,0,29.750,0,0.000,0
PARIS MONTPARNASSE,2021-05,0,0,80.070,0,0.000,3
PARIS MONTPARNASSE,2021-06,0,0,121.680,1,0.000,1
PARIS MONTPARNASSE,2021-07,0,0,90.750,1,0.000,1
PARIS MONTPARNASSE,2021-08,0,0,28.630,0,0.000,0
PARIS MONTPARNASSE,2021-09,0,0,64.100,0,0.000,0
PARIS MONTPARNASSE,2021-10,0,0,70.010,0,0.000,6
PARIS MONTPARNASSE,2021-11,6,0,35.340,0,0.000,1
PARIS MONTPARNASSE,2021-12,6,0,77.320,0,1.000,4
PARIS MONTPARNASSE,2022-01,18,0,56.990,0,1.000,2
PARIS MONTPARNASSE,2022-02,7,0,35.030,0,0.000,10
PARIS MONTPARNASSE,2022-03,5,0,30.730,0,0.000,1
PARIS MONTPARNASSE,2022-04,5,0,45.870,1,0.000,2
PARIS MONTPARNASSE,2022-05,0,0,24.290,0,0.000,0
PARIS MONTPARNASSE,2022-06,0,1,85.390,0,0.000,0
PARIS MONTPARNASSE,2022-07,0,3,13.530,0,0.000,0
PARIS MONTPARNASSE,2022-08,0,7,25.160,0,0.000,0
PARIS MONTPARNASSE,2022-09,0,0,60.900,0,0.000,1
PARIS MONTPARNASSE,2022-10,0,0,60.200,0,0.000,2
PARIS MONTPARNASSE,2022-11,0,0,61.700,0,0.000,3
PARIS MONTPARNASSE,2022-12,15,0,60.240,0,2.000,6
PARIS MONTPARNASSE,2023-01,14,0,60.580,0,0.000,7
PARIS MONTPARNASSE,2023-02,10,0,3.920,0,0.000,1
PARIS MONTPARNASSE,2023-03,6,0,65.800,0,0.000,11
PARIS MONTPARNASSE,2023-04,2,0,67.020,0,0.000,3
PARIS MONTPARNASSE,2023-05,0,0,55.700,0,0.000,0
PARIS MONTPARNASSE,2023-06,0,0,43.900,0,0.000,0
PARIS MONTPARNASSE,2023-07,0,0,85.540,0,0.000,1
PARIS MONTPARNASSE,2023-08,0,0,67.360,0,0.000,3
PARIS MONTPARNASSE,2023-09,0,6,54.060,1,0.000,0
PARIS MONTPARNASSE,2023-10,0,0,92.760,0,0.000,4
PARIS MONTPARNASSE,2023-11,3,0,105.830,0,0.000,7
PARIS MONTPARNASSE,2023-12,6,0,65.000,0,1.000,6
PARIS MONTPARNASSE,2024-01,17,0,61.280,1,2.000,8
PARIS MONTPARNASSE,2024-02,0,0,88.000,0,0.000,7
PARIS MONTPARNASSE,2024-03,1,0,89.630,0,0.000,2
PARIS MONTPARNASSE,2024-04,0,0,64.350,0,0.000,5
PARIS MONTPARNASSE,2024-05,0,0,101.760,1,0.000,0
PARIS MONTPARNASSE,2024-06,0,0,95.280,1,0.000,0
PARIS MONTPARNASSE,2024-07,0,0,98.930,1,0.000,0
PARIS MONTPARNASSE,2024-08,0,1,47.770,0,0.000,1
PARIS MONTPARNASSE,2024-09,0,0,110.230,2,0.000,2
PARIS MONTPARNASSE,2024-10,0,0,111.270,1,0.000,1
PARIS MONTPARNASSE,2024-11,4,0,49.970,0,1.000,4
PARIS MONTPARNASSE,2024-12,9,0,52.180,0,0.000,9
PARIS MONTPARNASSE,2025-01,19,0,99.650,1,2.000,11
PARIS MONTPARNASSE,2025-02,14,0,21.460,0,0.000,0
PARIS MONTPARNASSE,2025-03,7,0,14.280,0,0.000,0
PARIS MONTPARNASSE,2025-04,0,0,20.330,0,0.000,0
PARIS MONTPARNASSE,2025-05,0,0,23.970,0,0.000,0
PARIS MONTPARNASSE,2025-06,0,2,26.710,0,0.000,0
PARIS MONTPARNASSE,2025-07,0,1,46.840,0,0.000,0
PARIS MONTPARNASSE,2025-08,0,2,21.900,0,0.000,0
PARIS MONTPARNASSE,2025-09,0,0,27.270,0,0.000,2
PARIS MONTPARNASSE,2025-10,0,0,34.210,0,0.000,5
PARIS MONTPARNASSE,2025-11,7,0,42.730,0,2.000,0
PARIS MONTPARNASSE,2025-12,9,0,24.960,0,0.000,3
PARIS MONTPARNASSE,2026-01,9,0,35.360,0,2.000,3
PARIS MONTPARNASSE,2026-02,2,0,59.100,0,2.000,5
PARIS MONTPARNASSE,2026-03,1,0,23.840,0,0.000,3
PARIS MONTPARNASSE,2026-04,0,0,3.320,0,0.000,0
PARIS MONTPARNASSE,2026-05,0,5,39.590,0,0.000,0
PARIS MONTPARNASSE,2026-06,0,12,18.660,0,0.000,0
PARIS MONTPARNASSE,2026-07,0,13,4.090,0,0.000,0
PARIS MONTPARNASSE,2026-08,0,11,23.700,0,0.000,2
PARIS MONTPARNASSE,2026-09,0,0,28.370,0,,1
PARIS NORD,2017-12,10,0,98.080,0,3.000,10
PARIS NORD,2018-01,0,0,117.930,0,0.000,11
PARIS NORD,2018-02,22,0,47.490,0,5.000,1
PARIS NORD,2018-03,9,0,84.180,0,2.000,3
PARIS NORD,2018-04,0,0,61.920,1,0.000,1
PARIS NORD,2018-05,0,0,68.270,0,0.000,0
PARIS NORD,2018-06,0,0,78.500,1,0.000,0
PARIS NORD,2018-07,0,2,28.780,0,0.000,0
PARIS NORD,2018-08,0,2,45.530,0,0.000,0
PARIS NORD,2018-09,0,0,20.610,0,0.000,1
PARIS NORD,2018-10,0,0,41.080,0,1.000,1
PARIS NORD,2018-11,5,0,73.320,0,0.000,2
PARIS NORD,2018-12,9,0,88.160,0,1.000,5
PARIS NORD,2019-01,18,0,47.610,0,4.000,2
PARIS NORD,2019-02,12,0,39.010,0,0.000,3
PARIS NORD,2019-03,0,0,59.430,0,0.000,12
PARIS NORD,2019-04,5,0,28.770,0,0.000,1
PARIS NORD,2019-05,0,0,68.360,0,0.000,0
PARIS NORD,2019-06,0,1,65.850,1,0.000,2
PARIS NORD,2019-07,0,3,24.340,0,0.000,0
PARIS NORD,2019-08,0,0,49.150,0,0.000,1
PARIS NORD,2019-09,0,0,31.290,0,0.000,1
PARIS NORD,2019-10,0,0,92.410,0,0.000,3
PARIS NORD,2019-11,2,0,95.890,0,1.000,3
PARIS NORD,2019-12,12,0,99.830,0,0.000,9
PARIS NORD,2020-01,9,0,40.120,0,0.000,4
PARIS NORD,2020-02,4,0,111.890,0,1.000,20
PARIS NORD,2020-03,7,0,55.530,0,0.000,4
PARIS NORD,2020-04,2,0,25.370,0,0.000,1
PARIS NORD,2020-05,0,0,40.520,0,0.000,2
PARIS NORD,2020-06,0,0,43.940,0,0.000,1
PARIS NORD,2020-07,0,1,12.870,0,0.000,0
PARIS NORD,2020-08,0,7,36.610,0,0.000,1
PARIS NORD,2020-09,0,2,43.780,0,0.000,3
PARIS NORD,2020-10,0,0,102.580,0,0.000,8
PARIS NORD,2020-11,2,0,21.580,0,0.000,3
PARIS NORD,2020-12,7,0,100.460,0,0.000,5
PARIS NORD,2021-01,18,0,94.070,0,2.000,4
PARIS NORD,2021-02,8,0,43.990,0,0.000,1
PARIS NORD,2021-03,8,0,31.160,0,0.000,4
PARIS NORD,2021-04,8,0,29.750,0,0.000,0
PARIS NORD,2021-05,0,0,80.070,0,0.000,3
PARIS NORD,2021-06,0,0,121.680,1,0.000,1
PARIS NORD,2021-07,0,0,90.750,1,0.000,1
PARIS NORD,2021-08,0,0,28.630,0,0.000,0
PARIS NORD,2021-09,0,0,64.100,0,0.000,0
PARIS NORD,2021-10,0,0,70.010,0,0.000,6
PARIS NORD,2021-11,6,0,35.340,0,0.000,1
PARIS NORD,2021-12,6,0,77.320,0,1.000,4
PARIS NORD,2022-01,18,0,56.990,0,1.000,2
PARIS NORD,2022-02,7,0,35.030,0,0.000,10
PARIS NORD,2022-03,5,0,30.730,0,0.000,1
PARIS NORD,2022-04,5,0,45.870,1,0.000,2
PARIS NORD,2022-05,0,0,24.290,0,0.000,0
PARIS NORD,2022-06,0,1,85.390,0,0.000,0
PARIS NORD,2022-07,0,3,13.530,0,0.000,0
PARIS NORD,2022-08,0,7,25.160,0,0.000,0
PARIS NORD,2022-09,0,0,60.900,0,0.000,1
PARIS NORD,2022-10,0,0,60.200,0,0.000,2
PARIS NORD,2022-11,0,0,61.700,0,0.000,3
PARIS NORD,2022-12,15,0,60.240,0,2.000,6
PARIS NORD,2023-01,14,0,60.580,0,0.000,7
PARIS NORD,2023-02,10,0,3.920,0,0.000,1
PARIS NORD,2023-03,6,0,65.800,0,0.000,11
PARIS NORD,2023-04,2,0,67.020,0,0.000,3
PARIS NORD,2023-05,0,0,55.700,0,0.000,0
PARIS NORD,2023-06,0,0,43.900,0,0.000,0
PARIS NORD,2023-07,0,0,85.540,0,0.000,1
PARIS NORD,2023-08,0,0,67.360,0,0.000,3
PARIS NORD,2023-09,0,6,54.060,1,0.000,0
PARIS NORD,2023-10,0,0,92.760,0,0.000,4
PARIS NORD,2023-11,3,0,105.830,0,0.000,7
PARIS NORD,2023-12,6,0,65.000,0,1.000,6
PARIS NORD,2024-01,17,0,61.280,1,2.000,8
PARIS NORD,2024-02,0,0,88.000,0,0.000,7
PARIS NORD,2024-03,1,0,89.630,0,0.000,2
PARIS NORD,2024-04,0,0,64.350,0,0.000,5
PARIS NORD,2024-05,0,0,101.760,1,0.000,0
PARIS NORD,2024-06,0,0,95.280,1,0.000,0
PARIS NORD,2024-07,0,0,98.930,1,0.000,0
PARIS NORD,2024-08,0,1,47.770,0,0.000,1
PARIS NORD,2024-09,0,0,110.230,2,0.000,2
PARIS NORD,2024-10,0,0,111.270,1,0.000,1
PARIS NORD,2024-11,4,0,49.970,0,1.000,4
PARIS NORD,2024-12,9,0,52.180,0,0.000,9
PARIS NORD,2025-01,19,0,99.650,1,2.000,11
PARIS NORD,2025-02,14,0,21.460,0,0.000,0
PARIS NORD,2025-03,7,0,14.280,0,0.000,0
PARIS NORD,2025-04,0,0,20.330,0,0.000,0
PARIS NORD,2025-05,0,0,23.970,0,0.000,0
PARIS NORD,2025-06,0,2,26.710,0,0.000,0
PARIS NORD,2025-07,0,1,46.840,0,0.000,0
PARIS NORD,2025-08,0,2,21.900,0,0.000,0
PARIS NORD,2025-09,0,0,27.270,0,0.000,2
PARIS NORD,2025-10,0,0,34.210,0,0.000,5
PARIS NORD,2025-11,7,0,42.730,0,2.000,0
PARIS NORD,2025-12,9,0,24.960,0,0.000,3
PARIS NORD,2026-01,9,0,35.360,0,2.000,3
PARIS NORD,2026-02,2,0,59.100,0,2.000,5
PARIS NORD,2026-03,1,0,23.840,0,0.000,3
PARIS NORD,2026-04,0,0,3.320,0,0.000,0
PARIS NORD,2026-05,0,5,39.590,0,0.000,0
PARIS NORD,2026-06,0,12,18.660,0,0.000,0
PARIS NORD,2026-07,0,13,4.090,0,0.000,0
PARIS NORD,2026-08,0,11,23.700,0,0.000,2
PARIS NORD,2026-09,0,0,28.370,0,,1
PARIS VAUGIRARD,2017-12,10,0,98.080,0,3.000,10
PARIS VAUGIRARD,2018-01,0,0,117.930,0,0.000,11
PARIS VAUGIRARD,2018-02,22,0,47.490,0,5.000,1
PARIS VAUGIRARD,2018-03,9,0,84.180,0,2.000,3
PARIS VAUGIRARD,2018-04,0,0,61.920,1,0.000,1
PARIS VAUGIRARD,2018-05,0,0,68.270,0,0.000,0
PARIS VAUGIRARD,2018-06,0,0,78.500,1,0.000,0
PARIS VAUGIRARD,2018-07,0,2,28.780,0,0.000,0
PARIS VAUGIRARD,2018-08,0,2,45.530,0,0.000,0
PARIS VAUGIRARD,2018-09,0,0,20.610,0,0.000,1
PARIS VAUGIRARD,2018-10,0,0,41.080,0,1.000,1
PARIS VAUGIRARD,2018-11,5,0,73.320,0,0.000,2
PARIS VAUGIRARD,2018-12,9,0,88.160,0,1.000,5
PARIS VAUGIRARD,2019-01,18,0,47.610,0,4.000,2
PARIS VAUGIRARD,2019-02,12,0,39.010,0,0.000,3
PARIS VAUGIRARD,2019-03,0,0,59.430,0,0.000,12
PARIS VAUGIRARD,2019-04,5,0,28.770,0,0.000,1
PARIS VAUGIRARD,2019-05,0,0,68.360,0,0.000,0
PARIS VAUGIRARD,2019-06,0,1,65.850,1,0.000,2
PARIS VAUGIRARD,2019-07,0,3,24.340,0,0.000,0
PARIS VAUGIRARD,2019-08,0,0,49.150,0,0.000,1
PARIS VAUGIRARD,2019-09,0,0,31.290,0,0.000,1
PARIS VAUGIRARD,2019-10,0,0,92.410,0,0.000,3
PARIS VAUGIRARD,2019-11,2,0,95.890,0,1.000,3
PARIS VAUGIRARD,2019-12,12,0,99.830,0,0.000,9
PARIS VAUGIRARD,2020-01,9,0,40.120,0,0.000,4
PARIS VAUGIRARD,2020-02,4,0,111.890,0,1.000,20
PARIS VAUGIRARD,2020-03,7,0,55.530,0,0.000,4
PARIS VAUGIRARD,2020-04,2,0,25.370,0,0.000,1
PARIS VAUGIRARD,2020-05,0,0,40.520,0,0.000,2
PARIS VAUGIRARD,2020-06,0,0,43.940,0,0.000,1
PARIS VAUGIRARD,2020-07,0,1,12.870,0,0.000,0
PARIS VAUGIRARD,2020-08,0,7,36.610,0,0.000,1
PARIS VAUGIRARD,2020-09,0,2,43.780,0,0.000,3
PARIS VAUGIRARD,2020-10,0,0,102.580,0,0.000,8
PARIS VAUGIRARD,2020-11,2,0,21.580,0,0.000,3
PARIS VAUGIRARD,2020-12,7,0,100.460,0,0.000,5
PARIS VAUGIRARD,2021-01,18,0,94.070,0,2.000,4
PARIS VAUGIRARD,2021-02,8,0,43.990,0,0.000,1
PARIS VAUGIRARD,2021-03,8,0,31.160,0,0.000,4
PARIS VAUGIRARD,2021-04,8,0,29.750,0,0.000,0
PARIS VAUGIRARD,2021-05,0,0,80.070,0,0.000,3
PARIS VAUGIRARD,2021-06,0,0,121.680,1,0.000,1
PARIS VAUGIRARD,2021-07,0,0,90.750,1,0.000,1
PARIS VAUGIRARD,2021-08,0,0,28.630,0,0.000,0
PARIS VAUGIRARD,2021-09,0,0,64.100,0,0.000,0
PARIS VAUGIRARD,2021-10,0,0,70.010,0,0.000,6
PARIS VAUGIRARD,2021-11,6,0,35.340,0,0.000,1
PARIS VAUGIRARD,2021-12,6,0,77.320,0,1.000,4
PARIS VAUGIRARD,2022-01,18,0,56.990,0,1.000,2
PARIS VAUGIRARD,2022-02,7,0,35.030,0,0.000,10
PARIS VAUGIRARD,2022-03,5,0,30.730,0,0.000,1
PARIS VAUGIRARD,2022-04,5,0,45.870,1,0.000,2
PARIS VAUGIRARD,2022-05,0,0,24.290,0,0.000,0
PARIS VAUGIRARD,2022-06,0,1,85.390,0,0.000,0
PARIS VAUGIRARD,2022-07,0,3,13.530,0,0.000,0
PARIS VAUGIRARD,2022-08,0,7,25.160,0,0.000,0
PARIS VAUGIRARD,2022-09,0,0,60.900,0,0.000,1
PARIS VAUGIRARD,2022-10,0,0,60.200,0,0.000,2
PARIS VAUGIRARD,2022-11,0,0,61.700,0,0.000,3
PARIS VAUGIRARD,2022-12,15,0,60.240,0,2.000,6
PARIS VAUGIRARD,2023-01,14,0,60.580,0,0.000,7
PARIS VAUGIRARD,2023-02,10,0,3.920,0,0.000,1
PARIS VAUGIRARD,2023-03,6,0,65.800,0,0.000,11
PARIS VAUGIRARD,2023-04,2,0,67.020,0,0.000,3
PARIS VAUGIRARD,2023-05,0,0,55.700,0,0.000,0
PARIS VAUGIRARD,2023-06,0,0,43.900,0,0.000,0
PARIS VAUGIRARD,2023-07,0,0,85.540,0,0.000,1
PARIS VAUGIRARD,2023-08,0,0,67.360,0,0.000,3
PARIS VAUGIRARD,2023-09,0,6,54.060,1,0.000,0
PARIS VAUGIRARD,2023-10,0,0,92.760,0,0.000,4
PARIS VAUGIRARD,2023-11,3,0,105.830,0,0.000,7
PARIS VAUGIRARD,2023-12,6,0,65.000,0,1.000,6
PARIS VAUGIRARD,2024-01,17,0,61.280,1,2.000,8
PARIS VAUGIRARD,2024-02,0,0,88.000,0,0.000,7
PARIS VAUGIRARD,2024-03,1,0,89.630,0,0.000,2
PARIS VAUGIRARD,2024-04,0,0,64.350,0,0.000,5
PARIS VAUGIRARD,2024-05,0,0,101.760,1,0.000,0
PARIS VAUGIRARD,2024-06,0,0,95.280,1,0.000,0
PARIS VAUGIRARD,2024-07,0,0,98.930,1,0.000,0
PARIS VAUGIRARD,2024-08,0,1,47.770,0,0.000,1
PARIS VAUGIRARD,2024-09,0,0,110.230,2,0.000,2
PARIS VAUGIRARD,2024-10,0,0,111.270,1,0.000,1
PARIS VAUGIRARD,2024-11,4,0,49.970,0,1.000,4
PARIS VAUGIRARD,2024-12,9,0,52.180,0,0.000,9
PARIS VAUGIRARD,2025-01,19,0,99.650,1,2.000,11
PARIS VAUGIRARD,2025-02,14,0,21.460,0,0.000,0
PARIS VAUGIRARD,2025-03,7,0,14.280,0,0.000,0
PARIS VAUGIRARD,2025-04,0,0,20.330,0,0.000,0
PARIS VAUGIRARD,2025-05,0,0,23.970,0,0.000,0
PARIS VAUGIRARD,2025-06,0,2,26.710,0,0.000,0
PARIS VAUGIRARD,2025-07,0,1,46.840,0,0.000,0
PARIS VAUGIRARD,2025-08,0,2,21.900,0,0.000,0
PARIS VAUGIRARD,2025-09,0,0,27.270,0,0.000,2
PARIS VAUGIRARD,2025-10,0,0,34.210,0,0.000,5
PARIS VAUGIRARD,2025-11,7,0,42.730,0,2.000,0
PARIS VAUGIRARD,2025-12,9,0,24.960,0,0.000,3
PARIS VAUGIRARD,2026-01,9,0,35.360,0,2.000,3
PARIS VAUGIRARD,2026-02,2,0,59.100,0,2.000,5
PARIS VAUGIRARD,2026-03,1,0,23.840,0,0.000,3
PARIS VAUGIRARD,2026-04,0,0,3.320,0,0.000,0
PARIS VAUGIRARD,2026-05,0,5,39.590,0,0.000,0
PARIS VAUGIRARD,2026-06,0,12,18.660,0,0.000,0
PARIS VAUGIRARD,2026-07,0,13,4.090,0,0.000,0
PARIS VAUGIRARD,2026-08,0,11,23.700,0,0.000,2
PARIS VAUGIRARD,2026-09,0,0,28.370,0,,1
PERPIGNAN,2017-12,0,0,23.910,0,0.000,14
PERPIGNAN,2018-01,0,0,55.700,0,1.000,9
PERPIGNAN,2018-02,1,0,65.660,0,4.000,10
PERPIGNAN,2018-03,0,0,76.010,1,3.000,7
PERPIGNAN,2018-04,0,0,103.430,1,1.000,5
PERPIGNAN,2018-05,0,0,72.400,0,2.000,10
PERPIGNAN,2018-06,0,0,30.890,0,0.000,5
PERPIGNAN,2018-07,0,0,34.360,0,0.000,3
PERPIGNAN,2018-08,0,4,44.220,0,0.000,4
PERPIGNAN,2018-09,0,0,25.420,0,0.000,1
PERPIGNAN,2018-10,0,0,227.780,3,0.000,10
PERPIGNAN,2018-11,0,0,77.470,0,0.000,6
PERPIGNAN,2018-12,0,0,25.030,0,0.000,5
PERPIGNAN,2019-01,0,0,21.890,0,1.000,21
PERPIGNAN,2019-02,0,0,5.680,0,0.000,5
PERPIGNAN,2019-03,0,0,3.850,0,0.000,10
PERPIGNAN,2019-04,0,0,59.660,0,0.000,5
PERPIGNAN,2019-05,0,0,51.730,0,0.000,12
PERPIGNAN,2019-06,0,1,26.680,0,0.000,2
PERPIGNAN,2019-07,0,0,52.370,1,0.000,6
PERPIGNAN,2019-08,0,1,10.740,0,0.000,2
PERPIGNAN,2019-09,0,0,68.100,1,0.000,6
PERPIGNAN,2019-10,0,0,138.270,2,0.000,5
PERPIGNAN,2019-11,0,0,56.810,0,1.000,12
PERPIGNAN,2019-12,0,0,84.010,1,0.000,7
PERPIGNAN,2020-01,0,0,106.280,2,2.000,8
PERPIGNAN,2020-02,0,0,5.150,0,0.000,3
PERPIGNAN,2020-03,0,0,60.720,0,1.000,9
PERPIGNAN,2020-04,0,0,179.650,3,0.000,0
PERPIGNAN,2020-05,0,0,66.440,0,0.000,4
PERPIGNAN,2020-06,0,0,79.490,1,0.000,3
PERPIGNAN,2020-07,0,0,50.890,0,0.000,4
PERPIGNAN,2020-08,0,1,41.710,0,0.000,3
PERPIGNAN,2020-09,0,0,75.860,0,0.000,5
PERPIGNAN,2020-10,0,0,59.620,0,0.000,4
PERPIGNAN,2020-11,0,0,89.970,2,0.000,5
PERPIGNAN,2020-12,0,0,38.730,0,0.000,8
PERPIGNAN,2021-01,1,0,28.460,0,2.000,13
PERPIGNAN,2021-02,0,0,40.560,1,0.000,4
PERPIGNAN,2021-03,0,0,16.280,0,0.000,8
PERPIGNAN,2021-04,0,0,44.980,0,0.000,6
PERPIGNAN,2021-05,0,0,45.180,0,0.000,3
PERPIGNAN,2021-06,0,0,22.620,0,0.000,0
PERPIGNAN,2021-07,0,1,14.940,0,0.000,5
PERPIGNAN,2021-08,0,0,18.380,0,0.000,3
PERPIGNAN,2021-09,0,0,72.330,0,0.000,0
PERPIGNAN,2021-10,0,0,18.590,0,0.000,6
PERPIGNAN,2021-11,0,0,115.600,2,2.000,14
PERPIGNAN,2021-12,0,0,26.690,0,0.000,8
PERPIGNAN,2022-01,0,0,21.860,0,0.000,8
PERPIGNAN,2022-02,0,0,5.370,0,0.000,8
PERPIGNAN,2022-03,0,0,115.040,1,0.000,2
PERPIGNAN,2022-04,0,0,53.000,1,0.000,8
PERPIGNAN,2022-05,0,0,17.380,0,0.000,6
PERPIGNAN,2022-06,0,1,12.030,0,0.000,4
PERPIGNAN,2022-07,0,6,30.020,1,0.000,2
PERPIGNAN,2022-08,0,4,26.710,0,0.000,3
PERPIGNAN,2022-09,0,0,64.870,1,0.000,3
PERPIGNAN,2022-10,0,0,23.250,0,0.000,0
PERPIGNAN,2022-11,0,0,27.450,0,0.000,11
PERPIGNAN,2022-12,0,0,30.470,0,0.000,2
PERPIGNAN,2023-01,0,0,20.790,0,1.000,16
PERPIGNAN,2023-02,0,0,25.360,0,1.000,9
PERPIGNAN,2023-03,0,0,19.890,0,0.000,8
PERPIGNAN,2023-04,0,0,17.140,0,0.000,8
PERPIGNAN,2023-05,0,0,54.250,0,0.000,6
PERPIGNAN,2023-06,0,0,46.300,0,0.000,2
PERPIGNAN,2023-07,0,3,35.230,0,0.000,0
PERPIGNAN,2023-08,0,7,32.520,0,0.000,8
PERPIGNAN,2023-09,0,0,36.730,0,0.000,0
PERPIGNAN,2023-10,0,0,25.720,0,0.000,2
PERPIGNAN,2023-11,0,0,16.040,0,0.000,5
PERPIGNAN,2023-12,0,0,11.830,0,0.000,9
PERPIGNAN,2024-01,0,0,21.740,0,1.000,7
PERPIGNAN,2024-02,0,0,29.630,0,0.000,12
PERPIGNAN,2024-03,0,0,91.750,1,1.000,11
PERPIGNAN,2024-04,0,0,72.290,1,0.000,11
PERPIGNAN,2024-05,0,0,71.800,1,0.000,4
PERPIGNAN,2024-06,0,0,63.120,0,0.000,2
PERPIGNAN,2024-07,0,4,25.790,0,0.000,5
PERPIGNAN,2024-08,0,5,17.820,0,0.000,7
PERPIGNAN,2024-09,0,0,47.750,0,0.000,11
PERPIGNAN,2024-10,0,0,87.830,1,0.000,5
PERPIGNAN,2024-11,0,0,28.840,0,0.000,5
PERPIGNAN,2024-12,0,0,31.280,0,0.000,12
PERPIGNAN,2025-01,0,0,17.350,0,0.000,5
PERPIGNAN,2025-02,0,0,30.010,0,0.000,3
PERPIGNAN,2025-03,0,0,130.660,1,3.000,7
PERPIGNAN,2025-04,0,0,21.530,0,0.000,4
PERPIGNAN,2025-05,0,0,53.680,0,0.000,5
PERPIGNAN,2025-06,0,4,7.620,0,0.000,0
PERPIGNAN,2025-07,0,4,80.470,0,0.000,7
PERPIGNAN,2025-08,0,8,29.170,0,0.000,2
PERPIGNAN,2025-09,0,0,61.700,0,0.000,0
PERPIGNAN,2025-10,0,0,8.400,0,0.000,4
PERPIGNAN,2025-11,0,0,17.850,0,0.000,10
PERPIGNAN,2025-12,0,0,124.520,2,4.000,7
PERPIGNAN,2026-01,0,0,97.410,2,3.000,8
PERPIGNAN,2026-02,0,0,19.840,0,0.000,6
PERPIGNAN,2026-03,0,0,51.030,0,0.000,11
PERPIGNAN,2026-04,0,0,18.590,0,0.000,7
PERPIGNAN,2026-05,0,0,374.200,4,0.000,2
PERPIGNAN,2026-06,0,0,12.260,0,0.000,4
PERPIGNAN,2026-07,0,8,14.420,0,0.000,4
PERPIGNAN,2026-08,0,12,33.220,0,0.000,1
PERPIGNAN,2026-09,0,1,32.600,0,,1
POITIERS,2017-12,12,0,89.570,0,1.000,10
POITIERS,2018-01,2,0,140.650,0,0.000,10
POITIERS,2018-02,21,0,58.790,0,4.000,1
POITIERS,2018-03,5,0,102.880,0,1.000,4
POITIERS,2018-04,0,0,77.190,0,0.000,3
POITIERS,2018-05,0,0,71.910,0,0.000,0
POITIERS,2018-06,0,0,82.960,0,0.000,0
POITIERS,2018-07,0,4,48.290,0,0.000,0
POITIERS,2018-08,0,10,30.890,0,0.000,0
POITIERS,2018-09,0,2,14.020,0,0.000,1
POITIERS,2018-10,0,0,49.140,0,0.000,2
POITIERS,2018-11,3,0,69.260,0,0.000,3
POITIERS,2018-12,7,0,89.840,0,0.000,6
POITIERS,2019-01,16,0,52.950,0,1.000,4
POITIERS,2019-02,7,0,25.150,0,1.000,2
POITIERS,2019-03,1,0,46.720,0,0.000,6
POITIERS,2019-04,2,0,48.790,0,0.000,0
POITIERS,2019-05,0,0,59.890,0,0.000,2
POITIERS,2019-06,0,4,83.690,1,0.000,2
POITIERS,2019-07,0,9,23.950,0,0.000,0
POITIERS,2019-08,0,8,25.000,0,0.000,1
POITIERS,2019-09,0,2,46.820,0,0.000,2
POITIERS,2019-10,0,0,137.940,2,0.000,4
POITIERS,2019-11,1,0,156.540,0,0.000,5
POITIERS,2019-12,6,0,111.360,0,0.000,10
POITIERS,2020-01,8,0,55.920,0,0.000,4
POITIERS,2020-02,2,0,59.200,0,0.000,7
POITIERS,2020-03,5,0,87.310,1,0.000,6
POITIERS,2020-04,2,0,55.830,0,0.000,1
POITIERS,2020-05,0,0,80.380,0,0.000,1
POITIERS,2020-06,0,0,71.850,0,0.000,0
POITIERS,2020-07,0,6,4.170,0,0.000,0
POITIERS,2020-08,0,10,37.090,0,0.000,0
POITIERS,2020-09,0,7,47.770,0,0.000,1
POITIERS,2020-10,0,0,115.150,0,0.000,7
POITIERS,2020-11,2,0,23.320,0,0.000,1
POITIERS,2020-12,3,0,119.460,0,0.000,5
POITIERS,2021-01,17,0,69.610,0,0.000,6
POITIERS,2021-02,8,0,63.820,0,1.000,5
POITIERS,2021-03,7,0,22.020,0,0.000,2
POITIERS,2021-04,6,0,18.730,0,0.000,0
POITIERS,2021-05,0,0,78.760,0,0.000,4
POITIERS,2021-06,0,1,99.470,0,0.000,0
POITIERS,2021-07,0,1,57.530,0,0.000,0
POITIERS,2021-08,0,4,17.490,0,0.000,1
POITIERS,2021-09,0,2,40.090,0,0.000,0
POITIERS,2021-10,0,0,30.850,0,0.000,5
POITIERS,2021-11,6,0,34.190,0,0.000,1
POITIERS,2021-12,5,0,79.220,1,0.000,4
POITIERS,2022-01,18,0,25.550,0,0.000,1
POITIERS,2022-02,7,0,26.150,0,0.000,5
POITIERS,2022-03,2,0,25.260,0,0.000,2
POITIERS,2022-04,4,0,43.500,0,0.000,3
POITIERS,2022-05,0,0,16.820,0,0.000,0
POITIERS,2022-06,0,7,81.780,0,0.000,0
POITIERS,2022-07,0,12,21.280,0,0.000,0
POITIERS,2022-08,0,12,27.060,0,0.000,0
POITIERS,2022-09,0,3,49.290,0,0.000,1
POITIERS,2022-10,0,0,50.310,0,0.000,3
POITIERS,2022-11,0,0,63.110,0,0.000,5
POITIERS,2022-12,13,0,50.570,0,0.000,6
POITIERS,2023-01,11,0,66.520,0,0.000,5
POITIERS,2023-02,11,0,20.130,0,0.000,2
POITIERS,2023-03,6,0,70.590,0,0.000,9
POITIERS,2023-04,2,0,31.910,0,0.000,2
POITIERS,2023-05,0,0,46.080,0,0.000,0
POITIERS,2023-06,0,2,76.630,1,0.000,0
POITIERS,2023-07,0,5,33.530,0,0.000,0
POITIERS,2023-08,0,7,31.850,0,0.000,2
POITIERS,2023-09,0,9,53.060,0,0.000,0
POITIERS,2023-10,0,1,116.070,0,0.000,6
POITIERS,2023-11,2,0,108.200,0,0.000,10
POITIERS,2023-12,6,0,87.840,0,0.000,3
POITIERS,2024-01,14,0,40.920,0,1.000,3
POITIERS,2024-02,0,0,73.380,0,0.000,5
POITIERS,2024-03,1,0,104.870,0,0.000,3
POITIERS,2024-04,0,0,49.590,0,0.000,4
POITIERS,2024-05,0,0,120.580,0,0.000,0
POITIERS,2024-06,0,0,66.530,0,0.000,0
POITIERS,2024-07,0,3,25.800,0,0.000,0
POITIERS,2024-08,0,5,19.220,0,0.000,1
POITIERS,2024-09,0,0,90.420,0,0.000,4
POITIERS,2024-10,0,0,109.400,0,0.000,1
POITIERS,2024-11,2,0,47.060,0,1.000,5
POITIERS,2024-12,8,0,44.330,0,0.000,3
POITIERS,2025-01,13,0,78.610,0,0.000,10
POITIERS,2025-02,6,0,23.440,0,0.000,3
POITIERS,2025-03,4,0,22.200,0,0.000,0
POITIERS,2025-04,0,0,35.920,0,0.000,3
POITIERS,2025-05,0,1,11.620,0,0.000,0
POITIERS,2025-06,0,12,15.410,0,0.000,1
POITIERS,2025-07,0,9,18.770,0,0.000,2
POITIERS,2025-08,0,13,23.250,0,0.000,0
POITIERS,2025-09,0,2,30.120,0,0.000,3
POITIERS,2025-10,0,0,33.730,0,0.000,4
POITIERS,2025-11,5,0,34.890,0,0.000,3
POITIERS,2025-12,8,0,25.890,0,0.000,4
POITIERS,2026-01,10,0,37.070,0,2.000,4
POITIERS,2026-02,2,0,60.200,0,0.000,5
POITIERS,2026-03,2,0,15.490,0,0.000,1
POITIERS,2026-04,0,0,5.270,0,0.000,0
POITIERS,2026-05,0,8,30.850,0,0.000,1
POITIERS,2026-06,0,17,9.810,0,0.000,1
POITIERS,2026-07,0,20,8.760,0,0.000,0
POITIERS,2026-08,0,15,34.920,0,0.000,1
POITIERS,2026-09,0,4,19.400,0,,0
QUIMPER,2017-12,0,0,159.270,1,0.000,14
QUIMPER,2018-01,0,0,180.120,1,0.000,16
QUIMPER,2018-02,4,0,103.270,1,0.000,13
QUIMPER,2018-03,1,0,146.720,0,1.000,13
QUIMPER,2018-04,0,0,52.480,0,0.000,7
QUIMPER,2018-05,0,0,49.690,0,0.000,2
QUIMPER,2018-06,0,0,90.160,2,0.000,0
QUIMPER,2018-07,0,0,99.700,3,0.000,2
QUIMPER,2018-08,0,0,34.640,0,0.000,1
QUIMPER,2018-09,0,0,30.080,0,0.000,4
QUIMPER,2018-10,0,0,94.780,2,0.000,7
QUIMPER,2018-11,0,0,164.730,2,0.000,8
QUIMPER,2018-12,0,0,198.640,2,0.000,15
QUIMPER,2019-01,0,0,82.040,1,0.000,5
QUIMPER,2019-02,0,0,102.370,0,0.000,8
QUIMPER,2019-03,0,0,69.830,0,0.000,15
QUIMPER,2019-04,0,0,71.250,0,0.000,5
QUIMPER,2019-05,0,0,62.270,1,0.000,2
QUIMPER,2019-06,0,0,84.760,0,0.000,2
QUIMPER,2019-07,0,0,24.910,0,0.000,2
QUIMPER,2019-08,0,0,81.130,1,0.000,4
QUIMPER,2019-09,0,0,85.380,0,0.000,5
QUIMPER,2019-10,0,0,217.690,1,0.000,7
QUIMPER,2019-11,0,0,245.040,3,0.000,21
QUIMPER,2019-12,0,0,163.250,2,0.000,17
QUIMPER,2020-01,0,0,157.390,2,0.000,14
QUIMPER,2020-02,0,0,148.570,0,0.000,19
QUIMPER,2020-03,0,0,79.230,0,0.000,15
QUIMPER,2020-04,0,0,64.270,0,0.000,3
QUIMPER,2020-05,0,0,36.830,0,0.000,3
QUIMPER,2020-06,0,0,120.460,1,0.000,0
QUIMPER,2020-07,0,0,27.870,0,0.000,2
QUIMPER,2020-08,0,0,79.510,1,0.000,5
QUIMPER,2020-09,0,0,61.150,1,0.000,5
QUIMPER,2020-10,0,0,161.140,2,0.000,13
QUIMPER,2020-11,0,0,102.430,1,0.000,7
QUIMPER,2020-12,0,0,260.440,4,0.000,23
QUIMPER,2021-01,0,0,117.750,0,0.000,12
QUIMPER,2021-02,2,0,93.620,0,3.000,13
QUIMPER,2021-03,0,0,31.890,0,0.000,5
QUIMPER,2021-04,0,0,28.050,0,0.000,3
QUIMPER,2021-05,0,0,93.010,0,0.000,14
QUIMPER,2021-06,0,0,61.230,1,0.000,2
QUIMPER,2021-07,0,0,91.100,1,0.000,3
QUIMPER,2021-08,0,0,46.330,0,0.000,3
QUIMPER,2021-09,0,0,56.070,0,0.000,4
QUIMPER,2021-10,0,0,144.900,2,0.000,10
QUIMPER,2021-11,0,0,44.550,0,0.000,6
QUIMPER,2021-12,0,0,125.650,1,0.000,12
QUIMPER,2022-01,0,0,82.820,1,0.000,6
QUIMPER,2022-02,0,0,63.110,1,0.000,12
QUIMPER,2022-03,0,0,51.600,0,0.000,4
QUIMPER,2022-04,0,0,44.770,1,0.000,5
QUIMPER,2022-05,0,0,20.080,0,0.000,1
QUIMPER,2022-06,0,0,98.030,1,0.000,2
QUIMPER,2022-07,0,0,5.890,0,0.000,0
QUIMPER,2022-08,0,1,29.880,0,0.000,0
QUIMPER,2022-09,0,0,81.910,1,0.000,8
QUIMPER,2022-10,0,0,80.470,0,0.000,8
QUIMPER,2022-11,0,0,189.330,2,0.000,16
QUIMPER,2022-12,0,0,192.260,3,2.000,12
QUIMPER,2023-01,0,0,119.870,0,0.000,16
QUIMPER,2023-02,0,0,15.050,0,0.000,2
QUIMPER,2023-03,0,0,134.690,0,0.000,17
QUIMPER,2023-04,0,0,70.340,1,0.000,4
QUIMPER,2023-05,0,0,42.190,0,0.000,3
QUIMPER,2023-06,0,0,40.190,0,0.000,0
QUIMPER,2023-07,0,0,91.480,0,0.000,5
QUIMPER,2023-08,0,0,53.110,0,0.000,4
QUIMPER,2023-09,0,0,58.580,1,0.000,4
QUIMPER,2023-10,0,0,117.910,2,0.000,12
QUIMPER,2023-11,0,0,171.220,1,0.000,19
QUIMPER,2023-12,0,0,120.260,0,0.000,16
QUIMPER,2024-01,3,0,142.800,2,0.000,11
QUIMPER,2024-02,0,0,135.590,1,0.000,11
QUIMPER,2024-03,0,0,121.060,0,0.000,11
QUIMPER,2024-04,0,0,67.800,0,0.000,11
QUIMPER,2024-05,0,0,89.680,1,0.000,2
QUIMPER,2024-06,0,0,43.580,0,0.000,3
QUIMPER,2024-07,0,0,91.850,1,0.000,1
QUIMPER,2024-08,0,0,59.130,1,0.000,1
QUIMPER,2024-09,0,0,68.020,0,0.000,4
QUIMPER,2024-10,0,0,150.840,1,0.000,3
QUIMPER,2024-11,0,0,104.350,2,0.000,6
QUIMPER,2024-12,0,0,58.690,0,0.000,12
QUIMPER,2025-01,0,0,208.140,3,0.000,12
QUIMPER,2025-02,0,0,45.690,0,0.000,5
QUIMPER,2025-03,0,0,22.680,0,0.000,4
QUIMPER,2025-04,0,0,53.870,0,0.000,5
QUIMPER,2025-05,0,0,28.740,0,0.000,1
QUIMPER,2025-06,0,0,27.200,0,0.000,1
QUIMPER,2025-07,0,0,38.700,0,0.000,4
QUIMPER,2025-08,0,0,18.020,0,0.000,2
QUIMPER,2025-09,0,0,58.930,0,0.000,11
QUIMPER,2025-10,0,0,72.480,0,0.000,9
QUIMPER,2025-11,0,0,73.600,0,0.000,15
QUIMPER,2025-12,0,0,97.180,0,0.000,16
QUIMPER,2026-01,0,0,169.650,1,0.000,16
QUIMPER,2026-02,0,0,132.390,1,0.000,18
QUIMPER,2026-03,0,0,31.390,0,0.000,9
QUIMPER,2026-04,0,0,12.610,0,0.000,7
QUIMPER,2026-05,0,0,45.590,0,0.000,5
QUIMPER,2026-06,0,1,23.010,0,0.000,5
QUIMPER,2026-07,0,4,7.390,0,0.000,0
QUIMPER,2026-08,0,0,39.030,0,0.000,2
QUIMPER,2026-09,0,0,39.180,0,,2
REIMS,2017-12,12,0,109.710,0,4.000,8
REIMS,2018-01,1,0,125.880,0,0.000,10
REIMS,2018-02,24,0,38.720,0,6.000,0
REIMS,2018-03,12,0,75.210,0,2.000,3
REIMS,2018-04,0,0,55.930,1,0.000,1
REIMS,2018-05,0,0,92.480,1,0.000,0
REIMS,2018-06,0,0,51.560,0,0.000,0
REIMS,2018-07,0,2,31.510,0,0.000,0
REIMS,2018-08,0,2,51.920,0,0.000,0
REIMS,2018-09,0,0,34.690,0,0.000,1
REIMS,2018-10,0,0,44.160,1,1.000,0
REIMS,2018-11,7,0,63.200,0,0.000,0
REIMS,2018-12,10,0,109.140,0,1.000,5
REIMS,2019-01,21,0,47.410,0,5.000,1
REIMS,2019-02,12,0,44.490,0,1.000,3
REIMS,2019-03,0,0,80.780,0,0.000,11
REIMS,2019-04,5,0,43.140,0,0.000,1
REIMS,2019-05,1,0,59.970,0,0.000,0
REIMS,2019-06,0,1,51.560,0,0.000,2
REIMS,2019-07,0,3,28.000,1,0.000,0
REIMS,2019-08,0,1,48.260,0,0.000,2
REIMS,2019-09,0,0,36.220,0,0.000,1
REIMS,2019-10,0,0,103.940,0,0.000,0
REIMS,2019-11,3,0,90.040,0,1.000,3
REIMS,2019-12,11,0,110.700,0,1.000,8
REIMS,2020-01,9,0,51.850,0,0.000,3
REIMS,2020-02,4,0,136.800,1,1.000,13
REIMS,2020-03,10,0,67.100,0,0.000,2
REIMS,2020-04,3,0,24.820,0,0.000,0
REIMS,2020-05,0,0,27.160,0,0.000,2
REIMS,2020-06,0,0,51.880,0,0.000,1
REIMS,2020-07,0,1,19.280,0,0.000,0
REIMS,2020-08,0,6,35.960,0,0.000,1
REIMS,2020-09,0,1,57.470,0,0.000,3
REIMS,2020-10,0,0,114.820,0,0.000,3
REIMS,2020-11,2,0,31.840,0,0.000,3
REIMS,2020-12,7,0,110.010,1,0.000,3
REIMS,2021-01,21,0,119.600,0,4.000,4
REIMS,2021-02,9,0,47.900,0,0.000,1
REIMS,2021-03,8,0,40.250,0,0.000,4
REIMS,2021-04,10,0,31.120,0,0.000,0
REIMS,2021-05,0,0,70.930,0,0.000,3
REIMS,2021-06,0,0,134.380,2,0.000,0
REIMS,2021-07,0,0,130.190,1,0.000,1
REIMS,2021-08,0,0,51.140,0,0.000,0
REIMS,2021-09,0,0,51.420,0,0.000,0
REIMS,2021-10,0,0,82.930,0,0.000,5
REIMS,2021-11,6,0,41.680,0,1.000,1
REIMS,2021-12,4,0,77.830,0,1.000,4
REIMS,2022-01,19,0,66.730,0,1.000,3
REIMS,2022-02,10,0,56.010,0,0.000,10
REIMS,2022-03,9,0,25.240,0,0.000,0
REIMS,2022-04,5,0,35.530,0,0.000,2
REIMS,2022-05,0,0,24.230,0,0.000,1
REIMS,2022-06,0,1,92.300,0,0.000,0
REIMS,2022-07,0,2,11.150,0,0.000,0
REIMS,2022-08,0,4,18.300,0,0.000,0
REIMS,2022-09,0,0,71.350,0,0.000,1
REIMS,2022-10,0,0,62.540,0,0.000,1
REIMS,2022-11,0,0,63.680,0,0.000,2
REIMS,2022-12,16,0,72.310,0,2.000,6
REIMS,2023-01,14,0,81.550,0,0.000,7
REIMS,2023-02,10,0,9.960,0,0.000,0
REIMS,2023-03,8,0,91.820,0,0.000,10
REIMS,2023-04,3,0,72.980,0,0.000,3
REIMS,2023-05,0,0,54.250,0,0.000,0
REIMS,2023-06,0,0,53.230,0,0.000,0
REIMS,2023-07,0,0,115.980,0,0.000,1
REIMS,2023-08,0,0,77.990,0,0.000,2
REIMS,2023-09,0,3,54.550,1,0.000,0
REIMS,2023-10,0,0,109.380,0,0.000,5
REIMS,2023-11,3,0,118.090,0,0.000,4
REIMS,2023-12,7,0,75.010,0,1.000,6
REIMS,2024-01,17,0,81.680,1,2.000,8
REIMS,2024-02,1,0,112.510,1,0.000,6
REIMS,2024-03,0,0,94.630,0,0.000,2
REIMS,2024-04,2,0,77.720,0,0.000,5
REIMS,2024-05,0,0,106.400,0,0.000,0
REIMS,2024-06,0,0,74.180,0,0.000,0
REIMS,2024-07,0,0,93.900,0,0.000,0
REIMS,2024-08,0,0,50.490,0,0.000,0
REIMS,2024-09,0,0,107.610,1,0.000,1
REIMS,2024-10,0,0,93.560,1,0.000,0
REIMS,2024-11,5,0,53.240,0,0.000,5
REIMS,2024-12,11,0,54.110,0,0.000,8
REIMS,2025-01,18,0,127.250,0,4.000,11
REIMS,2025-02,15,0,34.030,0,0.000,0
REIMS,2025-03,8,0,11.740,0,0.000,0
REIMS,2025-04,1,0,19.950,0,0.000,0
REIMS,2025-05,0,0,34.310,0,0.000,0
REIMS,2025-06,0,1,50.660,0,0.000,1
REIMS,2025-07,0,2,69.390,0,0.000,0
REIMS,2025-08,0,2,33.400,0,0.000,0
REIMS,2025-09,0,0,59.950,0,0.000,2
REIMS,2025-10,0,0,56.250,0,0.000,4
REIMS,2025-11,7,0,55.650,0,1.000,0
REIMS,2025-12,9,0,25.730,0,0.000,0
REIMS,2026-01,12,0,57.360,0,3.000,2
REIMS,2026-02,2,0,85.950,0,1.000,3
REIMS,2026-03,3,0,46.720,0,1.000,0
REIMS,2026-04,0,0,7.480,0,0.000,0
REIMS,2026-05,0,0,74.350,0,0.000,0
REIMS,2026-06,0,10,39.560,0,0.000,0
REIMS,2026-07,0,6,4.670,0,0.000,0
REIMS,2026-08,0,6,39.530,0,0.000,0
REIMS,2026-09,0,0,28.180,0,,0
RENNES,2017-12,2,0,98.550,0,0.000,9
RENNES,2018-01,0,0,83.870,0,0.000,12
RENNES,2018-02,17,0,51.610,0,0.000,2
RENNES,2018-03,7,0,101.500,0,1.000,4
RENNES,2018-04,0,0,58.200,0,0.000,2
RENNES,2018-05,0,0,35.380,0,0.000,1
RENNES,2018-06,0,0,116.700,2,0.000,0
RENNES,2018-07,0,0,47.180,0,0.000,1
RENNES,2018-08,0,2,43.070,0,0.000,1
RENNES,2018-09,0,0,13.680,0,0.000,2
RENNES,2018-10,0,0,56.580,1,0.000,4
RENNES,2018-11,4,0,95.670,0,0.000,3
RENNES,2018-12,5,0,87.550,0,1.000,6
RENNES,2019-01,10,0,49.050,0,0.000,3
RENNES,2019-02,4,0,55.790,0,0.000,3
RENNES,2019-03,0,0,43.920,0,0.000,12
RENNES,2019-04,1,0,54.850,0,0.000,0
RENNES,2019-05,0,0,37.640,0,0.000,1
RENNES,2019-06,0,3,69.960,0,0.000,1
RENNES,2019-07,0,3,15.500,0,0.000,2
RENNES,2019-08,0,0,43.540,0,0.000,2
RENNES,2019-09,0,0,48.010,0,0.000,2
RENNES,2019-10,0,0,136.930,1,0.000,3
RENNES,2019-11,0,0,150.710,0,0.000,5
RENNES,2019-12,5,0,104.540,0,0.000,9
RENNES,2020-01,4,0,69.090,0,0.000,5
RENNES,2020-02,2,0,92.550,0,0.000,14
RENNES,2020-03,4,0,57.050,0,0.000,3
RENNES,2020-04,2,0,52.780,0,0.000,1
RENNES,2020-05,0,0,37.200,0,0.000,2
RENNES,2020-06,0,0,87.210,1,0.000,2
RENNES,2020-07,0,0,12.410,0,0.000,2
RENNES,2020-08,0,2,56.050,0,0.000,3
RENNES,2020-09,0,0,49.730,0,0.000,3
RENNES,2020-10,0,0,130.830,0,0.000,6
RENNES,2020-11,1,0,32.700,0,0.000,3
RENNES,2020-12,1,0,141.000,0,0.000,5
RENNES,2021-01,14,0,69.700,0,0.000,3
RENNES,2021-02,9,0,43.440,0,1.000,5
RENNES,2021-03,6,0,18.250,0,0.000,5
RENNES,2021-04,7,0,22.590,0,0.000,0
RENNES,2021-05,0,0,60.380,0,0.000,9
RENNES,2021-06,0,0,98.390,0,0.000,0
RENNES,2021-07,0,0,62.170,0,0.000,2
RENNES,2021-08,0,0,32.240,0,0.000,2
RENNES,2021-09,0,0,34.540,0,0.000,0
RENNES,2021-10,0,0,87.570,1,0.000,4
RENNES,2021-11,2,0,32.050,0,0.000,2
RENNES,2021-12,5,0,71.820,0,0.000,7
RENNES,2022-01,12,0,45.310,0,0.000,2
RENNES,2022-02,3,0,27.110,0,0.000,8
RENNES,2022-03,1,0,29.760,0,0.000,2
RENNES,2022-04,3,0,33.290,0,0.000,3
RENNES,2022-05,0,0,24.810,0,0.000,0
RENNES,2022-06,0,2,65.520,0,0.000,3
RENNES,2022-07,0,7,5.000,0,0.000,0
RENNES,2022-08,0,7,42.010,0,0.000,0
RENNES,2022-09,0,1,50.760,0,0.000,2
RENNES,2022-10,0,0,49.820,0,0.000,5
RENNES,2022-11,0,0,96.870,0,0.000,11
RENNES,2022-12,15,0,83.860,0,2.000,5
RENNES,2023-01,11,0,65.840,0,0.000,7
RENNES,2023-02,8,0,11.940,0,0.000,1
RENNES,2023-03,5,0,80.660,0,0.000,10
RENNES,2023-04,1,0,46.880,0,0.000,3
RENNES,2023-05,0,0,29.440,0,0.000,0
RENNES,2023-06,0,0,31.570,0,0.000,0
RENNES,2023-07,0,0,62.100,0,0.000,4
RENNES,2023-08,0,1,44.730,0,0.000,2
RENNES,2023-09,0,3,70.260,1,0.000,1
RENNES,2023-10,0,0,93.080,0,0.000,5
RENNES,2023-11,1,0,96.210,0,0.000,9
RENNES,2023-12,2,0,63.220,0,0.000,6
RENNES,2024-01,12,0,73.180,0,3.000,7
RENNES,2024-02,0,0,77.250,0,0.000,5
RENNES,2024-03,0,0,62.930,0,0.000,6
RENNES,2024-04,0,0,56.160,0,0.000,6
RENNES,2024-05,0,0,77.690,0,0.000,0
RENNES,2024-06,0,0,76.870,2,0.000,2
RENNES,2024-07,0,0,55.330,1,0.000,1
RENNES,2024-08,0,1,33.680,0,0.000,1
RENNES,2024-09,0,0,76.610,0,0.000,4
RENNES,2024-10,0,0,93.360,1,0.000,2
RENNES,2024-11,1,0,56.010,0,1.000,4
RENNES,2024-12,4,0,30.800,0,0.000,6
RENNES,2025-01,15,0,127.820,1,2.000,10
RENNES,2025-02,10,0,30.220,0,0.000,0
RENNES,2025-03,3,0,16.000,0,0.000,0
RENNES,2025-04,0,0,26.080,0,0.000,0
RENNES,2025-05,0,0,18.220,0,0.000,0
RENNES,2025-06,0,3,21.730,0,0.000,0
RENNES,2025-07,0,4,41.620,0,0.000,0
RENNES,2025-08,0,5,13.190,0,0.000,1
RENNES,2025-09,0,0,27.810,0,0.000,5
RENNES,2025-10,0,0,39.500,0,0.000,5
RENNES,2025-11,2,0,33.690,0,0.000,0
RENNES,2025-12,8,0,40.820,0,0.000,5
RENNES,2026-01,7,0,83.830,0,1.000,11
RENNES,2026-02,0,0,77.570,0,0.000,7
RENNES,2026-03,0,0,19.430,0,0.000,3
RENNES,2026-04,0,0,8.860,0,0.000,3
RENNES,2026-05,0,4,43.870,0,0.000,1
RENNES,2026-06,0,11,15.470,0,0.000,3
RENNES,2026-07,0,15,2.850,0,0.000,0
RENNES,2026-08,0,8,26.690,0,0.000,1
RENNES,2026-09,0,0,32.430,0,,0
SAINT ETIENNE CHATEAUCREUX,2017-12,23,0,57.880,0,4.000,3
SAINT ETIENNE CHATEAUCREUX,2018-01,7,0,84.150,1,1.000,3
SAINT ETIENNE CHATEAUCREUX,2018-02,25,0,33.420,0,6.000,1
SAINT ETIENNE CHATEAUCREUX,2018-03,14,0,74.900,0,1.000,6
SAINT ETIENNE CHATEAUCREUX,2018-04,0,0,40.310,0,0.000,3
SAINT ETIENNE CHATEAUCREUX,2018-05,0,0,102.270,1,0.000,0
SAINT ETIENNE CHATEAUCREUX,2018-06,0,0,56.370,0,0.000,0
SAINT ETIENNE CHATEAUCREUX,2018-07,0,6,49.330,0,0.000,0
SAINT ETIENNE CHATEAUCREUX,2018-08,0,5,33.600,0,0.000,0
SAINT ETIENNE CHATEAUCREUX,2018-09,0,0,18.120,0,0.000,1
SAINT ETIENNE CHATEAUCREUX,2018-10,2,0,75.250,1,3.000,2
SAINT ETIENNE CHATEAUCREUX,2018-11,6,0,82.300,1,2.000,5
SAINT ETIENNE CHATEAUCREUX,2018-12,15,0,44.820,0,0.000,0
SAINT ETIENNE CHATEAUCREUX,2019-01,29,0,28.790,0,3.000,0
SAINT ETIENNE CHATEAUCREUX,2019-02,13,0,33.750,0,3.000,2
SAINT ETIENNE CHATEAUCREUX,2019-03,7,0,24.220,0,0.000,5
SAINT ETIENNE CHATEAUCREUX,2019-04,6,0,68.870,1,2.000,3
SAINT ETIENNE CHATEAUCREUX,2019-05,0,0,39.360,0,0.000,5
SAINT ETIENNE CHATEAUCREUX,2019-06,0,6,81.980,0,0.000,3
SAINT ETIENNE CHATEAUCREUX,2019-07,0,8,47.200,0,0.000,0
SAINT ETIENNE CHATEAUCREUX,2019-08,0,4,72.560,0,0.000,0
SAINT ETIENNE CHATEAUCREUX,2019-09,0,0,24.230,0,0.000,0
SAINT ETIENNE CHATEAUCREUX,2019-10,0,0,106.040,3,0.000,4
SAINT ETIENNE CHATEAUCREUX,2019-11,10,0,108.830,1,2.000,3
SAINT ETIENNE CHATEAUCREUX,2019-12,12,0,70.700,0,2.000,4
SAINT ETIENNE CHATEAUCREUX,2020-01,15,0,18.750,0,0.000,3
SAINT ETIENNE CHATEAUCREUX,2020-02,12,0,20.080,0,0.000,6
SAINT ETIENNE CHATEAUCREUX,2020-03,14,0,31.880,0,0.000,3
SAINT ETIENNE CHATEAUCREUX,2020-04,4,0,37.160,0,0.000,0
SAINT ETIENNE CHATEAUCREUX,2020-05,0,0,65.760,0,0.000,0
SAINT ETIENNE CHATEAUCREUX,2020-06,0,0,97.450,0,0.000,1
SAINT ETIENNE CHATEAUCREUX,2020-07,0,6,17.460,0,0.000,0
SAINT ETIENNE CHATEAUCREUX,2020-08,0,9,45.900,0,0.000,0
SAINT ETIENNE CHATEAUCREUX,2020-09,0,1,56.110,0,0.000,0
SAINT ETIENNE CHATEAUCREUX,2020-10,1,0,89.520,1,0.000,3
SAINT ETIENNE CHATEAUCREUX,2020-11,7,0,17.970,0,0.000,0
SAINT ETIENNE CHATEAUCREUX,2020-12,18,0,90.660,0,4.000,1
SAINT ETIENNE CHATEAUCREUX,2021-01,22,0,70.110,0,5.000,2
SAINT ETIENNE CHATEAUCREUX,2021-02,9,0,30.080,0,1.000,3
SAINT ETIENNE CHATEAUCREUX,2021-03,10,0,23.340,0,0.000,1
SAINT ETIENNE CHATEAUCREUX,2021-04,11,0,49.090,0,0.000,1
SAINT ETIENNE CHATEAUCREUX,2021-05,0,0,121.010,1,1.000,2
SAINT ETIENNE CHATEAUCREUX,2021-06,0,0,79.570,0,0.000,0
SAINT ETIENNE CHATEAUCREUX,2021-07,0,0,105.710,1,0.000,0
SAINT ETIENNE CHATEAUCREUX,2021-08,0,5,39.310,0,0.000,0
SAINT ETIENNE CHATEAUCREUX,2021-09,0,0,77.230,0,0.000,0
SAINT ETIENNE CHATEAUCREUX,2021-10,1,0,74.320,1,0.000,5
SAINT ETIENNE CHATEAUCREUX,2021-11,9,0,49.630,1,2.000,0
SAINT ETIENNE CHATEAUCREUX,2021-12,20,0,80.320,0,5.000,0
SAINT ETIENNE CHATEAUCREUX,2022-01,25,0,22.090,0,0.000,0
SAINT ETIENNE CHATEAUCREUX,2022-02,18,0,25.210,0,0.000,1
SAINT ETIENNE CHATEAUCREUX,2022-03,11,0,20.800,0,0.000,3
SAINT ETIENNE CHATEAUCREUX,2022-04,7,0,32.440,0,2.000,4
SAINT ETIENNE CHATEAUCREUX,2022-05,0,0,33.520,0,0.000,0
SAINT ETIENNE CHATEAUCREUX,2022-06,0,7,117.490,1,0.000,1
SAINT ETIENNE CHATEAUCREUX,2022-07,0,9,6.100,0,0.000,0
SAINT ETIENNE CHATEAUCREUX,2022-08,0,10,83.030,2,0.000,0
SAINT ETIENNE CHATEAUCREUX,2022-09,0,1,78.120,0,0.000,0
SAINT ETIENNE CHATEAUCREUX,2022-10,0,0,34.960,0,0.000,1
SAINT ETIENNE CHATEAUCREUX,2022-11,0,0,78.510,1,0.000,0
SAINT ETIENNE CHATEAUCREUX,2022-12,18,0,78.540,1,7.000,2
SAINT ETIENNE CHATEAUCREUX,2023-01,18,0,30.710,0,3.000,3
SAINT ETIENNE CHATEAUCREUX,2023-02,17,0,7.790,0,0.000,1
SAINT ETIENNE CHATEAUCREUX,2023-03,10,0,61.640,0,0.000,5
SAINT ETIENNE CHATEAUCREUX,2023-04,3,0,52.180,0,0.000,1
SAINT ETIENNE CHATEAUCREUX,2023-05,0,0,72.450,0,0.000,2
SAINT ETIENNE CHATEAUCREUX,2023-06,0,0,98.410,0,0.000,0
SAINT ETIENNE CHATEAUCREUX,2023-07,0,7,32.560,0,0.000,1
SAINT ETIENNE CHATEAUCREUX,2023-08,0,13,42.560,0,0.000,1
SAINT ETIENNE CHATEAUCREUX,2023-09,0,8,53.160,0,0.000,0
SAINT ETIENNE CHATEAUCREUX,2023-10,0,0,110.750,1,0.000,3
SAINT ETIENNE CHATEAUCREUX,2023-11,7,0,84.850,0,1.000,2
SAINT ETIENNE CHATEAUCREUX,2023-12,12,0,76.240,0,1.000,1
SAINT ETIENNE CHATEAUCREUX,2024-01,16,0,45.520,0,4.000,0
SAINT ETIENNE CHATEAUCREUX,2024-02,4,0,49.550,0,0.000,2
SAINT ETIENNE CHATEAUCREUX,2024-03,5,0,115.970,1,3.000,7
SAINT ETIENNE CHATEAUCREUX,2024-04,6,0,82.190,1,0.000,4
SAINT ETIENNE CHATEAUCREUX,2024-05,0,0,128.330,0,0.000,0
SAINT ETIENNE CHATEAUCREUX,2024-06,0,0,104.290,0,0.000,0
SAINT ETIENNE CHATEAUCREUX,2024-07,0,2,80.040,2,0.000,0
SAINT ETIENNE CHATEAUCREUX,2024-08,0,4,40.030,0,0.000,1
SAINT ETIENNE CHATEAUCREUX,2024-09,0,0,121.020,1,0.000,2
SAINT ETIENNE CHATEAUCREUX,2024-10,0,0,110.220,1,0.000,3
SAINT ETIENNE CHATEAUCREUX,2024-11,8,0,37.310,0,1.000,4
SAINT ETIENNE CHATEAUCREUX,2024-12,18,0,53.780,0,1.000,0
SAINT ETIENNE CHATEAUCREUX,2025-01,17,0,68.570,0,0.000,6
SAINT ETIENNE CHATEAUCREUX,2025-02,15,0,32.110,0,1.000,3
SAINT ETIENNE CHATEAUCREUX,2025-03,10,0,45.650,0,1.000,3
SAINT ETIENNE CHATEAUCREUX,2025-04,1,0,59.960,0,0.000,1
SAINT ETIENNE CHATEAUCREUX,2025-05,0,0,61.800,0,0.000,0
SAINT ETIENNE CHATEAUCREUX,2025-06,0,7,53.850,0,0.000,0
SAINT ETIENNE CHATEAUCREUX,2025-07,0,3,66.290,0,0.000,0
SAINT ETIENNE CHATEAUCREUX,2025-08,0,12,52.560,0,0.000,0
SAINT ETIENNE CHATEAUCREUX,2025-09,0,0,89.050,1,0.000,0
SAINT ETIENNE CHATEAUCREUX,2025-10,0,0,98.410,0,0.000,2
SAINT ETIENNE CHATEAUCREUX,2025-11,8,0,97.040,0,0.000,3
SAINT ETIENNE CHATEAUCREUX,2025-12,12,0,54.690,0,1.000,1
SAINT ETIENNE CHATEAUCREUX,2026-01,21,0,69.890,0,4.000,0
SAINT ETIENNE CHATEAUCREUX,2026-02,3,0,116.740,1,0.000,3
SAINT ETIENNE CHATEAUCREUX,2026-03,12,0,34.040,0,1.000,3
SAINT ETIENNE CHATEAUCREUX,2026-04,2,0,21.020,0,0.000,0
SAINT ETIENNE CHATEAUCREUX,2026-05,0,0,61.120,0,0.000,0
SAINT ETIENNE CHATEAUCREUX,2026-06,0,11,40.440,0,0.000,0
SAINT ETIENNE CHATEAUCREUX,2026-07,0,16,23.920,0,0.000,0
SAINT ETIENNE CHATEAUCREUX,2026-08,0,14,42.210,0,0.000,0
SAINT ETIENNE CHATEAUCREUX,2026-09,0,4,13.240,0,,0
ST MALO,2017-12,0,0,110.970,1,0.000,12
ST MALO,2018-01,0,0,88.410,0,0.000,13
ST MALO,2018-02,8,0,51.550,0,0.000,5
ST MALO,2018-03,3,0,99.140,0,1.000,8
ST MALO,2018-04,0,0,61.800,0,0.000,2
ST MALO,2018-05,0,0,31.980,0,0.000,1
ST MALO,2018-06,0,0,86.410,1,0.000,0
ST MALO,2018-07,0,0,40.100,0,0.000,1
ST MALO,2018-08,0,0,44.940,0,0.000,1
ST MALO,2018-09,0,0,21.930,0,0.000,4
ST MALO,2018-10,0,0,62.230,1,0.000,4
ST MALO,2018-11,0,0,74.510,0,0.000,5
ST MALO,2018-12,3,0,83.440,0,1.000,9
ST MALO,2019-01,2,0,61.280,1,1.000,5
ST MALO,2019-02,1,0,56.460,0,0.000,5
ST MALO,2019-03,0,0,42.910,0,0.000,12
ST MALO,2019-04,0,0,53.900,0,0.000,2
ST MALO,2019-05,0,0,38.330,0,0.000,1
ST MALO,2019-06,0,0,79.310,0,0.000,1
ST MALO,2019-07,0,1,14.330,0,0.000,2
ST MALO,2019-08,0,0,43.640,0,0.000,2
ST MALO,2019-09,0,0,50.300,0,0.000,2
ST MALO,2019-10,0,0,149.030,1,0.000,4
ST MALO,2019-11,0,0,154.920,0,0.000,6
ST MALO,2019-12,2,0,102.050,0,0.000,14
ST MALO,2020-01,4,0,62.820,0,0.000,8
ST MALO,2020-02,1,0,97.170,0,0.000,17
ST MALO,2020-03,1,0,51.460,0,0.000,6
ST MALO,2020-04,0,0,43.400,0,0.000,3
ST MALO,2020-05,0,0,27.890,0,0.000,3
ST MALO,2020-06,0,0,84.620,0,0.000,2
ST MALO,2020-07,0,0,14.880,0,0.000,1
ST MALO,2020-08,0,1,49.770,0,0.000,3
ST MALO,2020-09,0,0,46.760,0,0.000,3
ST MALO,2020-10,0,0,135.430,2,0.000,8
ST MALO,2020-11,0,0,32.930,0,0.000,6
ST MALO,2020-12,0,0,153.140,0,0.000,7
ST MALO,2021-01,6,0,85.770,0,0.000,4
ST MALO,2021-02,7,0,34.390,0,1.000,4
ST MALO,2021-03,3,0,20.700,0,0.000,5
ST MALO,2021-04,0,0,19.390,0,0.000,0
ST MALO,2021-05,0,0,60.500,0,0.000,9
ST MALO,2021-06,0,0,111.040,0,0.000,1
ST MALO,2021-07,0,0,61.470,0,0.000,3
ST MALO,2021-08,0,0,29.270,0,0.000,1
ST MALO,2021-09,0,0,37.590,0,0.000,1
ST MALO,2021-10,0,0,76.380,1,0.000,7
ST MALO,2021-11,0,0,36.600,0,0.000,5
ST MALO,2021-12,2,0,66.700,0,0.000,7
ST MALO,2022-01,4,0,45.550,0,0.000,5
ST MALO,2022-02,1,0,30.820,0,0.000,10
ST MALO,2022-03,1,0,30.450,0,0.000,2
ST MALO,2022-04,0,0,27.280,0,0.000,4
ST MALO,2022-05,0,0,28.120,0,0.000,0
ST MALO,2022-06,0,1,61.210,0,0.000,2
ST MALO,2022-07,0,2,3.830,0,0.000,0
ST MALO,2022-08,0,4,42.000,0,0.000,0
ST MALO,2022-09,0,0,55.100,0,0.000,3
ST MALO,2022-10,0,0,47.560,0,0.000,5
ST MALO,2022-11,0,0,95.550,0,0.000,13
ST MALO,2022-12,8,0,80.390,0,2.000,8
ST MALO,2023-01,4,0,63.730,0,0.000,9
ST MALO,2023-02,3,0,11.390,0,0.000,1
ST MALO,2023-03,2,0,72.040,0,0.000,12
ST MALO,2023-04,0,0,51.510,0,0.000,3
ST MALO,2023-05,0,0,31.340,0,0.000,0
ST MALO,2023-06,0,0,40.650,0,0.000,0
ST MALO,2023-07,0,0,56.820,0,0.000,4
ST MALO,2023-08,0,0,43.290,0,0.000,2
ST MALO,2023-09,0,1,60.680,0,0.000,1
ST MALO,2023-10,0,0,75.110,0,0.000,6
ST MALO,2023-11,0,0,107.320,0,0.000,10
ST MALO,2023-12,1,0,64.340,0,0.000,11
ST MALO,2024-01,11,0,85.690,1,3.000,7
ST MALO,2024-02,0,0,82.690,0,0.000,7
ST MALO,2024-03,0,0,53.800,0,0.000,7
ST MALO,2024-04,0,0,54.760,0,0.000,6
ST MALO,2024-05,0,0,66.480,0,0.000,0
ST MALO,2024-06,0,0,44.020,0,0.000,1
ST MALO,2024-07,0,0,54.210,0,0.000,0
ST MALO,2024-08,0,0,38.190,0,0.000,1
ST MALO,2024-09,0,0,76.060,0,0.000,4
ST MALO,2024-10,0,0,84.160,0,0.000,2
ST MALO,2024-11,0,0,67.070,0,1.000,6
ST MALO,2024-12,2,0,37.030,0,0.000,9
ST MALO,2025-01,11,0,153.280,1,2.000,11
ST MALO,2025-02,3,0,39.920,0,0.000,3
ST MALO,2025-03,1,0,20.340,0,0.000,0
ST MALO,2025-04,0,0,29.150,0,0.000,1
ST MALO,2025-05,0,0,20.810,0,0.000,0
ST MALO,2025-06,0,1,32.720,0,0.000,0
ST MALO,2025-07,0,0,49.020,0,0.000,0
ST MALO,2025-08,0,0,15.830,0,0.000,1
ST MALO,2025-09,0,0,37.860,0,0.000,4
ST MALO,2025-10,0,0,59.870,0,0.000,8
ST MALO,2025-11,0,0,44.020,0,0.000,3
ST MALO,2025-12,7,0,55.500,0,0.000,7
ST MALO,2026-01,4,0,128.160,1,1.000,12
ST MALO,2026-02,0,0,109.010,0,1.000,8
ST MALO,2026-03,0,0,25.110,0,0.000,3
ST MALO,2026-04,0,0,7.600,0,0.000,2
ST MALO,2026-05,0,1,51.400,0,0.000,1
ST MALO,2026-06,0,4,24.340,0,0.000,3
ST MALO,2026-07,0,5,6.360,0,0.000,0
ST MALO,2026-08,0,3,43.250,0,0.000,1
ST MALO,2026-09,0,0,37.340,0,,0
ST PIERRE DES CORPS,2017-12,8,0,76.190,0,1.000,8
ST PIERRE DES CORPS,2018-01,0,0,104.420,0,0.000,10
ST PIERRE DES CORPS,2018-02,19,0,50.890,0,5.000,1
ST PIERRE DES CORPS,2018-03,7,0,93.180,0,1.000,2
ST PIERRE DES CORPS,2018-04,0,0,66.070,1,0.000,2
ST PIERRE DES CORPS,2018-05,0,0,50.850,0,0.000,0
ST PIERRE DES CORPS,2018-06,0,1,83.020,1,0.000,0
ST PIERRE DES CORPS,2018-07,0,5,43.400,0,0.000,0
ST PIERRE DES CORPS,2018-08,0,10,26.810,0,0.000,0
ST PIERRE DES CORPS,2018-09,0,1,12.950,0,0.000,1
ST PIERRE DES CORPS,2018-10,0,0,44.810,0,0.000,1
ST PIERRE DES CORPS,2018-11,4,0,87.050,0,0.000,3
ST PIERRE DES CORPS,2018-12,9,0,80.610,0,1.000,6
ST PIERRE DES CORPS,2019-01,18,0,45.240,0,2.000,4
ST PIERRE DES CORPS,2019-02,10,0,30.590,0,1.000,3
ST PIERRE DES CORPS,2019-03,0,0,60.410,0,0.000,8
ST PIERRE DES CORPS,2019-04,5,0,36.490,0,0.000,0
ST PIERRE DES CORPS,2019-05,0,0,53.320,0,0.000,2
ST PIERRE DES CORPS,2019-06,0,4,63.780,0,0.000,1
ST PIERRE DES CORPS,2019-07,0,6,14.840,0,0.000,0
ST PIERRE DES CORPS,2019-08,0,4,32.680,0,0.000,1
ST PIERRE DES CORPS,2019-09,0,1,37.590,0,0.000,2
ST PIERRE DES CORPS,2019-10,0,0,119.530,1,0.000,3
ST PIERRE DES CORPS,2019-11,2,0,127.170,0,0.000,4
ST PIERRE DES CORPS,2019-12,8,0,97.140,0,0.000,8
ST PIERRE DES CORPS,2020-01,7,0,45.320,0,0.000,4
ST PIERRE DES CORPS,2020-02,2,0,73.350,0,0.000,8
ST PIERRE DES CORPS,2020-03,5,0,75.270,1,0.000,5
ST PIERRE DES CORPS,2020-04,2,0,37.400,0,0.000,1
ST PIERRE DES CORPS,2020-05,0,0,57.310,0,0.000,1
ST PIERRE DES CORPS,2020-06,0,1,70.130,0,0.000,1
ST PIERRE DES CORPS,2020-07,0,3,6.670,0,0.000,0
ST PIERRE DES CORPS,2020-08,0,8,39.900,0,0.000,1
ST PIERRE DES CORPS,2020-09,0,4,34.600,0,0.000,2
ST PIERRE DES CORPS,2020-10,0,0,97.880,0,0.000,6
ST PIERRE DES CORPS,2020-11,2,0,23.360,0,0.000,1
ST PIERRE DES CORPS,2020-12,5,0,125.270,0,0.000,5
ST PIERRE DES CORPS,2021-01,17,0,70.620,0,3.000,3
ST PIERRE DES CORPS,2021-02,8,0,51.460,0,1.000,2
ST PIERRE DES CORPS,2021-03,8,0,18.460,0,0.000,2
ST PIERRE DES CORPS,2021-04,7,0,14.230,0,0.000,0
ST PIERRE DES CORPS,2021-05,0,0,88.940,0,0.000,4
ST PIERRE DES CORPS,2021-06,0,1,103.390,0,0.000,1
ST PIERRE DES CORPS,2021-07,0,0,56.510,0,0.000,0
ST PIERRE DES CORPS,2021-08,0,2,18.870,0,0.000,1
ST PIERRE DES CORPS,2021-09,0,2,35.160,0,0.000,0
ST PIERRE DES CORPS,2021-10,0,0,59.170,0,0.000,6
ST PIERRE DES CORPS,2021-11,7,0,34.370,0,0.000,1
ST PIERRE DES CORPS,2021-12,7,0,80.550,0,0.000,5
ST PIERRE DES CORPS,2022-01,16,0,32.290,0,0.000,3
ST PIERRE DES CORPS,2022-02,9,0,24.130,0,0.000,6
ST PIERRE DES CORPS,2022-03,3,0,24.420,0,0.000,2
ST PIERRE DES CORPS,2022-04,4,0,40.000,0,0.000,3
ST PIERRE DES CORPS,2022-05,0,0,21.040,0,0.000,0
ST PIERRE DES CORPS,2022-06,0,4,68.350,0,0.000,0
ST PIERRE DES CORPS,2022-07,0,9,12.010,0,0.000,0
ST PIERRE DES CORPS,2022-08,0,11,26.080,0,0.000,0
ST PIERRE DES CORPS,2022-09,0,2,51.370,0,0.000,1
ST PIERRE DES CORPS,2022-10,0,0,47.070,0,0.000,1
ST PIERRE DES CORPS,2022-11,0,0,64.750,0,0.000,5
ST PIERRE DES CORPS,2022-12,13,0,52.400,0,1.000,6
ST PIERRE DES CORPS,2023-01,11,0,65.370,0,1.000,4
ST PIERRE DES CORPS,2023-02,12,0,14.130,0,0.000,2
ST PIERRE DES CORPS,2023-03,7,0,67.200,0,0.000,9
ST PIERRE DES CORPS,2023-04,2,0,39.370,0,0.000,2
ST PIERRE DES CORPS,2023-05,0,0,39.290,0,0.000,0
ST PIERRE DES CORPS,2023-06,0,2,41.730,0,0.000,0
ST PIERRE DES CORPS,2023-07,0,4,48.310,0,0.000,2
ST PIERRE DES CORPS,2023-08,0,7,39.910,0,0.000,2
ST PIERRE DES CORPS,2023-09,0,8,60.430,0,0.000,0
ST PIERRE DES CORPS,2023-10,0,0,96.930,0,0.000,6
ST PIERRE DES CORPS,2023-11,2,0,97.030,0,0.000,8
ST PIERRE DES CORPS,2023-12,5,0,51.380,0,0.000,4
ST PIERRE DES CORPS,2024-01,14,0,46.700,0,2.000,7
ST PIERRE DES CORPS,2024-02,1,0,77.060,0,0.000,6
ST PIERRE DES CORPS,2024-03,1,0,75.220,0,0.000,3
ST PIERRE DES CORPS,2024-04,0,0,42.460,0,0.000,3
ST PIERRE DES CORPS,2024-05,0,0,103.540,0,0.000,0
ST PIERRE DES CORPS,2024-06,0,0,81.370,0,0.000,0
ST PIERRE DES CORPS,2024-07,0,2,41.290,0,0.000,1
ST PIERRE DES CORPS,2024-08,0,4,48.630,0,0.000,1
ST PIERRE DES CORPS,2024-09,0,0,91.300,1,0.000,4
ST PIERRE DES CORPS,2024-10,0,0,111.330,1,0.000,1
ST PIERRE DES CORPS,2024-11,2,0,51.680,0,1.000,4
ST PIERRE DES CORPS,2024-12,7,0,35.120,0,0.000,3
ST PIERRE DES CORPS,2025-01,16,0,85.710,0,1.000,12
ST PIERRE DES CORPS,2025-02,9,0,22.580,0,0.000,1
ST PIERRE DES CORPS,2025-03,3,0,21.770,0,0.000,0
ST PIERRE DES CORPS,2025-04,0,0,22.830,0,0.000,1
ST PIERRE DES CORPS,2025-05,0,0,12.490,0,0.000,0
ST PIERRE DES CORPS,2025-06,0,11,13.390,0,0.000,1
ST PIERRE DES CORPS,2025-07,0,7,32.620,0,0.000,1
ST PIERRE DES CORPS,2025-08,0,13,18.080,0,0.000,0
ST PIERRE DES CORPS,2025-09,0,1,24.040,0,0.000,4
ST PIERRE DES CORPS,2025-10,0,0,29.400,0,0.000,5
ST PIERRE DES CORPS,2025-11,6,0,28.870,0,1.000,0
ST PIERRE DES CORPS,2025-12,8,0,24.210,0,0.000,4
ST PIERRE DES CORPS,2026-01,11,0,41.040,0,2.000,4
ST PIERRE DES CORPS,2026-02,2,0,56.720,0,1.000,5
ST PIERRE DES CORPS,2026-03,2,0,18.810,0,0.000,2
ST PIERRE DES CORPS,2026-04,0,0,2.570,0,0.000,0
ST PIERRE DES CORPS,2026-05,0,8,30.640,0,0.000,0
ST PIERRE DES CORPS,2026-06,0,16,6.270,0,0.000,1
ST PIERRE DES CORPS,2026-07,0,21,7.930,0,0.000,0
ST PIERRE DES CORPS,2026-08,0,15,28.790,0,0.000,2
ST PIERRE DES CORPS,2026-09,0,1,17.390,0,,0
STRASBOURG,2017-12,20,0,85.190,0,8.000,3
STRASBOURG,2018-01,5,0,132.140,0,2.000,7
STRASBOURG,2018-02,28,0,38.210,0,5.000,0
STRASBOURG,2018-03,15,0,57.170,0,3.000,0
STRASBOURG,2018-04,0,0,31.920,0,0.000,0
STRASBOURG,2018-05,0,0,114.420,1,0.000,0
STRASBOURG,2018-06,0,0,63.730,0,0.000,0
STRASBOURG,2018-07,0,5,40.010,0,0.000,0
STRASBOURG,2018-08,0,5,54.380,0,0.000,0
STRASBOURG,2018-09,0,0,32.070,0,0.000,1
STRASBOURG,2018-10,0,0,24.550,0,0.000,1
STRASBOURG,2018-11,10,0,30.890,0,0.000,0
STRASBOURG,2018-12,16,0,101.270,0,1.000,6
STRASBOURG,2019-01,27,0,59.470,0,9.000,1
STRASBOURG,2019-02,17,0,21.840,0,1.000,1
STRASBOURG,2019-03,8,0,61.020,0,0.000,4
STRASBOURG,2019-04,5,0,67.700,0,1.000,0
STRASBOURG,2019-05,0,0,79.100,0,0.000,1
STRASBOURG,2019-06,0,5,65.950,1,0.000,0
STRASBOURG,2019-07,0,5,42.820,0,0.000,0
STRASBOURG,2019-08,0,4,87.840,1,0.000,0
STRASBOURG,2019-09,0,0,49.140,0,0.000,0
STRASBOURG,2019-10,0,0,102.880,1,0.000,0
STRASBOURG,2019-11,11,0,63.180,0,2.000,0
STRASBOURG,2019-12,13,0,89.930,0,3.000,1
STRASBOURG,2020-01,15,0,33.730,0,1.000,1
STRASBOURG,2020-02,9,0,118.550,0,2.000,10
STRASBOURG,2020-03,13,0,62.270,0,0.000,2
STRASBOURG,2020-04,5,0,14.020,0,0.000,0
STRASBOURG,2020-05,0,0,55.780,1,0.000,0
STRASBOURG,2020-06,0,0,92.770,0,0.000,0
STRASBOURG,2020-07,0,1,27.120,0,0.000,0
STRASBOURG,2020-08,0,7,82.180,0,0.000,0
STRASBOURG,2020-09,0,1,41.220,0,0.000,1
STRASBOURG,2020-10,0,0,86.470,0,0.000,0
STRASBOURG,2020-11,10,0,23.630,0,1.000,0
STRASBOURG,2020-12,20,0,81.210,0,6.000,0
STRASBOURG,2021-01,26,0,94.220,0,13.000,3
STRASBOURG,2021-02,11,0,48.090,0,2.000,1
STRASBOURG,2021-03,14,0,44.970,0,2.000,2
STRASBOURG,2021-04,11,0,33.430,0,0.000,0
STRASBOURG,2021-05,0,0,104.270,0,0.000,1
STRASBOURG,2021-06,0,0,127.190,0,0.000,0
STRASBOURG,2021-07,0,0,127.490,1,0.000,0
STRASBOURG,2021-08,0,0,66.660,0,0.000,0
STRASBOURG,2021-09,0,0,29.930,0,0.000,0
STRASBOURG,2021-10,0,0,50.870,0,0.000,1
STRASBOURG,2021-11,12,0,42.980,0,4.000,1
STRASBOURG,2021-12,15,0,65.830,0,4.000,1
STRASBOURG,2022-01,27,0,42.690,0,4.000,2
STRASBOURG,2022-02,14,0,46.630,0,0.000,6
STRASBOURG,2022-03,11,0,17.740,0,0.000,0
STRASBOURG,2022-04,6,0,69.240,1,3.000,2
STRASBOURG,2022-05,0,0,25.970,0,0.000,0
STRASBOURG,2022-06,0,2,75.250,0,0.000,0
STRASBOURG,2022-07,0,9,21.860,0,0.000,0
STRASBOURG,2022-08,0,7,47.880,0,0.000,0
STRASBOURG,2022-09,0,0,80.310,0,0.000,0
STRASBOURG,2022-10,0,0,83.450,1,0.000,0
STRASBOURG,2022-11,1,0,80.170,0,0.000,0
STRASBOURG,2022-12,20,0,53.040,0,2.000,0
STRASBOURG,2023-01,15,0,61.120,0,4.000,2
STRASBOURG,2023-02,15,0,13.850,0,0.000,0
STRASBOURG,2023-03,12,0,84.720,0,0.000,5
STRASBOURG,2023-04,6,0,58.030,0,0.000,1
STRASBOURG,2023-05,0,0,43.320,0,0.000,0
STRASBOURG,2023-06,0,0,29.710,0,0.000,0
STRASBOURG,2023-07,0,3,66.210,0,0.000,0
STRASBOURG,2023-08,0,8,94.860,0,0.000,2
STRASBOURG,2023-09,0,4,26.280,0,0.000,0
STRASBOURG,2023-10,0,0,93.820,0,0.000,0
STRASBOURG,2023-11,7,0,127.310,0,3.000,3
STRASBOURG,2023-12,10,0,73.650,0,2.000,4
STRASBOURG,2024-01,18,0,64.560,0,2.000,4
STRASBOURG,2024-02,0,0,63.320,0,0.000,2
STRASBOURG,2024-03,1,0,64.670,0,0.000,0
STRASBOURG,2024-04,3,0,58.320,0,0.000,2
STRASBOURG,2024-05,0,0,152.170,1,0.000,0
STRASBOURG,2024-06,0,0,104.250,0,0.000,0
STRASBOURG,2024-07,0,1,85.670,0,0.000,0
STRASBOURG,2024-08,0,0,57.840,0,0.000,0
STRASBOURG,2024-09,0,0,118.680,2,0.000,1
STRASBOURG,2024-10,0,0,75.850,0,0.000,1
STRASBOURG,2024-11,8,0,54.520,1,1.000,1
STRASBOURG,2024-12,20,0,53.250,0,1.000,3
STRASBOURG,2025-01,21,0,73.070,0,4.000,3
STRASBOURG,2025-02,17,0,37.770,0,1.000,0
STRASBOURG,2025-03,9,0,20.850,0,1.000,0
STRASBOURG,2025-04,2,0,36.420,0,0.000,0
STRASBOURG,2025-05,0,0,37.250,0,0.000,0
STRASBOURG,2025-06,0,5,85.730,1,0.000,0
STRASBOURG,2025-07,0,2,70.290,0,0.000,0
STRASBOURG,2025-08,0,5,71.070,0,0.000,0
STRASBOURG,2025-09,0,0,124.290,1,0.000,0
STRASBOURG,2025-10,0,0,68.530,0,0.000,2
STRASBOURG,2025-11,12,0,51.600,0,2.000,0
STRASBOURG,2025-12,14,0,18.590,0,0.000,1
STRASBOURG,2026-01,26,0,41.300,0,4.000,1
STRASBOURG,2026-02,11,0,68.920,0,1.000,1
STRASBOURG,2026-03,5,0,31.760,0,1.000,0
STRASBOURG,2026-04,1,0,19.150,0,0.000,0
STRASBOURG,2026-05,0,0,39.340,0,0.000,0
STRASBOURG,2026-06,0,11,40.310,0,0.000,0
STRASBOURG,2026-07,0,11,20.710,0,0.000,0
STRASBOURG,2026-08,0,15,33.650,0,0.000,0
STRASBOURG,2026-09,0,0,13.400,0,,0
STUTTGART,2017-12,22,0,81.100,0,7.000,6
STUTTGART,2018-01,7,0,121.340,1,3.000,7
STUTTGART,2018-02,28,0,28.320,0,4.000,1
STUTTGART,2018-03,18,0,52.150,0,1.000,0
STUTTGART,2018-04,1,0,31.030,0,0.000,2
STUTTGART,2018-05,0,0,62.650,0,0.000,0
STUTTGART,2018-06,0,0,54.380,0,0.000,1
STUTTGART,2018-07,0,5,36.610,0,0.000,0
STUTTGART,2018-08,0,9,32.530,0,0.000,0
STUTTGART,2018-09,0,0,40.650,0,0.000,1
STUTTGART,2018-10,0,0,26.730,0,1.000,1
STUTTGART,2018-11,12,0,17.680,0,0.000,0
STUTTGART,2018-12,17,0,124.870,1,1.000,7
STUTTGART,2019-01,25,0,91.840,0,9.000,4
STUTTGART,2019-02,18,0,19.490,0,2.000,3
STUTTGART,2019-03,6,0,77.030,0,0.000,13
STUTTGART,2019-04,3,0,45.680,0,0.000,0
STUTTGART,2019-05,0,0,111.670,1,0.000,1
STUTTGART,2019-06,0,3,66.090,0,0.000,0
STUTTGART,2019-07,0,4,70.070,0,0.000,0
STUTTGART,2019-08,0,0,95.970,1,0.000,0
STUTTGART,2019-09,0,0,48.310,0,0.000,2
STUTTGART,2019-10,1,0,91.330,0,0.000,0
STUTTGART,2019-11,9,0,57.360,0,1.000,0
STUTTGART,2019-12,15,0,72.000,0,2.000,3
STUTTGART,2020-01,17,0,35.410,0,1.000,2
STUTTGART,2020-02,10,0,138.450,1,2.000,16
STUTTGART,2020-03,14,0,64.000,0,0.000,8
STUTTGART,2020-04,5,0,15.060,0,0.000,2
STUTTGART,2020-05,1,0,53.410,1,0.000,0
STUTTGART,2020-06,0,0,101.370,0,0.000,1
STUTTGART,2020-07,0,1,41.180,0,0.000,0
STUTTGART,2020-08,0,9,100.540,1,0.000,1
STUTTGART,2020-09,0,0,43.720,0,0.000,0
STUTTGART,2020-10,0,0,68.280,0,0.000,1
STUTTGART,2020-11,11,0,18.940,0,0.000,0
STUTTGART,2020-12,21,0,81.120,0,5.000,0
STUTTGART,2021-01,27,0,86.750,0,16.000,5
STUTTGART,2021-02,11,0,57.770,0,3.000,2
STUTTGART,2021-03,15,0,42.990,0,1.000,4
STUTTGART,2021-04,14,0,33.670,0,2.000,2
STUTTGART,2021-05,0,0,92.250,0,0.000,3
STUTTGART,2021-06,0,0,120.200,1,0.000,0
STUTTGART,2021-07,0,0,122.370,1,0.000,0
STUTTGART,2021-08,0,0,106.870,0,0.000,0
STUTTGART,2021-09,0,0,29.610,0,0.000,0
STUTTGART,2021-10,0,0,48.270,0,0.000,1
STUTTGART,2021-11,12,0,42.550,0,2.000,1
STUTTGART,2021-12,19,0,86.740,0,5.000,2
STUTTGART,2022-01,25,0,61.720,1,6.000,5
STUTTGART,2022-02,13,0,56.900,0,0.000,13
STUTTGART,2022-03,13,0,18.250,0,0.000,0
STUTTGART,2022-04,8,0,105.140,2,4.000,1
STUTTGART,2022-05,0,0,38.930,0,0.000,0
STUTTGART,2022-06,0,2,55.350,0,0.000,0
STUTTGART,2022-07,0,8,48.990,1,0.000,0
STUTTGART,2022-08,0,4,53.720,0,0.000,0
STUTTGART,2022-09,0,0,90.230,0,0.000,0
STUTTGART,2022-10,0,0,76.480,1,0.000,1
STUTTGART,2022-11,1,0,70.380,0,0.000,0
STUTTGART,2022-12,21,0,54.900,0,2.000,3
STUTTGART,2023-01,16,0,48.490,0,4.000,7
STUTTGART,2023-02,17,0,28.760,0,0.000,5
STUTTGART,2023-03,14,0,93.520,0,0.000,9
STUTTGART,2023-04,5,0,80.060,0,0.000,2
STUTTGART,2023-05,0,0,47.710,0,0.000,0
STUTTGART,2023-06,0,0,32.660,0,0.000,0
STUTTGART,2023-07,0,5,87.500,0,0.000,0
STUTTGART,2023-08,0,6,121.370,0,0.000,2
STUTTGART,2023-09,0,0,22.640,0,0.000,0
STUTTGART,2023-10,0,0,77.340,0,0.000,1
STUTTGART,2023-11,6,0,140.110,0,2.000,5
STUTTGART,2023-12,11,0,93.360,0,2.000,7
STUTTGART,2024-01,20,0,69.780,1,3.000,6
STUTTGART,2024-02,3,0,79.950,0,0.000,3
STUTTGART,2024-03,1,0,50.210,0,0.000,3
STUTTGART,2024-04,3,0,66.350,0,0.000,4
STUTTGART,2024-05,0,0,156.090,2,0.000,0
STUTTGART,2024-06,0,0,152.080,1,0.000,0
STUTTGART,2024-07,0,0,82.650,0,0.000,0
STUTTGART,2024-08,0,2,55.140,0,0.000,0
STUTTGART,2024-09,0,0,111.450,1,0.000,2
STUTTGART,2024-10,0,0,70.980,0,0.000,1
STUTTGART,2024-11,9,0,60.290,0,2.000,3
STUTTGART,2024-12,22,0,48.140,0,0.000,3
STUTTGART,2025-01,22,0,74.280,0,3.000,1
STUTTGART,2025-02,21,0,43.310,0,1.000,0
STUTTGART,2025-03,10,0,25.730,0,0.000,0
STUTTGART,2025-04,3,0,33.550,0,0.000,1
STUTTGART,2025-05,0,0,50.070,0,0.000,0
STUTTGART,2025-06,0,5,65.590,1,0.000,2
STUTTGART,2025-07,0,3,92.590,0,0.000,0
STUTTGART,2025-08,0,5,67.830,0,0.000,0
STUTTGART,2025-09,0,0,157.250,2,0.000,1
STUTTGART,2025-10,0,0,70.770,0,0.000,7
STUTTGART,2025-11,10,0,55.100,0,2.000,0
STUTTGART,2025-12,18,0,19.270,0,0.000,2
STUTTGART,2026-01,27,0,55.800,0,7.000,0
STUTTGART,2026-02,16,0,91.370,0,3.000,1
STUTTGART,2026-03,6,0,36.650,0,0.000,1
STUTTGART,2026-04,1,0,25.790,0,0.000,0
STUTTGART,2026-05,0,0,47.270,0,0.000,0
STUTTGART,2026-06,0,11,39.440,0,0.000,0
STUTTGART,2026-07,0,6,42.530,0,0.000,2
STUTTGART,2026-08,0,14,54.710,0,0.000,0
STUTTGART,2026-09,0,0,22.170,0,,0
TOULON,2017-12,0,0,71.390,1,1.000,16
TOULON,2018-01,0,0,79.310,2,0.000,17
TOULON,2018-02,0,0,75.980,1,0.000,12
TOULON,2018-03,0,0,90.880,0,0.000,18
TOULON,2018-04,0,0,92.860,1,0.000,9
TOULON,2018-05,0,0,77.620,1,0.000,2
TOULON,2018-06,0,0,37.820,0,0.000,5
TOULON,2018-07,0,0,14.500,0,0.000,3
TOULON,2018-08,0,0,33.150,0,0.000,6
TOULON,2018-09,0,0,10.180,0,0.000,7
TOULON,2018-10,0,0,200.420,3,0.000,11
TOULON,2018-11,0,0,138.300,1,0.000,9
TOULON,2018-12,0,0,28.030,0,0.000,12
TOULON,2019-01,0,0,13.950,0,0.000,20
TOULON,2019-02,0,0,13.810,0,0.000,11
TOULON,2019-03,0,0,2.270,0,0.000,16
TOULON,2019-04,0,0,84.270,1,0.000,13
TOULON,2019-05,0,0,19.490,0,0.000,11
TOULON,2019-06,0,0,4.650,0,0.000,2
TOULON,2019-07,0,0,16.720,0,0.000,5
TOULON,2019-08,0,0,8.930,0,0.000,6
TOULON,2019-09,0,0,44.820,1,0.000,13
TOULON,2019-10,0,0,177.140,2,0.000,12
TOULON,2019-11,0,0,225.680,2,0.000,14
TOULON,2019-12,0,0,80.280,2,0.000,19
TOULON,2020-01,0,0,46.620,1,0.000,10
TOULON,2020-02,0,0,5.730,0,0.000,15
TOULON,2020-03,0,0,24.330,0,0.000,14
TOULON,2020-04,0,0,58.480,0,0.000,5
TOULON,2020-05,0,0,66.640,0,0.000,6
TOULON,2020-06,0,0,33.820,0,0.000,10
TOULON,2020-07,0,0,3.320,0,0.000,6
TOULON,2020-08,0,0,17.440,0,0.000,8
TOULON,2020-09,0,0,52.290,0,0.000,7
TOULON,2020-10,0,0,39.310,0,0.000,15
TOULON,2020-11,0,0,48.840,0,0.000,7
TOULON,2020-12,0,0,46.760,0,0.000,17
TOULON,2021-01,0,0,46.670,1,0.000,19
TOULON,2021-02,0,0,40.740,0,0.000,14
TOULON,2021-03,0,0,5.310,0,0.000,9
TOULON,2021-04,0,0,37.380,0,1.000,7
TOULON,2021-05,0,0,60.890,1,0.000,13
TOULON,2021-06,0,0,9.770,0,0.000,0
TOULON,2021-07,0,0,7.330,0,0.000,6
TOULON,2021-08,0,0,10.080,0,0.000,8
TOULON,2021-09,0,0,43.340,0,0.000,5
TOULON,2021-10,0,0,66.110,1,0.000,8
TOULON,2021-11,0,0,88.960,0,0.000,15
TOULON,2021-12,0,0,32.050,0,0.000,16
TOULON,2022-01,0,0,1.120,0,0.000,9
TOULON,2022-02,0,0,17.480,0,0.000,18
TOULON,2022-03,0,0,26.250,0,0.000,9
TOULON,2022-04,0,0,15.780,0,0.000,13
TOULON,2022-05,0,0,5.910,0,0.000,4
TOULON,2022-06,0,0,12.090,0,0.000,4
TOULON,2022-07,0,0,23.160,0,0.000,5
TOULON,2022-08,0,0,14.490,0,0.000,5
TOULON,2022-09,0,0,46.340,0,0.000,7
TOULON,2022-10,0,0,12.900,0,0.000,1
TOULON,2022-11,0,0,54.800,0,0.000,13
TOULON,2022-12,0,0,70.330,0,0.000,7
TOULON,2023-01,0,0,12.830,0,0.000,16
TOULON,2023-02,0,0,20.610,0,0.000,8
TOULON,2023-03,0,0,15.790,0,0.000,9
TOULON,2023-04,0,0,8.840,0,0.000,10
TOULON,2023-05,0,0,37.400,0,0.000,9
TOULON,2023-06,0,0,31.520,0,0.000,4
TOULON,2023-07,0,0,8.970,0,0.000,8
TOULON,2023-08,0,0,19.650,0,0.000,10
TOULON,2023-09,0,0,31.600,0,0.000,4
TOULON,2023-10,0,0,55.410,0,0.000,10
TOULON,2023-11,0,0,30.050,0,0.000,18
TOULON,2023-12,0,0,27.860,0,0.000,17
TOULON,2024-01,0,0,30.600,0,0.000,14
TOULON,2024-02,0,0,47.760,0,0.000,11
TOULON,2024-03,0,0,129.850,3,0.000,19
TOULON,2024-04,0,0,30.730,0,0.000,16
TOULON,2024-05,0,0,59.230,0,0.000,7
TOULON,2024-06,0,0,17.210,0,0.000,8
TOULON,2024-07,0,0,4.750,0,0.000,8
TOULON,2024-08,0,0,12.060,0,0.000,7
TOULON,2024-09,0,0,89.590,1,0.000,15
TOULON,2024-10,0,0,66.380,0,0.000,6
TOULON,2024-11,0,0,31.670,0,0.000,10
TOULON,2024-12,0,0,20.890,0,0.000,15
TOULON,2025-01,0,0,15.370,0,0.000,10
TOULON,2025-02,0,0,20.180,0,0.000,7
TOULON,2025-03,0,0,34.430,0,0.000,13
TOULON,2025-04,0,0,13.400,0,0.000,9
TOULON,2025-05,0,0,12.670,0,0.000,7
TOULON,2025-06,0,0,2.810,0,0.000,3
TOULON,2025-07,0,0,10.240,0,0.000,13
TOULON,2025-08,0,0,8.670,0,0.000,8
TOULON,2025-09,0,0,21.380,0,0.000,6
TOULON,2025-10,0,0,16.090,0,0.000,10
TOULON,2025-11,0,0,23.740,0,0.000,12
TOULON,2025-12,0,0,44.760,0,0.000,12
TOULON,2026-01,0,0,56.540,0,0.000,18
TOULON,2026-02,0,0,45.650,0,0.000,13
TOULON,2026-03,0,0,36.210,0,0.000,15
TOULON,2026-04,0,0,7.440,0,0.000,7
TOULON,2026-05,0,0,25.380,0,0.000,8
TOULON,2026-06,0,0,7.170,0,0.000,8
TOULON,2026-07,0,0,2.390,0,0.000,4
TOULON,2026-08,0,0,13.280,0,0.000,2
TOULON,2026-09,0,0,21.190,0,,3
TOULOUSE MATABIAU,2017-12,6,0,113.560,1,1.000,1
TOULOUSE MATABIAU,2018-01,1,0,127.780,0,1.000,7
TOULOUSE MATABIAU,2018-02,15,0,101.650,1,2.000,0
TOULOUSE MATABIAU,2018-03,3,0,96.470,0,2.000,3
TOULOUSE MATABIAU,2018-04,0,0,83.940,0,0.000,0
TOULOUSE MATABIAU,2018-05,0,0,109.980,0,0.000,1
TOULOUSE MATABIAU,2018-06,0,0,75.540,0,0.000,0
TOULOUSE MATABIAU,2018-07,0,6,94.280,1,0.000,0
TOULOUSE MATABIAU,2018-08,0,11,27.480,0,0.000,0
TOULOUSE MATABIAU,2018-09,0,1,27.150,0,0.000,0
TOULOUSE MATABIAU,2018-10,0,0,103.830,1,0.000,0
TOULOUSE MATABIAU,2018-11,1,0,64.170,0,0.000,1
TOULOUSE MATABIAU,2018-12,2,0,61.390,0,0.000,1
TOULOUSE MATABIAU,2019-01,13,0,91.960,0,2.000,3
TOULOUSE MATABIAU,2019-02,2,0,34.590,0,1.000,1
TOULOUSE MATABIAU,2019-03,3,0,21.070,0,0.000,1
TOULOUSE MATABIAU,2019-04,0,0,80.770,0,0.000,0
TOULOUSE MATABIAU,2019-05,0,0,94.890,1,0.000,0
TOULOUSE MATABIAU,2019-06,0,10,60.190,0,0.000,1
TOULOUSE MATABIAU,2019-07,0,13,58.270,1,0.000,0
TOULOUSE MATABIAU,2019-08,0,15,61.730,1,0.000,0
TOULOUSE MATABIAU,2019-09,0,1,31.690,0,0.000,0
TOULOUSE MATABIAU,2019-10,0,0,83.430,1,0.000,0
TOULOUSE MATABIAU,2019-11,2,0,174.310,0,0.000,4
TOULOUSE MATABIAU,2019-12,1,0,103.150,1,0.000,5
TOULOUSE MATABIAU,2020-01,5,0,53.570,0,0.000,1
TOULOUSE MATABIAU,2020-02,1,0,40.070,0,0.000,2
TOULOUSE MATABIAU,2020-03,1,0,87.050,0,0.000,3
TOULOUSE MATABIAU,2020-04,0,0,85.990,0,0.000,0
TOULOUSE MATABIAU,2020-05,0,0,91.160,2,0.000,3
TOULOUSE MATABIAU,2020-06,0,1,87.980,0,0.000,0
TOULOUSE MATABIAU,2020-07,0,9,18.080,0,0.000,0
TOULOUSE MATABIAU,2020-08,0,14,43.930,0,0.000,0
TOULOUSE MATABIAU,2020-09,0,5,89.800,1,0.000,1
TOULOUSE MATABIAU,2020-10,0,0,127.280,1,0.000,2
TOULOUSE MATABIAU,2020-11,1,0,33.590,0,0.000,1
TOULOUSE MATABIAU,2020-12,2,0,173.070,0,0.000,2
TOULOUSE MATABIAU,2021-01,14,0,83.140,0,4.000,3
TOULOUSE MATABIAU,2021-02,0,0,52.360,0,0.000,2
TOULOUSE MATABIAU,2021-03,4,0,18.320,0,0.000,0
TOULOUSE MATABIAU,2021-04,3,0,24.580,0,0.000,0
TOULOUSE MATABIAU,2021-05,0,0,57.540,0,0.000,1
TOULOUSE MATABIAU,2021-06,0,3,95.360,0,0.000,0
TOULOUSE MATABIAU,2021-07,0,5,59.430,0,0.000,1
TOULOUSE MATABIAU,2021-08,0,6,22.810,0,0.000,0
TOULOUSE MATABIAU,2021-09,0,5,94.220,1,0.000,0
TOULOUSE MATABIAU,2021-10,0,0,41.470,0,0.000,0
TOULOUSE MATABIAU,2021-11,0,0,114.180,1,0.000,0
TOULOUSE MATABIAU,2021-12,1,0,106.550,0,2.000,3
TOULOUSE MATABIAU,2022-01,19,0,54.610,0,0.000,2
TOULOUSE MATABIAU,2022-02,2,0,25.110,0,0.000,1
TOULOUSE MATABIAU,2022-03,1,0,58.640,0,0.000,3
TOULOUSE MATABIAU,2022-04,4,0,72.020,0,0.000,1
TOULOUSE MATABIAU,2022-05,0,4,18.610,0,0.000,0
TOULOUSE MATABIAU,2022-06,0,11,54.560,0,0.000,0
TOULOUSE MATABIAU,2022-07,0,20,29.100,1,0.000,0
TOULOUSE MATABIAU,2022-08,0,19,35.200,0,0.000,0
TOULOUSE MATABIAU,2022-09,0,6,73.990,0,0.000,1
TOULOUSE MATABIAU,2022-10,0,0,9.680,0,0.000,0
TOULOUSE MATABIAU,2022-11,0,0,126.590,0,0.000,3
TOULOUSE MATABIAU,2022-12,5,0,34.040,0,0.000,0
TOULOUSE MATABIAU,2023-01,13,0,95.770,1,4.000,3
TOULOUSE MATABIAU,2023-02,9,0,18.310,0,0.000,1
TOULOUSE MATABIAU,2023-03,6,0,53.580,0,0.000,4
TOULOUSE MATABIAU,2023-04,0,0,58.130,0,0.000,2
TOULOUSE MATABIAU,2023-05,0,0,78.590,0,0.000,0
TOULOUSE MATABIAU,2023-06,0,3,105.310,0,0.000,0
TOULOUSE MATABIAU,2023-07,0,12,36.180,0,0.000,0
TOULOUSE MATABIAU,2023-08,0,18,47.810,0,0.000,0
TOULOUSE MATABIAU,2023-09,0,12,52.820,0,0.000,0
TOULOUSE MATABIAU,2023-10,0,1,60.110,0,0.000,1
TOULOUSE MATABIAU,2023-11,1,0,136.040,1,0.000,4
TOULOUSE MATABIAU,2023-12,1,0,82.650,0,0.000,1
TOULOUSE MATABIAU,2024-01,8,0,44.920,0,0.000,1
TOULOUSE MATABIAU,2024-02,0,0,88.120,0,0.000,3
TOULOUSE MATABIAU,2024-03,0,0,75.810,0,0.000,0
TOULOUSE MATABIAU,2024-04,0,0,43.640,0,0.000,1
TOULOUSE MATABIAU,2024-05,0,0,95.300,0,0.000,0
TOULOUSE MATABIAU,2024-06,0,1,67.010,1,0.000,0
TOULOUSE MATABIAU,2024-07,0,13,37.290,0,0.000,0
TOULOUSE MATABIAU,2024-08,0,14,37.790,0,0.000,0
TOULOUSE MATABIAU,2024-09,0,0,94.610,0,0.000,0
TOULOUSE MATABIAU,2024-10,0,0,119.650,2,0.000,2
TOULOUSE MATABIAU,2024-11,0,0,49.050,0,0.000,3
TOULOUSE MATABIAU,2024-12,1,0,59.410,0,0.000,4
TOULOUSE MATABIAU,2025-01,8,0,34.720,0,0.000,2
TOULOUSE MATABIAU,2025-02,1,0,6.930,0,0.000,0
TOULOUSE MATABIAU,2025-03,2,0,31.000,0,0.000,4
TOULOUSE MATABIAU,2025-04,0,0,24.550,0,0.000,1
TOULOUSE MATABIAU,2025-05,0,2,26.160,0,0.000,0
TOULOUSE MATABIAU,2025-06,0,18,17.610,0,0.000,0
TOULOUSE MATABIAU,2025-07,0,11,20.790,0,0.000,0
TOULOUSE MATABIAU,2025-08,0,17,34.280,0,0.000,1
TOULOUSE MATABIAU,2025-09,0,5,20.310,0,0.000,0
TOULOUSE MATABIAU,2025-10,0,0,11.140,0,0.000,1
TOULOUSE MATABIAU,2025-11,3,0,29.090,0,0.000,0
TOULOUSE MATABIAU,2025-12,3,0,22.440,0,1.000,0
TOULOUSE MATABIAU,2026-01,7,0,44.010,0,0.000,2
TOULOUSE MATABIAU,2026-02,0,0,38.720,0,0.000,5
TOULOUSE MATABIAU,2026-03,0,0,17.210,0,0.000,2
TOULOUSE MATABIAU,2026-04,0,0,17.950,0,0.000,0
TOULOUSE MATABIAU,2026-05,0,10,23.330,0,0.000,1
TOULOUSE MATABIAU,2026-06,0,17,7.800,0,0.000,0
TOULOUSE MATABIAU,2026-07,0,27,3.350,0,0.000,0
TOULOUSE MATABIAU,2026-08,0,24,27.900,0,0.000,0
TOULOUSE MATABIAU,2026-09,0,8,18.720,0,,0
TOURCOING,2017-12,12,0,112.220,1,4.000,11
TOURCOING,2018-01,7,0,84.640,0,0.000,11
TOURCOING,2018-02,23,0,28.570,0,2.000,5
TOURCOING,2018-03,10,0,74.180,0,2.000,2
TOURCOING,2018-04,0,0,66.290,1,0.000,0
TOURCOING,2018-05,0,0,45.870,0,0.000,0
TOURCOING,2018-06,0,0,17.270,0,0.000,0
TOURCOING,2018-07,0,2,18.690,0,0.000,0
TOURCOING,2018-08,0,1,69.660,0,0.000,0
TOURCOING,2018-09,0,0,48.750,1,0.000,2
TOURCOING,2018-10,0,0,46.910,1,1.000,0
TOURCOING,2018-11,7,0,48.760,0,0.000,2
TOURCOING,2018-12,9,0,78.090,0,1.000,7
TOURCOING,2019-01,15,0,47.750,0,4.000,3
TOURCOING,2019-02,9,0,46.920,0,1.000,5
TOURCOING,2019-03,0,0,71.970,0,0.000,13
TOURCOING,2019-04,6,0,42.470,0,0.000,2
TOURCOING,2019-05,0,0,43.030,0,0.000,0
TOURCOING,2019-06,0,0,68.330,0,0.000,2
TOURCOING,2019-07,0,3,27.660,0,0.000,0
TOURCOING,2019-08,0,1,35.300,0,0.000,1
TOURCOING,2019-09,0,0,48.660,0,0.000,2
TOURCOING,2019-10,1,0,102.800,0,0.000,4
TOURCOING,2019-11,5,0,70.770,0,0.000,3
TOURCOING,2019-12,8,0,79.920,0,0.000,11
TOURCOING,2020-01,8,0,33.400,0,0.000,7
TOURCOING,2020-02,3,0,106.990,0,0.000,19
TOURCOING,2020-03,11,0,62.850,0,0.000,7
TOURCOING,2020-04,2,0,32.160,0,0.000,1
TOURCOING,2020-05,0,0,14.740,0,0.000,3
TOURCOING,2020-06,0,0,77.090,1,0.000,2
TOURCOING,2020-07,0,1,44.190,0,0.000,2
TOURCOING,2020-08,0,5,50.950,0,0.000,2
TOURCOING,2020-09,0,0,62.910,0,0.000,4
TOURCOING,2020-10,0,0,123.360,0,0.000,8
TOURCOING,2020-11,4,0,42.470,0,0.000,4
TOURCOING,2020-12,9,0,82.310,0,0.000,6
TOURCOING,2021-01,20,0,107.820,0,3.000,6
TOURCOING,2021-02,8,0,40.990,0,3.000,1
TOURCOING,2021-03,5,0,37.040,0,0.000,5
TOURCOING,2021-04,6,0,21.880,0,0.000,1
TOURCOING,2021-05,0,0,78.030,0,0.000,4
TOURCOING,2021-06,0,0,162.310,2,0.000,0
TOURCOING,2021-07,0,0,85.470,0,0.000,2
TOURCOING,2021-08,0,0,67.030,0,0.000,1
TOURCOING,2021-09,0,0,28.560,0,0.000,0
TOURCOING,2021-10,0,0,93.750,1,0.000,6
TOURCOING,2021-11,3,0,52.610,0,0.000,2
TOURCOING,2021-12,6,0,71.450,0,1.000,5
TOURCOING,2022-01,14,0,49.730,0,0.000,4
TOURCOING,2022-02,7,0,51.410,0,0.000,15
TOURCOING,2022-03,4,0,15.530,0,0.000,1
TOURCOING,2022-04,3,0,28.780,0,1.000,4
TOURCOING,2022-05,0,0,44.700,0,0.000,0
TOURCOING,2022-06,0,0,64.780,0,0.000,0
TOURCOING,2022-07,0,1,9.670,0,0.000,0
TOURCOING,2022-08,0,0,15.570,0,0.000,0
TOURCOING,2022-09,0,0,98.610,0,0.000,2
TOURCOING,2022-10,0,0,44.360,0,0.000,2
TOURCOING,2022-11,0,0,77.520,0,0.000,4
TOURCOING,2022-12,14,0,94.510,0,2.000,7
TOURCOING,2023-01,13,0,79.140,0,0.000,12
TOURCOING,2023-02,8,0,9.990,0,0.000,3
TOURCOING,2023-03,5,0,121.160,0,1.000,10
TOURCOING,2023-04,3,0,62.280,0,0.000,2
TOURCOING,2023-05,0,0,51.720,0,0.000,0
TOURCOING,2023-06,0,0,27.110,0,0.000,0
TOURCOING,2023-07,0,0,92.760,0,0.000,3
TOURCOING,2023-08,0,0,80.780,0,0.000,2
TOURCOING,2023-09,0,0,48.530,1,0.000,3
TOURCOING,2023-10,0,0,98.620,0,0.000,4
TOURCOING,2023-11,2,0,124.210,0,0.000,7
TOURCOING,2023-12,4,0,68.890,0,1.000,14
TOURCOING,2024-01,17,0,65.140,0,1.000,10
TOURCOING,2024-02,0,0,115.420,1,0.000,7
TOURCOING,2024-03,1,0,86.970,0,0.000,3
TOURCOING,2024-04,1,0,72.080,0,0.000,9
TOURCOING,2024-05,0,0,89.450,0,0.000,0
TOURCOING,2024-06,0,0,83.980,1,0.000,2
TOURCOING,2024-07,0,0,79.060,0,0.000,1
TOURCOING,2024-08,0,0,58.320,0,0.000,2
TOURCOING,2024-09,0,0,87.490,0,0.000,3
TOURCOING,2024-10,0,0,58.920,0,0.000,1
TOURCOING,2024-11,4,0,53.390,0,0.000,5
TOURCOING,2024-12,8,0,46.630,0,0.000,9
TOURCOING,2025-01,19,0,102.540,0,5.000,8
TOURCOING,2025-02,13,0,30.210,0,0.000,1
TOURCOING,2025-03,10,0,8.680,0,0.000,0
TOURCOING,2025-04,0,0,11.560,0,0.000,0
TOURCOING,2025-05,0,0,33.730,0,0.000,2
TOURCOING,2025-06,0,0,42.900,0,0.000,0
TOURCOING,2025-07,0,1,62.490,0,0.000,0
TOURCOING,2025-08,0,0,21.320,0,0.000,0
TOURCOING,2025-09,0,0,34.150,0,0.000,3
TOURCOING,2025-10,0,0,58.020,0,0.000,5
TOURCOING,2025-11,4,0,58.540,0,1.000,1
TOURCOING,2025-12,8,0,28.540,0,0.000,7
TOURCOING,2026-01,10,0,59.570,0,2.000,6
TOURCOING,2026-02,4,0,82.910,0,2.000,3
TOURCOING,2026-03,1,0,31.800,0,0.000,3
TOURCOING,2026-04,0,0,5.960,0,0.000,1
TOURCOING,2026-05,0,0,61.320,0,0.000,0
TOURCOING,2026-06,0,5,42.960,0,0.000,1
TOURCOING,2026-07,0,3,2.940,0,0.000,1
TOURCOING,2026-08,0,5,40.820,0,0.000,1
TOURCOING,2026-09,0,0,46.430,0,,0
TOURS,2017-12,8,0,76.190,0,1.000,8
TOURS,2018-01,0,0,104.420,0,0.000,10
TOURS,2018-02,19,0,50.890,0,5.000,1
TOURS,2018-03,7,0,93.180,0,1.000,2
TOURS,2018-04,0,0,66.070,1,0.000,2
TOURS,2018-05,0,0,50.850,0,0.000,0
TOURS,2018-06,0,1,83.020,1,0.000,0
TOURS,2018-07,0,5,43.400,0,0.000,0
TOURS,2018-08,0,10,26.810,0,0.000,0
TOURS,2018-09,0,1,12.950,0,0.000,1
TOURS,2018-10,0,0,44.810,0,0.000,1
TOURS,2018-11,4,0,87.050,0,0.000,3
TOURS,2018-12,9,0,80.610,0,1.000,6
TOURS,2019-01,18,0,45.240,0,2.000,4
TOURS,2019-02,10,0,30.590,0,1.000,3
TOURS,2019-03,0,0,60.410,0,0.000,8
TOURS,2019-04,5,0,36.490,0,0.000,0
TOURS,2019-05,0,0,53.320,0,0.000,2
TOURS,2019-06,0,4,63.780,0,0.000,1
TOURS,2019-07,0,6,14.840,0,0.000,0
TOURS,2019-08,0,4,32.680,0,0.000,1
TOURS,2019-09,0,1,37.590,0,0.000,2
TOURS,2019-10,0,0,119.530,1,0.000,3
TOURS,2019-11,2,0,127.170,0,0.000,4
TOURS,2019-12,8,0,97.140,0,0.000,8
TOURS,2020-01,7,0,45.320,0,0.000,4
TOURS,2020-02,2,0,73.350,0,0.000,8
TOURS,2020-03,5,0,75.270,1,0.000,5
TOURS,2020-04,2,0,37.400,0,0.000,1
TOURS,2020-05,0,0,57.310,0,0.000,1
TOURS,2020-06,0,1,70.130,0,0.000,1
TOURS,2020-07,0,3,6.670,0,0.000,0
TOURS,2020-08,0,8,39.900,0,0.000,1
TOURS,2020-09,0,4,34.600,0,0.000,2
TOURS,2020-10,0,0,97.880,0,0.000,6
TOURS,2020-11,2,0,23.360,0,0.000,1
TOURS,2020-12,5,0,125.270,0,0.000,5
TOURS,2021-01,17,0,70.620,0,3.000,3
TOURS,2021-02,8,0,51.460,0,1.000,2
TOURS,2021-03,8,0,18.460,0,0.000,2
TOURS,2021-04,7,0,14.230,0,0.000,0
TOURS,2021-05,0,0,88.940,0,0.000,4
TOURS,2021-06,0,1,103.390,0,0.000,1
TOURS,2021-07,0,0,56.510,0,0.000,0
TOURS,2021-08,0,2,18.870,0,0.000,1
TOURS,2021-09,0,2,35.160,0,0.000,0
TOURS,2021-10,0,0,59.170,0,0.000,6
TOURS,2021-11,7,0,34.370,0,0.000,1
TOURS,2021-12,7,0,80.550,0,0.000,5
TOURS,2022-01,16,0,32.290,0,0.000,3
TOURS,2022-02,9,0,24.130,0,0.000,6
TOURS,2022-03,3,0,24.420,0,0.000,2
TOURS,2022-04,4,0,40.000,0,0.000,3
TOURS,2022-05,0,0,21.040,0,0.000,0
TOURS,2022-06,0,4,68.350,0,0.000,0
TOURS,2022-07,0,9,12.010,0,0.000,0
TOURS,2022-08,0,11,26.080,0,0.000,0
TOURS,2022-09,0,2,51.370,0,0.000,1
TOURS,2022-10,0,0,47.070,0,0.000,1
TOURS,2022-11,0,0,64.750,0,0.000,5
TOURS,2022-12,13,0,52.400,0,1.000,6
TOURS,2023-01,11,0,65.370,0,1.000,4
TOURS,2023-02,12,0,14.130,0,0.000,2
TOURS,2023-03,7,0,67.200,0,0.000,9
TOURS,2023-04,2,0,39.370,0,0.000,2
TOURS,2023-05,0,0,39.290,0,0.000,0
TOURS,2023-06,0,2,41.730,0,0.000,0
TOURS,2023-07,0,4,48.310,0,0.000,2
TOURS,2023-08,0,7,39.910,0,0.000,2
TOURS,2023-09,0,8,60.430,0,0.000,0
TOURS,2023-10,0,0,96.930,0,0.000,6
TOURS,2023-11,2,0,97.030,0,0.000,8
TOURS,2023-12,5,0,51.380,0,0.000,4
TOURS,2024-01,14,0,46.700,0,2.000,7
TOURS,2024-02,1,0,77.060,0,0.000,6
TOURS,2024-03,1,0,75.220,0,0.000,3
TOURS,2024-04,0,0,42.460,0,0.000,3
TOURS,2024-05,0,0,103.540,0,0.000,0
TOURS,2024-06,0,0,81.370,0,0.000,0
TOURS,2024-07,0,2,41.290,0,0.000,1
TOURS,2024-08,0,4,48.630,0,0.000,1
TOURS,2024-09,0,0,91.300,1,0.000,4
TOURS,2024-10,0,0,111.330,1,0.000,1
TOURS,2024-11,2,0,51.680,0,1.000,4
TOURS,2024-12,7,0,35.120,0,0.000,3
TOURS,2025-01,16,0,85.710,0,1.000,12
TOURS,2025-02,9,0,22.580,0,0.000,1
TOURS,2025-03,3,0,21.770,0,0.000,0
TOURS,2025-04,0,0,22.830,0,0.000,1
TOURS,2025-05,0,0,12.490,0,0.000,0
TOURS,2025-06,0,11,13.390,0,0.000,1
TOURS,2025-07,0,7,32.620,0,0.000,1
TOURS,2025-08,0,13,18.080,0,0.000,0
TOURS,2025-09,0,1,24.040,0,0.000,4
TOURS,2025-10,0,0,29.400,0,0.000,5
TOURS,2025-11,6,0,28.870,0,1.000,0
TOURS,2025-12,8,0,24.210,0,0.000,4
TOURS,2026-01,11,0,41.040,0,2.000,4
TOURS,2026-02,2,0,56.720,0,1.000,5
TOURS,2026-03,2,0,18.810,0,0.000,2
TOURS,2026-04,0,0,2.570,0,0.000,0
TOURS,2026-05,0,8,30.640,0,0.000,0
TOURS,2026-06,0,16,6.270,0,0.000,1
TOURS,2026-07,0,21,7.930,0,0.000,0
TOURS,2026-08,0,15,28.790,0,0.000,2
TOURS,2026-09,0,1,17.390,0,,0
VALENCE ALIXAN TGV,2017-12,21,0,78.020,0,4.000,3
VALENCE ALIXAN TGV,2018-01,4,0,109.660,1,1.000,1
VALENCE ALIXAN TGV,2018-02,26,0,33.150,0,2.000,1
VALENCE ALIXAN TGV,2018-03,9,0,108.130,0,2.000,7
VALENCE ALIXAN TGV,2018-04,0,0,54.470,0,0.000,5
VALENCE ALIXAN TGV,2018-05,0,0,101.990,1,0.000,2
VALENCE ALIXAN TGV,2018-06,0,0,60.690,0,0.000,2
VALENCE ALIXAN TGV,2018-07,0,8,28.170,0,0.000,0
VALENCE ALIXAN TGV,2018-08,0,10,35.590,0,0.000,0
VALENCE ALIXAN TGV,2018-09,0,0,14.070,0,0.000,2
VALENCE ALIXAN TGV,2018-10,0,0,105.310,2,2.000,3
VALENCE ALIXAN TGV,2018-11,4,0,153.650,1,2.000,1
VALENCE ALIXAN TGV,2018-12,12,0,58.420,0,0.000,0
VALENCE ALIXAN TGV,2019-01,28,0,25.550,0,3.000,5
VALENCE ALIXAN TGV,2019-02,9,0,56.430,1,3.000,3
VALENCE ALIXAN TGV,2019-03,6,0,27.710,0,0.000,4
VALENCE ALIXAN TGV,2019-04,5,0,85.470,1,1.000,3
VALENCE ALIXAN TGV,2019-05,0,0,46.080,0,0.000,5
VALENCE ALIXAN TGV,2019-06,0,7,76.120,0,0.000,2
VALENCE ALIXAN TGV,2019-07,0,9,38.520,0,0.000,1
VALENCE ALIXAN TGV,2019-08,0,11,50.460,0,0.000,0
VALENCE ALIXAN TGV,2019-09,0,2,41.140,1,0.000,2
VALENCE ALIXAN TGV,2019-10,0,0,143.060,2,0.000,3
VALENCE ALIXAN TGV,2019-11,7,0,190.160,2,1.000,2
VALENCE ALIXAN TGV,2019-12,11,0,103.310,2,1.000,3
VALENCE ALIXAN TGV,2020-01,13,0,25.950,0,0.000,1
VALENCE ALIXAN TGV,2020-02,10,0,28.550,0,0.000,4
VALENCE ALIXAN TGV,2020-03,7,0,48.060,0,1.000,3
VALENCE ALIXAN TGV,2020-04,2,0,43.210,0,0.000,0
VALENCE ALIXAN TGV,2020-05,0,0,68.720,0,0.000,1
VALENCE ALIXAN TGV,2020-06,0,0,83.110,1,0.000,1
VALENCE ALIXAN TGV,2020-07,0,9,11.550,0,0.000,0
VALENCE ALIXAN TGV,2020-08,0,11,59.860,1,0.000,0
VALENCE ALIXAN TGV,2020-09,0,1,66.240,1,0.000,0
VALENCE ALIXAN TGV,2020-10,0,0,112.010,2,0.000,5
VALENCE ALIXAN TGV,2020-11,6,0,31.580,0,0.000,1
VALENCE ALIXAN TGV,2020-12,15,0,113.660,0,2.000,5
VALENCE ALIXAN TGV,2021-01,22,0,70.930,0,6.000,3
VALENCE ALIXAN TGV,2021-02,7,0,34.520,0,1.000,4
VALENCE ALIXAN TGV,2021-03,10,0,20.870,0,0.000,4
VALENCE ALIXAN TGV,2021-04,8,0,77.640,1,0.000,3
VALENCE ALIXAN TGV,2021-05,0,0,114.580,1,0.000,3
VALENCE ALIXAN TGV,2021-06,0,0,70.130,0,0.000,0
VALENCE ALIXAN TGV,2021-07,0,1,96.670,1,0.000,0
VALENCE ALIXAN TGV,2021-08,0,4,40.240,0,0.000,0
VALENCE ALIXAN TGV,2021-09,0,0,70.320,0,0.000,0
VALENCE ALIXAN TGV,2021-10,0,0,106.890,2,0.000,5
VALENCE ALIXAN TGV,2021-11,5,0,67.610,1,1.000,1
VALENCE ALIXAN TGV,2021-12,20,0,91.110,0,3.000,0
VALENCE ALIXAN TGV,2022-01,26,0,18.890,0,0.000,2
VALENCE ALIXAN TGV,2022-02,12,0,26.350,0,0.000,4
VALENCE ALIXAN TGV,2022-03,7,0,22.250,0,0.000,3
VALENCE ALIXAN TGV,2022-04,5,0,35.910,0,1.000,4
VALENCE ALIXAN TGV,2022-05,0,0,24.400,0,0.000,2
VALENCE ALIXAN TGV,2022-06,0,9,66.670,0,0.000,1
VALENCE ALIXAN TGV,2022-07,0,16,9.910,0,0.000,1
VALENCE ALIXAN TGV,2022-08,0,16,48.400,1,0.000,0
VALENCE ALIXAN TGV,2022-09,0,0,104.450,1,0.000,0
VALENCE ALIXAN TGV,2022-10,0,0,43.330,0,0.000,0
VALENCE ALIXAN TGV,2022-11,0,0,135.960,2,0.000,0
VALENCE ALIXAN TGV,2022-12,13,0,112.640,2,4.000,1
VALENCE ALIXAN TGV,2023-01,17,0,20.940,0,0.000,2
VALENCE ALIXAN TGV,2023-02,13,0,9.260,0,1.000,3
VALENCE ALIXAN TGV,2023-03,8,0,48.830,0,0.000,2
VALENCE ALIXAN TGV,2023-04,2,0,39.860,0,0.000,3
VALENCE ALIXAN TGV,2023-05,0,0,64.430,0,0.000,3
VALENCE ALIXAN TGV,2023-06,0,2,86.970,1,0.000,0
VALENCE ALIXAN TGV,2023-07,0,11,21.990,0,0.000,1
VALENCE ALIXAN TGV,2023-08,0,17,36.450,0,0.000,1
VALENCE ALIXAN TGV,2023-09,0,9,49.040,0,0.000,1
VALENCE ALIXAN TGV,2023-10,0,0,134.360,3,0.000,5
VALENCE ALIXAN TGV,2023-11,7,0,92.370,1,0.000,3
VALENCE ALIXAN TGV,2023-12,11,0,88.310,1,1.000,2
VALENCE ALIXAN TGV,2024-01,13,0,53.780,0,1.000,4
VALENCE ALIXAN TGV,2024-02,2,0,55.550,0,0.000,6
VALENCE ALIXAN TGV,2024-03,3,0,140.230,2,2.000,6
VALENCE ALIXAN TGV,2024-04,3,0,62.080,1,0.000,6
VALENCE ALIXAN TGV,2024-05,0,0,130.750,1,0.000,1
VALENCE ALIXAN TGV,2024-06,0,0,84.880,0,0.000,1
VALENCE ALIXAN TGV,2024-07,0,4,59.040,0,0.000,0
VALENCE ALIXAN TGV,2024-08,0,9,23.570,0,0.000,1
VALENCE ALIXAN TGV,2024-09,0,0,116.810,2,0.000,6
VALENCE ALIXAN TGV,2024-10,0,0,111.350,1,0.000,4
VALENCE ALIXAN TGV,2024-11,6,0,29.500,0,0.000,3
VALENCE ALIXAN TGV,2024-12,15,0,50.700,0,2.000,2
VALENCE ALIXAN TGV,2025-01,13,0,65.320,0,0.000,6
VALENCE ALIXAN TGV,2025-02,14,0,22.400,0,0.000,1
VALENCE ALIXAN TGV,2025-03,5,0,36.030,0,0.000,5
VALENCE ALIXAN TGV,2025-04,0,0,41.040,0,0.000,2
VALENCE ALIXAN TGV,2025-05,0,1,36.760,0,0.000,2
VALENCE ALIXAN TGV,2025-06,0,13,25.870,0,0.000,1
VALENCE ALIXAN TGV,2025-07,0,7,37.210,0,0.000,1
VALENCE ALIXAN TGV,2025-08,0,13,31.170,0,0.000,0
VALENCE ALIXAN TGV,2025-09,0,0,72.340,0,0.000,0
VALENCE ALIXAN TGV,2025-10,0,0,60.270,0,0.000,1
VALENCE ALIXAN TGV,2025-11,8,0,58.090,0,0.000,5
VALENCE ALIXAN TGV,2025-12,10,0,36.500,0,0.000,1
VALENCE ALIXAN TGV,2026-01,17,0,49.260,0,0.000,1
VALENCE ALIXAN TGV,2026-02,2,0,70.010,0,0.000,3
VALENCE ALIXAN TGV,2026-03,5,0,28.070,0,0.000,7
VALENCE ALIXAN TGV,2026-04,2,0,15.780,0,0.000,3
VALENCE ALIXAN TGV,2026-05,0,3,46.070,0,0.000,0
VALENCE ALIXAN TGV,2026-06,0,13,37.340,0,0.000,0
VALENCE ALIXAN TGV,2026-07,0,20,10.560,0,0.000,3
VALENCE ALIXAN TGV,2026-08,0,21,30.520,0,0.000,1
VALENCE ALIXAN TGV,2026-09,0,3,29.770,1,,0
VANNES,2017-12,0,0,101.060,0,0.000,12
VANNES,2018-01,0,0,101.320,0,0.000,12
VANNES,2018-02,10,0,58.500,0,0.000,7
VANNES,2018-03,4,0,106.260,1,0.000,7
VANNES,2018-04,0,0,48.830,0,0.000,2
VANNES,2018-05,0,0,34.960,0,0.000,1
VANNES,2018-06,0,0,104.270,1,0.000,0
VANNES,2018-07,0,0,47.540,0,0.000,1
VANNES,2018-08,0,2,40.650,0,0.000,0
VANNES,2018-09,0,0,11.730,0,0.000,4
VANNES,2018-10,0,0,39.800,0,0.000,4
VANNES,2018-11,0,0,121.090,0,0.000,7
VANNES,2018-12,1,0,116.070,1,0.000,10
VANNES,2019-01,3,0,41.740,0,0.000,4
VANNES,2019-02,1,0,58.130,0,0.000,6
VANNES,2019-03,0,0,50.210,0,0.000,13
VANNES,2019-04,0,0,63.000,0,0.000,2
VANNES,2019-05,0,0,41.220,0,0.000,3
VANNES,2019-06,0,1,62.510,0,0.000,1
VANNES,2019-07,0,1,13.270,0,0.000,2
VANNES,2019-08,0,0,48.210,0,0.000,3
VANNES,2019-09,0,0,56.710,0,0.000,6
VANNES,2019-10,0,0,132.890,0,0.000,5
VANNES,2019-11,0,0,172.470,0,0.000,10
VANNES,2019-12,2,0,118.300,0,0.000,13
VANNES,2020-01,2,0,84.240,1,0.000,7
VANNES,2020-02,0,0,106.340,0,0.000,15
VANNES,2020-03,0,0,66.390,0,0.000,9
VANNES,2020-04,0,0,55.280,0,0.000,2
VANNES,2020-05,0,0,37.030,0,0.000,3
VANNES,2020-06,0,0,86.290,1,0.000,2
VANNES,2020-07,0,0,10.610,0,0.000,2
VANNES,2020-08,0,2,61.990,0,0.000,3
VANNES,2020-09,0,0,45.230,0,0.000,2
VANNES,2020-10,0,0,146.540,2,0.000,10
VANNES,2020-11,0,0,42.270,0,0.000,4
VANNES,2020-12,0,0,155.290,0,0.000,10
VANNES,2021-01,9,0,80.730,0,1.000,6
VANNES,2021-02,7,0,55.140,0,2.000,6
VANNES,2021-03,4,0,16.700,0,0.000,5
VANNES,2021-04,0,0,18.530,0,0.000,0
VANNES,2021-05,0,0,57.970,0,0.000,12
VANNES,2021-06,0,0,77.160,0,0.000,1
VANNES,2021-07,0,0,58.730,0,0.000,3
VANNES,2021-08,0,0,33.770,0,0.000,2
VANNES,2021-09,0,0,35.550,0,0.000,1
VANNES,2021-10,0,0,95.830,1,0.000,6
VANNES,2021-11,0,0,26.810,0,0.000,3
VANNES,2021-12,3,0,83.930,0,0.000,9
VANNES,2022-01,8,0,45.860,0,0.000,3
VANNES,2022-02,1,0,29.820,0,0.000,10
VANNES,2022-03,1,0,32.310,0,0.000,5
VANNES,2022-04,1,0,39.680,0,0.000,4
VANNES,2022-05,0,0,19.800,0,0.000,0
VANNES,2022-06,0,2,59.970,0,0.000,3
VANNES,2022-07,0,4,5.500,0,0.000,0
VANNES,2022-08,0,5,36.500,0,0.000,0
VANNES,2022-09,0,0,43.710,0,0.000,4
VANNES,2022-10,0,0,55.160,0,0.000,5
VANNES,2022-11,0,0,120.140,0,0.000,13
VANNES,2022-12,8,0,104.880,0,0.000,10
VANNES,2023-01,6,0,80.280,0,0.000,9
VANNES,2023-02,5,0,12.710,0,0.000,1
VANNES,2023-03,3,0,97.640,0,0.000,14
VANNES,2023-04,0,0,45.980,0,0.000,3
VANNES,2023-05,0,0,24.680,0,0.000,1
VANNES,2023-06,0,0,28.280,0,0.000,0
VANNES,2023-07,0,0,57.990,0,0.000,4
VANNES,2023-08,0,1,46.890,0,0.000,3
VANNES,2023-09,0,0,71.610,1,0.000,1
VANNES,2023-10,0,0,109.530,0,0.000,10
VANNES,2023-11,0,0,115.690,1,0.000,14
VANNES,2023-12,0,0,76.660,0,0.000,7
VANNES,2024-01,11,0,72.360,1,1.000,9
VANNES,2024-02,0,0,90.880,0,0.000,9
VANNES,2024-03,0,0,82.210,0,0.000,8
VANNES,2024-04,0,0,65.730,0,0.000,8
VANNES,2024-05,0,0,82.000,0,0.000,0
VANNES,2024-06,0,0,85.140,2,0.000,2
VANNES,2024-07,0,0,62.540,1,0.000,0
VANNES,2024-08,0,0,37.840,0,0.000,1
VANNES,2024-09,0,0,82.520,1,0.000,5
VANNES,2024-10,0,0,108.100,1,0.000,2
VANNES,2024-11,0,0,61.730,0,1.000,5
VANNES,2024-12,1,0,30.730,0,0.000,7
VANNES,2025-01,10,0,120.220,0,0.000,13
VANNES,2025-02,2,0,23.980,0,0.000,2
VANNES,2025-03,0,0,16.240,0,0.000,1
VANNES,2025-04,0,0,24.360,0,0.000,1
VANNES,2025-05,0,0,19.200,0,0.000,0
VANNES,2025-06,0,3,18.770,0,0.000,1
VANNES,2025-07,0,0,42.580,0,0.000,2
VANNES,2025-08,0,3,13.800,0,0.000,2
VANNES,2025-09,0,0,28.120,0,0.000,7
VANNES,2025-10,0,0,37.480,0,0.000,8
VANNES,2025-11,0,0,34.400,0,0.000,7
VANNES,2025-12,8,0,43.080,0,0.000,8
VANNES,2026-01,6,0,76.680,0,0.000,12
VANNES,2026-02,0,0,74.610,0,0.000,10
VANNES,2026-03,0,0,19.530,0,0.000,3
VANNES,2026-04,0,0,6.360,0,0.000,3
VANNES,2026-05,0,2,38.320,0,0.000,1
VANNES,2026-06,0,6,10.330,0,0.000,4
VANNES,2026-07,0,13,1.080,0,0.000,0
VANNES,2026-08,0,7,20.270,0,0.000,1
VANNES,2026-09,0,0,29.730,0,,1
ZURICH,2017-12,26,0,150.310,1,15.000,2
ZURICH,2018-01,6,0,182.670,2,7.000,10
ZURICH,2018-02,28,0,71.370,0,7.000,1
ZURICH,2018-03,13,0,99.040,0,7.000,0
ZURICH,2018-04,0,0,34.740,0,0.000,0
ZURICH,2018-05,0,0,120.100,1,0.000,0
ZURICH,2018-06,0,0,110.770,2,0.000,0
ZURICH,2018-07,0,0,60.300,0,0.000,0
ZURICH,2018-08,0,0,119.740,1,0.000,0
ZURICH,2018-09,0,0,85.590,0,0.000,1
ZURICH,2018-10,0,0,79.280,1,4.000,0
ZURICH,2018-11,9,0,28.560,0,1.000,0
ZURICH,2018-12,18,0,183.020,3,4.000,7
ZURICH,2019-01,29,0,118.820,1,14.000,2
ZURICH,2019-02,19,0,48.560,0,4.000,1
ZURICH,2019-03,8,0,93.490,0,2.000,5
ZURICH,2019-04,3,0,82.300,0,2.000,0
ZURICH,2019-05,1,0,190.440,3,2.000,3
ZURICH,2019-06,0,1,103.170,1,0.000,0
ZURICH,2019-07,0,0,124.090,1,0.000,0
ZURICH,2019-08,0,0,153.930,3,0.000,0
ZURICH,2019-09,0,0,103.960,0,0.000,1
ZURICH,2019-10,0,0,167.450,2,0.000,0
ZURICH,2019-11,15,0,99.350,0,2.000,0
ZURICH,2019-12,17,0,109.820,0,6.000,2
ZURICH,2020-01,21,0,52.560,0,3.000,2
ZURICH,2020-02,12,0,149.840,0,4.000,10
ZURICH,2020-03,15,0,80.360,0,5.000,5
ZURICH,2020-04,4,0,42.470,0,0.000,0
ZURICH,2020-05,0,0,117.320,1,0.000,1
ZURICH,2020-06,0,0,197.900,2,0.000,1
ZURICH,2020-07,0,0,95.620,0,0.000,0
ZURICH,2020-08,0,0,211.920,6,0.000,0
ZURICH,2020-09,0,0,94.580,1,0.000,1
ZURICH,2020-10,0,0,144.970,1,2.000,0
ZURICH,2020-11,9,0,31.210,0,0.000,0
ZURICH,2020-12,24,0,108.860,0,11.000,0
ZURICH,2021-01,26,0,199.220,2,19.000,2
ZURICH,2021-02,14,0,61.570,0,4.000,1
ZURICH,2021-03,18,0,74.170,0,4.000,1
ZURICH,2021-04,11,0,45.810,0,4.000,1
ZURICH,2021-05,0,0,180.650,2,2.000,0
ZURICH,2021-06,0,0,220.340,2,0.000,0
ZURICH,2021-07,0,0,281.800,5,0.000,0
ZURICH,2021-08,0,0,144.220,1,0.000,0
ZURICH,2021-09,0,0,71.330,0,0.000,0
ZURICH,2021-10,0,0,50.770,0,0.000,1
ZURICH,2021-11,12,0,69.000,0,6.000,1
ZURICH,2021-12,23,0,132.220,2,7.000,1
ZURICH,2022-01,27,0,54.520,0,9.000,0
ZURICH,2022-02,18,0,99.370,0,4.000,8
ZURICH,2022-03,13,0,21.500,0,0.000,0
ZURICH,2022-04,6,0,101.340,0,3.000,3
ZURICH,2022-05,0,0,98.850,1,0.000,0
ZURICH,2022-06,0,0,152.740,1,0.000,0
ZURICH,2022-07,0,0,78.950,1,0.000,0
ZURICH,2022-08,0,0,155.100,2,0.000,0
ZURICH,2022-09,0,0,173.730,1,0.000,0
ZURICH,2022-10,0,0,102.870,0,0.000,0
ZURICH,2022-11,2,0,91.040,0,0.000,0
ZURICH,2022-12,19,0,100.500,1,8.000,1
ZURICH,2023-01,18,0,55.510,0,2.000,0
ZURICH,2023-02,14,0,41.920,0,4.000,2
ZURICH,2023-03,13,0,132.940,0,2.000,6
ZURICH,2023-04,5,0,152.370,2,2.000,1
ZURICH,2023-05,0,0,134.410,0,0.000,0
ZURICH,2023-06,0,0,50.660,0,0.000,0
ZURICH,2023-07,0,0,164.470,2,0.000,0
ZURICH,2023-08,0,0,193.740,2,0.000,1
ZURICH,2023-09,0,0,62.740,1,0.000,0
ZURICH,2023-10,0,0,112.500,1,0.000,0
ZURICH,2023-11,8,0,245.750,1,7.000,5
ZURICH,2023-12,12,0,185.700,2,5.000,5
ZURICH,2024-01,17,0,122.120,0,7.000,4
ZURICH,2024-02,2,0,76.880,0,0.000,0
ZURICH,2024-03,1,0,137.690,1,2.000,1
ZURICH,2024-04,5,0,112.520,0,5.000,2
ZURICH,2024-05,0,0,230.320,5,0.000,0
ZURICH,2024-06,0,0,186.900,2,0.000,0
ZURICH,2024-07,0,0,144.460,0,0.000,0
ZURICH,2024-08,0,0,99.330,1,0.000,0
ZURICH,2024-09,0,0,190.680,2,0.000,0
ZURICH,2024-10,0,0,121.260,1,0.000,1
ZURICH,2024-11,10,0,83.680,0,3.000,2
ZURICH,2024-12,23,0,96.980,1,8.000,2
ZURICH,2025-01,21,0,128.010,1,7.000,1
ZURICH,2025-02,20,0,37.600,0,2.000,0
ZURICH,2025-03,8,0,56.180,0,2.000,0
ZURICH,2025-04,2,0,56.880,0,0.000,1
ZURICH,2025-05,0,0,115.940,0,0.000,0
ZURICH,2025-06,0,0,110.880,2,0.000,1
ZURICH,2025-07,0,0,220.960,1,0.000,0
ZURICH,2025-08,0,0,152.240,3,0.000,0
ZURICH,2025-09,0,0,175.940,2,0.000,0
ZURICH,2025-10,0,0,107.820,1,0.000,4
ZURICH,2025-11,12,0,104.940,2,5.000,0
ZURICH,2025-12,15,0,22.230,0,0.000,1
ZURICH,2026-01,26,0,49.820,0,7.000,0
ZURICH,2026-02,10,0,120.150,0,5.000,3
ZURICH,2026-03,8,0,70.070,0,8.000,1
ZURICH,2026-04,2,0,27.760,0,0.000,0
ZURICH,2026-05,0,0,75.130,0,0.000,0
ZURICH,2026-06,0,2,82.180,0,0.000,0
ZURICH,2026-07,0,1,70.360,1,0.000,0
ZURICH,2026-08,0,2,105.000,1,0.000,0
ZURICH,2026-09,0,0,27.440,0,,0
